id	text	Anger	Disgust	Fear	Sadness	Joy	Surprise
amh_train_track1_1	ይቺን ሴትዮ ማነው ደግሞ የላከብን የቋንቋውን ጦርነት ከሀገራዊ ወደ አፍሪካዊ ከፍ ልታረገው አስባ ይመስላል	1	1	0	0	0	0
amh_train_track1_2	ለመንግስት ቁዋሚ ተጠሪ ሆነዋል ሃጂ ልጅዎት የተገደለው ባለው መንግስት ነው ጥሩ መንግስትና ስርአት ቢኖር ኖሮ ልጅዎት ታግቶ ለሞት አይበቃም ነበር ነገ በርስዎ ይመጣል	1	0	0	0	0	0
amh_train_track1_3	በጣም አስቀያሚ ፊልም የፊልሙ አስቀያሚ ጉሩሩ በሰው ድካም የምትገባ የማትረባ ናት ጉልፈን መጨረሻ ያዛዝናልአይገባትም ነበር	0	1	0	1	0	0
amh_train_track1_4	ሌላ ብሄር የሌለበት የአንድ ብሄር የፅንፈኛ ስብስብ ያሳፍራል የኢትዮጵያዊነት እና የሃይማኖት ጭምብል!በአንድ ብሄር የተደራጁ የፅንፈኞች	0	1	0	0	0	0
amh_train_track1_5	አዬ እስማኤል ጥፍሯ አለ አይ ፍቅር እውር እኮ ነው ይሄ የማይረባ አሰቃየን እኮ	0	1	0	0	0	0
amh_train_track1_6	እሷ ማነች አርቲስት አይደለች እንዴ በጣም ያሳዝናል ትንቢት ተናጋሪ ነኝ ማለትሽ ከሆነ ሀሰተኛ ነብይ ነኝ ባዮች ይነሳሉ ጌታ ስላለ ቃሉ ሊፈፀም የግድ ነው ማስተዋል ይስጥሽ	0	0	0	1	0	0
amh_train_track1_7	በአሜሪካዋ ከተማ ካንሳስ በስፖርታዊ ዝግጅት ላይ በተከፈተ ተኩስ አንድ ሰው ሲገደል 21 ቆሰሉ	0	0	0	1	0	0
amh_train_track1_8	አለም ምንያህ ኢፍትሀዊ ዲሞክራሲን የሚያቀነቅኑ የምእራባዊያን ሀገራትም ምንያህል መናፊቅ አታላይና ቀጣፊ ጨካኝና አረመኔ እየሆኑ ነው? የኢራቅ የፊሊስቲን የአፍጋንና የሌሎች ንፁሀን ደም መፍሰስ የሀገራት መፍረስ በቀጥታ ተሳታፊዎች ናቸው አሁን በፍፁም ስለ ፖለስታየን ንፁሀን ደም እዲፈስ ይተባበራሉ ስለገዳይ አረመኔ እስራኤል ያነባሉ	0	1	0	0	0	0
amh_train_track1_9	Semira Hesen ፕራንክ ነው እዳይል ነው የፈራሁለት😂	0	0	1	0	0	0
amh_train_track1_10	ወደ ሞት ጉዞ: የኢትዮጵያውያን የስደት ጉዞ በጂቡቲ በረሃ	0	0	0	1	0	0
amh_train_track1_11	ድንገቴዎች፣ አሁን ድንገት ትዝ አላቹ እስከ ዛሬ የት ነበራቹ? የአንድ ሳንቲም አምሳያዎች ሁላ!?	1	0	0	0	0	0
amh_train_track1_12	ይሄንን አባት በዚህ ሚዲያ ድጋሚ ነው ወይም የበፊቱን ነው ድጋሚ ያቀረባችሁት የልጁ ሀዘን የጎዳው አንሶ ደጋግማችሁ ልቡን አትስበሩት እግዚአብሔር ያበርታው የልጁን ነፍስ በገነት ያኑረው	0	0	0	1	0	0
amh_train_track1_13	ሃይማኖታችን ሃይማኖት እንጂ ሃገር አይደለችም! የመፈክር አመክንዮ እዛው።	1	0	0	0	0	0
amh_train_track1_14	ለምን የሌለንንን ባሕሪ እናደርጋለን ምን ያሕል ልቧን እንደስበርካት እንዳንድ ስዎች ለምን ይሕን ነገር ትጠቀማላችሑ ለናንተ ፕራንክ አላችሑት ሚስትሕ ግን ልቧን ከስበርክ በሖላ ጥሩ ኑሮ ምትኖሩ ይመስላችሖል በተለይ ለታማኝ ሚስት ወይም ባል ይሕ ነገር እይታስብም ቀዳዳዳ መፍጠር ማለት ነው በትዳራችሑ እና እስቡበት	0	0	0	1	0	0
amh_train_track1_15	እኔ ፊልሚ ነው ወይስ እውነተኛ ታሪክ ነው እያልሁ በጣም ግራ ገብቶኝ ነበር ለካ ፕራንክ ነው ይመቻቺሁ	0	0	0	0	1	1
amh_train_track1_16	ይሄ Media የደደደብ ጥርቅም ነው ኤርሚያስ እልም ያልክ ደደደብ ነህ አዘንኩ ለባለቤትክ እንዴት እንደምትኖር በፍፁም አብይን ለመንቀፍ ዋጋ የለህም ምክንያቱም መሀይም ነህ አንተን እና እስክንድርን & ጃዋርን እሚከተል ዘረኛ ስሜታዊ መሀይም ከ 3ቱ አያልፉም አንተ እንኳን poltica ለምንም አትንም የሆንክ እከካም በጣም ስለምታስጠላኝ ሹጣም ነህ🖕🏿	0	1	0	0	0	0
amh_train_track1_17	ትግራይ ከዓመታት በኋላ የትንሳኤ በዓልን ያለ ስጋት አከበረች! ሰላም ለሁሉም!	0	0	0	0	1	0
amh_train_track1_18	ጋዛ፡ “የት እንድንሄድ ነው የሚፈልጉት? እንዲህ ሆነን የት እንሂድላቸው?”	0	0	0	1	0	0
amh_train_track1_19	የአምናን ሰው ወቀስኩት አፌ ልጓም የለው የዘንድሮ ባሰ እጅ እግር የሌለው  ዘንድሮ የምንሰማው የምናየው ሁሉ የከፋ ነው	0	0	0	1	0	0
amh_train_track1_20	ወራሪ ሰዉበላ እስራኤልና አጋሮቿ አላህ የዱንያ ዉርደት እና ስቃይ ያድርስባቸዉ መድረሻ ቢሶች ባስጠጓቸዉ በሉቸዉ ዉሾች ናዚ ልክ ነበር እነዚ ምድር በካዮች የነቢያት ገዳዮች ፈጣሪ ለተአምሩ ነዉ ያስቀመጣቸው በሚሰሩት ግፍ ያገኙታል በሰዉኛ እይታ አሁን ስለምንል ነዉ እጂ ቅርብ ነዉ ድል ለጀግኖቹ	1	1	0	0	0	0
amh_train_track1_21	ጃዋር ህውህትም ይለውጡ ክፍል ነው ይላል በለውጡ ስአት ግን ያዙኝ ልቀቁኝ ባይ ከእር በታች እሱና ቄሮ የከፈለው መስዋዕትነት ነው እያለ ነበር የተናገረው እናማ አሁን ላይ የሚናገረው ንግግር ባዶ ነው ምንም ነገር እርባና ያለው ውይይት አላገኘውበትም ድንገት ሁለተኛው ክፍል ይሻል ይሆን ያ የድሮው ጃዋር የለም 	1	0	0	0	0	0
amh_train_track1_22	በመጀመሪያ በደም የተጨማለቀውን እጅህን አፅዳ በቦሮና የተራቡትን እርዳ የሰው ሴጣን ዘረኛ የበታችነት ስሜት የሚሰቃይ	1	1	0	0	0	0
amh_train_track1_23	ይሄን ጥያቄ ጠይቅ! አሁን እያደረግህ ያለኸውን ነገር እያደረግኸው ያለኸው ለምንድን ነው? ሰዎች አድርግ ስላሉህ? ይሄን ማድረግ ይገባኛል ብለህ ታስብ ስለነበረ ? ወይንስ ድንገት አ	0	0	0	0	0	0
amh_train_track1_24	ፈጣሪ የባረከው ቤተሠብ ጥሩ ልጅ ማሠደግ ትርፉ ይሔ ነው ባረከልሽ	0	0	0	0	1	0
amh_train_track1_25	በኤርትራዊያን መከፋት አልፈርድባቺሁም አብይ ነገሮችን ያበላሻቸው ተነጋግሮ መጨረስ ሲችል ሚዲያ ላይ ወቶ መፎከርን ምን አመጣው ከእውቀት ነፃ የሆነ ሰው እየመራን ስለሆነ ብዙም አትናደደ ኤረይ 	0	1	0	0	0	0
amh_train_track1_26	እንደዚ ኣርጎ እየዘረፊ ንፁህ ህዝብ እየጨፊጨፊ የውጭሃይል ?የኢትዮጵያ ህዝብ ይሁን ፖለቲከኛ ለምን ይወጣል እንጂ ይውጣ የሚል እስካሁን ኣልስማንም ኣረ ድሩድሩ ይሳተፍ የሚልም ኣለ ያማል !	1	0	0	1	0	0
amh_train_track1_27	ሃጫሉን አስበላው አንተና በቀለ ገርባ ከመስከረም ሰላሳ በሃላ መንግስት የለም ጠይቀው እስኪ ያስጨፈጨፍካቸው የደቡብ ልጆች ደማቸው ይፋረድሃል oromya with out of Ethiopia ብሎ ይህንን መንጋ ነዳው የአይልቀይዳ እና Isis ጭንቅላት ከነሱ ይከፉ ናቸው ኦሮሞ ሙስሊሞች አሁንማ አሜሪካና ካናዳ ልታባርራቸው ነው ሁሉንም 	1	1	0	0	0	0
amh_train_track1_28	ግን ኬኒያን ብዙም አትመኗት ሞያሌ ላይ ድንገት መዝጋቷ አይቀርም፣ሩጫው ደግሞ የማራቶን እንዳይመስልህ	0	0	1	0	0	0
amh_train_track1_29	ማሌዢያ ውስጥ አንድ የግል አውሮፕላን በመኪና መንገድ ላይ ተከስክሶ 10 ሰዎች ሞቱ	0	0	0	1	0	0
amh_train_track1_30	ዘሩባበል እውቀት ያንሰዋል እየተመላለሰ በኣንድ ኣጋጣሚ ኮ ወደብ ነበረን እያለክ ነው ኣየህ ከሃይለስላሴ እና በፊት የነበረ ታሪኩ ኣያውቅም በደንብ ታሪክ ማወቅ ኣለበት በገዢዎች ተንኮታኩተን ስለነበርን ሌላ ገዢ ከሚያስቸግረን ኣባቶቻችን በፈደረሽን ከኢትዮጵያ ብንቆይ ይሻላል ብለን ነበር ከበፊት የነበሩ የባሰ ሆነብን ከዛ ነን ትግል የጀመርን ኣገራችን በትግል ከተቆጣጠርን የበለጠ እውቅና እንድናገኝ በረፈረንደም ሙሉ በሙሉ ኤርትራ ነጻ ሃገር ሆ	1	1	0	0	0	0
amh_train_track1_31	የክርስቲያን ደሴት እየተባለ በሀገራችን ኢትዮጵያ በክርስቲያኖች ላይ ስደትና ግድያ እየተበራከተ ነው በጣም ያሳዝናል 	0	0	0	1	0	0
amh_train_track1_32	የኢትዮጵያ ኢኮኖሚ የሚገርም ባህሪ እንዳለው ለማወቅ ኮቪድ፤ የጠሚ አብይ ቅጥ ያጣ እጅግ ብዙ ወጭ፤ በአፍሪካ ትልቁን ጦርነት አስተናግዶ እና ዩክሬንሩሲያ ግጭት ጋር	0	0	0	0	0	1
amh_train_track1_33	አንዲት የገጠር መንደርን ከሕጻናት ቤተ መጽሐፍት ጋር ያስተዋወቀችው መምህርት	0	0	0	0	1	0
amh_train_track1_34	 ሰለ ሁሉም ነገር ህያው አምላክ እግዚአብሔር ይመስገን አንድ እውነት ላረጋግጥላቹ ውድ ኢትዮጵያዊያን ለሃገሬ ሰዎች በብልፅግና ስርአት ከዚ የከፋ ለኑሮ ውድነት ለሁሉም ነገር ከፈጣሪጋ እራሳችሁን አዘጋጁ	0	0	0	1	0	0
amh_train_track1_35	ሁሉሁም የአለም TV ዜና የምትሰጡትና ጋዜጤኛ በኤሪትራ አገር ከመናገር አሰቀድሞ የኤሪትራ ታሪክ አውቃቹ ተናገሩና ጻፉ ብዙ በይሆናል ብላቹ ባልሆነ ውሸት እየገባቹ አትናገሩ እናንተ ብቻ ሳትሆኑ የኢትዬጵያ ምሁራን ነን የሚሉትን ጭምር  የኛ ኤሪትራውያን ባጭሩ ታሪካችን እኛ ኤሪትራውያን ከ1958 ዓም አስከ 1991 ዓም የኢትዬጵያ ቀኝ ግዛት ነበርን እንጂ ኢትዬጵያውያን ሆነን አናቅም የኤሪትራና የኢትዬጵያ ታሪካችን ብታቁ ያፋቅረናል እንጂ 	1	1	0	0	0	0
amh_train_track1_36	ነግ አንድ ነገር ብታገኙባቸው የስድብ አፋችሁን ትከፍታላችሁ አስመሳይ ሁላ	1	1	0	0	0	0
amh_train_track1_37	በብአዴን ቤት ካልሆነ በቀር ውሃ ቁልቁል እንጂ ወደላይ አይፈስም እንደ ደንቡ ከሆነ በህወሓት ወረራ እጅግ ከባድ ሰብአዊ እና ቁሳዊ ጉዳት የደረሰበት የአማራ ህዝ	1	0	0	0	0	0
amh_train_track1_38	ሰበር አሳዛኝ ዜናሼር ይደረግ! ከደሴ አቅጣጫ በአውቶብስ ተጭነው ወደ ደብረብርሃን በማቅናት ላይ የነበሩ የአማራ ልዮ ኃይል አባላት ጀዋሃ ሲደርሱ ድንገት በኦሮሞማ መንግስት ሽ	0	0	0	1	0	0
amh_train_track1_39	ይቅርታ መጠየቃቸዉ ደስ ቢያሰኝም ድሮ የተፈታ የቋንቋ ችግርን እንደምክንያት አድርገዉ ተዋሕዶን ለመከፋፈል የመጡት የሽመልስ አብዲሳ እና የዐቢይ አሕመድ ዐቅድ ሳይሳካ	0	1	0	0	1	0
amh_train_track1_40	ናዚ እዉነት ነበረች ብዬ አመንኩየ አይሁድ ክፋት ወደፊት ታያላቹየተረፋት ን ማለቱ ነዉእሄዉ ትራፊዎቹ የና ዚን ትንቢት ሆነአንተ አታስተባብልህዝብን ሳይሆን መንግስትንነዉአሜርካና እስራኤል እቅድ ሲኖራቸዉ ኢራን እስራኤል የምትባል ሀገር የለም አለች ትርክትደንቆሮ አደረገው የፍልስጢን ህዝብን አጥፍተዉ መኖር ስለ ሚፈልጉ ስለሆነ ታፔላ ኢራን ላይ መለጠፍ ሴራቸዉ ነዉአሁንማ ተገለጠ ምእራቡም አፍረዉ ዝም አሉህዝባቸዉም የመንግስት	1	0	0	0	0	0
amh_train_track1_41	የኦሮሞ እና የትግሬ ፅንፈኛ ፖለቲከኛች አማርኛ ቋንቊን ሲያጥላሉ ይሰማሉ። ነገር ግን ሃሳባቸው በሰፊው ህዝብ እንዲደመጥላቸው ሲፈልጉ እና የከፋ ቀን ሲመጣባቸው እራሳቸውን ለመደበቅ።አማርኛ ቋንቋ ባለውለታቸው ነው ።	1	0	0	0	0	0
amh_train_track1_42	በሌላ በኩል ያለውን እሳትም ማየት ጥሩ ነዉ። ከአማራ ደቡብ ያለውን ንቃችሁ ከሆነ ትምክህት ነው።	0	1	0	0	0	0
amh_train_track1_43	ህፃናቶቹ ደሞ ምን ይሰራሉ አልሀምዱሊላህ አለ ኒዕመተል ኢስላም ወላሂ እንኳን ህፃን ልጅ ሴቶች ራሱ መቃብር ቦታ መሄድ ክልክል ነው ምክናያቱም ስለማይችሉ ሀዘን ስለሚጎዳቸው	0	0	0	1	0	0
amh_train_track1_44	እልልል !!! ማሻላህ ጥሩ ነገር ይዞልን ይምጣ ፡፡፡	0	0	0	0	1	0
amh_train_track1_45	መፍትሔው ልክ እንደ ዐማራ ፋኖ ተደራጅተህ ራስህንም እምነትህንም ማርከበር ነው የሚገልህን መግደል ነው መፍትሔው አታላዝኑብን	1	1	0	0	0	0
amh_train_track1_46	ሀገር በተንኮል በሴራ የህዝብን ስጋት ጆሮ ዳባ ልበስ በማለት እንዱን ብሄር በአንዱ ላይ በማስነሳት በማሳደድ በእኔ አውቅለሃለሁ በአምባገነንነት በማፈን በማሸማቀቅ በመደብድብ	1	0	0	0	0	0
amh_train_track1_47	የኢትዮጵያ ምሁራን የምትባሉ ታሪካቹን እወቁ የተረትተረት ታሪካቹ አቁሙ ኤርትራ በታሪካችን በደንብ የምናውቅ ነን ንጉሳቹ ሃይለስላሴ ክፉ መሪ ከእንግሊዝ ጋር ተስማምቶ ያለ አገሩ ወራሪ ነበሩ ኤርትራ መሬታ እንጅ ሰነዋሪዎቻ አያስፈልጉንም ያለ ሰው ነው በሃይል የተቀማች ወደ ባለቤትነታ ተመልሳለች	1	0	0	0	0	0
amh_train_track1_48	ወደድንም ጠላንም እንደ ዶር አብይ አይነት መሪ ሀገራችን ዳግም የምታገኝበት ቀን ሊናፍቃት ስለሚችል ልንደግፈው ይገባል ጀግንነቱና ቆራጥ የአመራር ብቃቱን ሳላደንቅ አላልፍም በቃ ይችላል ፈታሪ ጠላቶቹን ያውድም	0	0	0	0	1	0
amh_train_track1_49	ይህ ለቃቃቃም ዜጋ ለህዝቡም አይበጅም ለበጀቱም አያሰብም ለራሱ እንጅ	0	1	0	0	0	0
amh_train_track1_50	ጋዛ፡ በእስራኤል አየር ድብደባ እና ከበባ ውስጥ የሚወልዱ እናቶች	0	0	0	1	0	0
amh_train_track1_51	ሶማሊያ ኢትዮጵያን ማዋረድ እና መበቀል ከፈለገች ይህን አጋጣሚ መቸም አታገኘውም አማራ ጥርሱን እየፋቀ ድብድቡን በዳኝነት ይመራዋል	0	1	0	0	0	0
amh_train_track1_52	እኛም ጦርነት ላይ ነንኮ😋😋😋 እስራኤል የቃልኪዳን ሀገር ልጆች ናቸው 🤗	0	0	0	0	0	0
amh_train_track1_53	የዩኬ ጠቅላይ ሚኒስትር ቢቢሲ ከዜጎች የሚሰበስበው ክፍያ ‘እውነታን መሰረት ያደረገ’ ሊሆን ይገባል አሉ	0	0	0	0	0	0
amh_train_track1_54	ይችላል። የሚገርም ልጅ። ?	0	0	0	0	1	1
amh_train_track1_55	መላ የለም ከመጥፎ ለመጠብቅ ጉልበትም የለም መልካም ነገር ለመስራት በትልቁ ጌታ በአላህ ሱብሀነሁ ወተዕላ ቢሆን እንጂ	0	0	0	0	0	0
amh_train_track1_56	ልክነህ ጫትን ከአገር ማጥፋት ጥሩ ነው መጠጥስ እሱ አይብስም ?	0	0	0	0	0	0
amh_train_track1_57	መሬም አለይሄ ሰላምኮ ሞታለች አፈርሆናለች አሰማም የለችም እደማንኛውም ፍጡር የውመል ቂያማ አብረን ነውእምንቀሰቀሰው ሰማይላይሆና ትሰማለችአላለም አይ ክህደት ባለጌ እኮንእሶ እረሱልም አይሰሙ ኢላ ከፈጣሪያችን በቀር ሆ	1	0	0	1	0	0
amh_train_track1_58	የተሳሳተ እና አደገኛ ንግግር! የበለጠ የሚያሳዝነው፣ የዚህን ሰው ቃል እውነት ነው ብሎ ተሰብሰቦ የሚሰማው ሕዝብ ነው። ይህንን	1	1	0	1	0	0
amh_train_track1_59	ጠያቂና ተጠያቂ ስግባባ ደሬ ረጂም እድሜ ለሁላችሁም ሀገራችንን ሰላም ያድርግልን ማንም ሞት አያስደስትም ወላሂ	0	0	0	0	1	0
amh_train_track1_60	ለሰው ልጅ ያለሽ አክብሮት የፋቀሩትን ማግኘት እንዴት ደስ ይላል መሰላቹ እንኳን አገኛሃት የእውነት ደስ ብሎኛ :::እኔ ከወደድኳት ለም ዘንጆሮ አትሆን ስባል ስምቸ ዛሬ በአይኒ አየሁት ካለ ፍቅር ከመኖር ካፋቀሩት ጋር ተጎሳቅሎ መኖር ይመረጣል Congra ዳኒሽ	0	0	0	0	1	0
amh_train_track1_61	ከባለግዜዎች እነሱው ወንጀሉን ሰርተው ከእነሱው ፍትህ እናገኛለን ብላችሁ ታስባላችሁ ፈጣሪ ነፍሱን በገነት ያኑርልን  መጀመሪያ ኢንተርቪ የተደረገው ሀብታሙ የሚባለው ሰውዬ በጣም የፍርሀት አነጋገር ነው የተናገረው በጣም አደባበሰው ሸፋፈነው ሁለተኛው ሰውዬ ጎደኛው ግን ሁኔታውን ጥሩ አብራርቶታል ፈጣሪ ያፅናችሁ	0	0	0	1	0	0
amh_train_track1_62	የቡሾፍቱ ጠንቋይንና ክምር አቃጣይ ሽፍታን መማፀን እስቲ ምን ይሉታል?	1	1	0	0	0	0
amh_train_track1_63	ኧረ እነሱ ፍቅር ብቻ ነበር የሚሰጧት ከፋይ ሌላው ነበር ባክህ፡)	0	0	0	0	0	0
amh_train_track1_64	ትክክል! መሪ ማለት ረጋ ብሎ የሕዝብን ስጋት አዳምጦና መርምሮ አብዛኛውን ባረካ ሁኔታ ምላሽ መስጠት ነው።ይህ ሲሆን መንግት ታማኝነቱ ሕዝብ ላይ ይጨምራል። ስጋ	0	0	0	0	1	0
amh_train_track1_65	Mihratu Wonetmu 🤭🤭🤭ማን ተሳደበ መልካም መንገድ ነው ያልነው	0	0	0	0	0	0
amh_train_track1_66	እኔን የኔ እህት እኔ ልከራታታታትልሽ ዉይ በጣም ያማል ለካ የእናት ጨካኝም አለች አቤት ፈጣራ ሆይ ምንአሰማህኝ አይዞሽ 😭😭😭	0	0	0	1	0	0
amh_train_track1_67	ለካድሬዎች እናትነት ማለት በእናቶች ሞት ርሀብ እንግልት ስቃይና መሰደድ ምክንያት የፖለቲካ ቁማር እየተጫወቱ ምንም እንዳልተፈጠ	1	1	0	0	0	0
amh_train_track1_68	ቀይባህር ደማችን አሁንም ቀይናት ጀግኖች በደማቸው እስካሁን ያቆይዋት እያልን ስንዘምር አደግን። አድገን እስከ ሀሰብና ምፅዋ ዘምተን ተዋደቅን ። ልፋታችን ከንቱ ሆኖ ቀረ ። አሁን ጊዜው መጥቷል። ሀገር ተረካቢው ትውልድ ያስመልስ። እኛም የቻልነውን እናደርጋለን	1	0	0	0	0	0
amh_train_track1_69	“የጥይት እሩምታ በላያችን ላይ አርከፈከፉብን” ወደ ሳዑዲ ለመግባት የሞከሩ ኢትዮጵያውያን	1	0	0	0	0	0
amh_train_track1_70	እውነተኛ ልቦች እና መልካም ዱዐዎች የማይሸነፋ ሰራዊቶች ናቸው። ?ኢብኑ ተይሚያ	0	0	0	0	0	0
amh_train_track1_71	ወደማን ይጮሀል ከፈጣሪ ዉጪ ያማል ቅኔዉ ወዳጀዋ ምንም ልትገዛ ምንም ሰዉ ልትጨፈጪፍ ልትገል አካል ልታጎል ትችልአለህ ግን ዋ ላንተ መጨረሻ ፍራ መከላከያ የሰፈር ሚኒሻ ነዉ እስኪ ይንገሩኚ ምርኮኛ ጀኔናር 	1	0	0	1	0	0
amh_train_track1_72	ጋሽ አብራር እስከ አሁን በብልፅግኒ ኤሊቶች ያሎት ተስፋ የሚገርም ነው። ኢሀዲግ የሚባል ካንሰር ስሙን እየቀያየረ ህዝብ እየፈጀ፣የሀገር ህልውናን አደጋ ላይ እ	1	1	0	0	0	1
amh_train_track1_73	ጨበራ ሎጅ ድንቅ ነው በቅርቡ ወደ ሀገር ስገባ እጎበኘዋለው 	0	0	0	0	1	0
amh_train_track1_74	ትናንት ባይደን ያወሳት የአራት አመቷ የአቬጋይል ታሪክ የበለጠ ይዘገንናል ፊት ለፊቷ በሀማስ የታረዱት ወላጆቿ እሷ ግን ታግታ ትናንት ተፈታለች የአቬጋይል ታሪክ ዘግናኝ ነው	0	0	0	1	0	0
amh_train_track1_75	ሲጀመር አቢይ ፎቶው እንዲለጠፍ አይጠይቅም፣ ኦሮሞ ደግሞ የምኒልክን ሕልውና እየካደ ፎቷቸውን አይለጥፍም፣ ግን አቢይን ለማስነቀፍ የሚደክሙ የቻሉትን ሁሉ ያደርጋሉ! ይኸው ነው!	1	0	0	0	0	0
amh_train_track1_76	እረ ያማል በጣም ያማል ጌታ ሆይ ታረቀን ስንት አይነት ሰው አለ	0	0	0	1	0	0
amh_train_track1_77	ሰበር እልል?የትግራይ ሕዝብ ለሲኖዶስ ድጋፍ ወጣ ቪድዮ ተለቀቀ ፤ በቤተክርስትያኗ የመጣ አደገኛ ካርድ ብልፅግ via 	0	1	0	0	1	0
amh_train_track1_78	ከብት አህያ ከፖለቲካ ውጪ ሌላ ቀልድ አታውቅም አይደል ሁል ጊዜ ሮሮ ብቻ ነው ቀልድህ ችሎታ ካለህ ለምን ከፖለቲካ አወጣም	1	1	0	0	0	0
amh_train_track1_79	በፈጣሪ ስም ምን ጉድ ነው ያሰማህኝ ብዙ ታሪኮች ስምቻለሁ ይህ ግን በጣም ያማል ሁሉቱም ግን ሰው አይደሉም	0	0	0	1	0	0
amh_train_track1_80	ከደራሲያን አለም ፔጅ የተወሰደ ክንፍ ሰበር ጫጩት ጫጬቶች ተጣልተው ጎራ እየከፈሉ የኔ ነው የኔ ነው እየተባባሉ ሁሉም በየተራ ድንገት ሲገፋፉ መጠለያ ክንፉን ሰብረውት አረፉ 	0	0	0	1	0	0
amh_train_track1_81	የኢቢኤስ ፕሮግራም እንዴት ነበር ዛሬ ቅዳሜን ከሰዓት በተመለከተ?	0	0	0	0	0	0
amh_train_track1_82	ይህንንን ሁሉ የሰው ሕይወት መጥፋትና ንብረት ውድመት ለምን አስፈለገ?	1	0	0	0	0	0
amh_train_track1_83	ጤነኛ እና አስተዋይ ያልተያዝን ብንሆን ኖሮ ለመንቃት አንቸገርም ነበር ግን አያያዛችን የከፋ እና ወደ ውስጣችን ለማየት አለመታደላችን በአጋንት እንድንጠቃ ተወሰነብን አዝናለሁ ከልብ ለሴጣኑ የሚያግዝና የሚደግፋ መብዛቱ ከውጪም ከውስጥም ነገሩን ከበድ ቢያደርገውም ትንሽዬ ንቃት ብዙ ውጤት ታስመዘግባለች እኔ የምላችሁ ምእመን አትፍሩ እርኩስ መንፈስ ፈሪ ሆኖ እኛን በፍረአት ማነቆ ውስጥ አንቆ ማስፈራራት አጀንዳው ነው በናታችሁ መቁጠሪያ ስግ	0	0	0	1	0	0
amh_train_track1_84	ቀጀላ መርዳሳ የተባለ የባህል ሚኒስትር አድርጎ አብይ ለምን ሾመው ዘረኛ መሆኑን እያወቀ ኢትዮጵያን ህዝብ እየበጠበጠ ምኒልክ የሚባል ስም እያስበረገገው ነው የሚገኘው እሱን ከዚህ ቦታ ማንሳት ሰላምን ያመጣል	0	1	0	0	0	0
amh_train_track1_85	ቢበላስ ተገኝቶ ነው የሚበላ የሌለው የሚበላውን አይመርጥምየባህል እስረኛ ከመሆን የተገኘውን ተመግቦ የችግርን ወቅት ማለፍ ይሻላልሌላው የቲክ ቶከሮች ወሬና ሌብነት ነው	1	0	0	0	0	0
amh_train_track1_86	የኦሮሚያው ሰልፍ ምንጩ ስጋት ነው፤ የሰልፉ አላማ ያሉትና እውነታው የሰማይና የምድር ያህል ነው።	0	0	0	0	0	0
amh_train_track1_87	ናቲ በዚ መረጃህ ላይ አሁን ቤተሰቦቸ ያሉበት አከባቢ ዳሌ ሰዲ ወረዳ ውስጥ ጫሞ፣መንደር 13፣ መ14 የሚባሉ ቀበሌዎች ትንሽ ስጋት አለባቸው።በቀን በየመን	0	0	1	0	0	0
amh_train_track1_88	በወሬና በውሸት የተገነባ አንድም አገር የለም በምድር ፕላኔታችን ላይ በስራ በሕብረት በአንድነት የብሔርመከፋፈልና ልዩነቶች ሳይኖሩ ነው ዛሬ በጣም ያደጉት አገሮች እናንተ ደንቆሮዎች ጋሎች ምንድነው ምክንያቱ ከእናንተ ጥበብእርቃለችሸሽታለች በሩን ጥርቅም አድርጋችሁ ስለዘጋችሁ የዋቄና መንፈስየጨለማው የወደቀው ሠራዊት ስሙን በልዩ ልዩ መንገድ እያስጠራ የከፋፍለህ ግዛን ቀንበር በሰው ልጅ ላይ የጫነየኢሬቻው የቃልቻው መንፈስ ምንም ወረቀቱ ወይም	1	1	0	0	0	0
amh_train_track1_89	ከግብር ሌላ በወር ክፈሉ እየተባለ ሰው እየታሰረ ነው በተለይ ሱማሌ ያልሆኑት ለይ አደገኛ እንግልት እየደረሰባቸው ነው	0	0	0	1	0	0
amh_train_track1_90	ዝም ብለህ ኣትቀደድ ከቻልክ እውቀትን ፈልጋት ካልሆነ ህዝብን ለማታለል በሚደረግ ተረት ተረት ይቅር አሰብን ኢትዮ ራሶ ኣንደ ኣገር መቀጠሎዎ ያጠራጥራል ኤርትራ ድንበሮ ያለቀው በ1890 ዎቹ ነው ከ 40 ዓመታት በሆላ ጣሊይን ኢትዮ ስትወር በ1936 ኤርትራን ኢትዮን ሶምሊያን ኣዋህዳ በ 6 ግዛቶች ከፍላ ኣስተዳድራለቸ እናም ኤርትራን ትግራይን ኣፋርን ጨምራ ኤርትራ ብላ ለ 5 ዓመታት ኣስተዳድራለች እንግሊዝ ጣሊያንን ክ ኤርትራ ኢትዮ ሶ	1	0	0	0	0	0
amh_train_track1_91	ይወርድባታል እኔ ዩቱብ ላይ እንደድንገት ነው ያየው በቱርክኛ ነው	0	0	0	0	0	0
amh_train_track1_92	ሁለቱን ክፍሎች ተከታትያለሁ በዝህ ልክ ጀዋሪም ደረጄም መመስገን አለባቸው በራሴ እሣቤ አገራችን ወደሠላም የሚትመለስበት ቀን ሩቅ እንደማይሆን ጭላጭል አሣይቶኛል  ስለዝህም እኔም እንደ ጀዋር ሁሉም የመንግስት ባለስልጣናት ባለሀብቶች ሊህቃንዲያስፖራዎች ነጋዴውየሀይማኖት ተቋማት አባቶች እና ሁሉም ዜጋ መስከን አለበት የተባለው ትክክል ነው ችግሮችን ባዬን ቁጥር ጋዝ ከመስጠት ውሀ ማቀበል መቻል አለብን አሁን አገራችን ያለችበትን ቀውስ ከዬት ወ	0	0	0	0	1	0
amh_train_track1_93	የካናዳው ጠቅላይ ሚኒስትር በአውሮፕላናቸው የቴክኒክ ብልሽት ምክንያት ህንድ ለመቆየት ተገደዱ	0	0	0	0	0	0
amh_train_track1_94	ከሉስፈርም ጋር ኢትዮጵያን ለመጥፋት እና አሸባሪ ወያኔ ለመታደግ መወያየቱ አይቀርም! አስመሳይ የአሸባሪ ወያኔ አፍቃሪ ነው ጋሽ አብይ አህመድ አጥብቃን ልንቃወሞ ይገባል፡፡፡	0	1	0	0	0	0
amh_train_track1_95	?የዜግነት ፖለቲካ ቀለጠ በቃ የኦሮሞ ህዝብ አቃፊነትማ እድሜ ለ ODP ማፈሪያ ሆነ እጅግ በጣም በሚያሳዝን መልኩ በጣም ዘግናኝ የሆኑ ጭካኔዎች በወገኖቻችን ላይ እየተፈፀሙ ነው አቃፊ	1	1	0	1	0	0
amh_train_track1_96	ህንድ በታሪኳ ለመጀመሪያ ጊዜ ጨረቃ ላይ አረፈች	0	0	0	0	0	0
amh_train_track1_97	ከቤትዎ እና ከመሥሪያ ቤትዎ የሚወጣ በካይ ድምፅ ስሜትዎን እንደሚያጨፈግግ ያውቃሉ?	0	0	0	0	0	0
amh_train_track1_98	ስለ ክርስትና ከሆነ እያወሩት ያለ፡ ከየትኛው ወንጌል እንደተቀዳ ግራ እየገባን ነው ያለው?	0	0	0	0	0	0
amh_train_track1_99	አንድ ከፍተኛ የፌዴራል ባለስልጣን ወርዶ አክቲቪስት ሲሆን ያሳፍራል ካድሬዎች ምን ሰርተው ይብሉ	0	1	0	1	0	0
amh_train_track1_100	እሷ ጥሩ እየሰራች ነው ማለት ነው	0	0	0	0	1	0
amh_train_track1_101	ማርያምን  ከአንድ ሊቀ ጳጳስ የማይጠበቅ ውሸት  ምን ያደረጋል ጎፋና ባስከቶ ሀገረስብከት ሙሉ በሙሉ ብፅዕ አብነ ኤልያስ 18 ዓመት ሙሉ እኛን ሳይጠይቅ ብዙዎች ሕዝቤ ክርስቲያን እረኛው በማጣት ከሃይማኖታቸው ስኮበለሉ ነገር ግን እሳቸው አሁንም ስለ ፖርሰንት ይከሳሉ በእውነቱ ከእሳቸው እንዲህ አይነት ተግባሮት ይቅርና ከአንድ ክርስቲያን የማይጠበቅ ነው  በእውነቱ በነገራችን ላይ ሙሉ መረጃ አለን እኛ ከቅዱስ ስኖዶስ ጋር በመሆን መደረግ ያለ	1	1	0	0	0	0
amh_train_track1_102	ባሰበበት ቀርቶ፣ባላሰበው ሲያመሽ፣ በጣም ያስጨንቃል እንደሰው ላሰበው፣ ውጥኑን አቋርጦ፣ለሰው ጥሎ ሲሄድ ድንገት ሳያስበው። ዛሬስ እንዴት ነህ አማራ ሃገሬ፣ ስንት ተወለደ፣ስንቱ ተሰደ	0	0	0	1	0	0
amh_train_track1_103	እግዚአብሔር ያፅናናችሁየተከሰተው ነገር በጣም ልብ ሰባሪ ክስተት ነው የሰው ልጅ ክቡር ነው ግን ለምን ጥንቃቄና ሀላፊነት በጎደለ ተግባር የሰው ልጅ ይሞታል  አፍራሽና የዕለቱ ስራ አሰሪዎች መጠየቅ አለባቸው ፍትህ ለጌትነት	0	0	0	1	0	0
amh_train_track1_104	በመሰረቱ የኦሮሞ ወንድ ታማኝ ነው በትዳሩ ጨዋና ቤቱን አክባሪም ደሞ ከዘመኑ ጋ አገናኙት አሏቹህ ግን ልጅ ፊት እንዲ ያለ ፕራንክ አትስሩ አይምሮው ወስጥ መጥፎ ነገር ይቀረፃል	0	0	0	0	0	0
amh_train_track1_105	አይይ ኬንያ አልነበራችሁማ፡፡ እዛ የሴትን መቀመጫ ድንገት ጧ ማድረግ በጣም አሪፍ ነሽ ማለት ነው፡፡ ሳቅ ብላ ዋቻ ማኔኖ ትላለች እንጂ ፀብ የለም፡፡ ሴቶቹ	0	0	0	0	1	0
amh_train_track1_106	ከፍለኽባታል። መልበስ አደለም ብትሸከማትም አትጠግባትም። ዋጋ የተከፈለባት አገር ላይ ዋጋ የከፈለ ጀነራል ምስል ነው። ከኔ የቀኑ ምርጥ እይታየ ነው።	0	0	0	0	1	0
amh_train_track1_107	አላ የሱርም ሊል ፍሊስጤም ሞት ለአሜሪካ እና ለኢስራኤል	0	1	0	0	0	0
amh_train_track1_108	አበባዋኢትዮጵያ በኩብረ ጠቅላይ ሚኒስቴር ዶክተር አብይ አህመድ የሎሬት ተሸላሚ የአፍሪካዊያን ኩራት የኢትዮጵያዊ መሪ ዘመን Ethiopia	0	0	0	0	1	0
amh_train_track1_109	አላህ ሰብሩን ይስጣቹ ያማል በጣም 😭😭😭	0	0	0	1	0	0
amh_train_track1_110	በጣም አሳዛኝ ታሪክ ነው ። ጋዜጠኛዋ በመጀመሪያ ህክምና እንድትከታል ማመቻቸት ይጠበቅሻል።	0	0	0	1	0	0
amh_train_track1_111	ካሳለፍናቸው 5 ዓመታት ውስጥ ለመጀመሪያ ጊዜ በማድነቅ ስሜት እየደጋገምኩ አይቻለሁ ራሴን የታዘብኩበት ገጠመኜ ግን የሚገርም ነው ሁለቱን ዝግጅቶች እያየሁ በየመካከሉ አስብ የነበረው አይ ራይድ ይዤ በመዞር ማየት አለብኝ ካላየሁ ሚዲያን በምኑ አምነዋለሁብዬ ሳስብ ነው ታላቅ እይታህን የሚመሰክር ድንቅ ሥራ ነው ታዲያ ከዚህ ዕውቀትህና እይታህ በትንሹም ቢሆን ለዜጎች ሠላም ፍቅር መቀራረብ አንዲሁም ለባንዲራና ለምጣኔ ሀብት ዕድገት ድርሻ ቢኖረው	0	0	0	0	1	0
amh_train_track1_112	እኔ እንደታዘብኩት በኛ ባህል ስሜታችንን የምንገልፅበት ቋንቋወች ሌላኛውን ወገን ስሜታዊ ያደርጋል አይዞሽ እህቴ የደረሰበት ያውቀዋል the pain will never	0	0	0	1	0	0
amh_train_track1_113	የኢትዮጵያውያን የህልውና ስጋት አብይ እንጅ የቀይ ባህር መቅረት አይደለም።ደግሞ በዚህ ሰበብ የቀሩትን የደሀ ልጆች ደም ልትጠጣ ነው ።	1	1	0	0	0	0
amh_train_track1_114	አሰናተ ደሞ ሳክሳችሁ መከራ ነዉ 3ተኛዉ የአለም ጦርነት ሊጀመር ነዉ ምናምን እያላችዉ ትቀልዳላችዉ ብልፅግና አብቅቶለታል	1	1	0	0	0	0
amh_train_track1_115	በ Admassie Belete አንዳንዱ፦ ፋኖነት ይመስለዋል ድንገት የተሳለ ቢላ! አንዳንዱማ ጭራሽ! ፋኖ ማለት ሽፍታ ፋኖ ማለት 'ሲላ' ቀምቶ የሚሮጥ ዘርፎ የሚበላ እኔ ግን ልንገርህ! ፋኖነት! አትንኩኝ ባይነት! ስነልቦና ነው! ውርስ የአማራነት!	1	0	0	0	0	0
amh_train_track1_116	8እንትጋ፡፡አንድ ነገር ማስታወስ ይገባናል የፖለቲካ ቀውስ በኃይል ይፈታል የሐይማኖት ጉዳይ ግን መዘዙ ብዙና የከፋ ነውና ልዩ ትኩረትና ስለሚሻ በእጅጉ ልንጠቀቅና ልናስተውል ይገባል	0	0	1	0	0	0
amh_train_track1_117	የማንነት ቀውስ የገባ መንግስት እና ህብረተሰብ ትክክለኛ መንገድ አይታየውም ።	0	1	0	0	0	0
amh_train_track1_118	ባንድ ቀንና ለሊት ምን ተፈጠረ ባይደን እስራኤል እራስዋን የመከላከል መብት አላት ሲሉ አልነበረም ለምን እጃቸውን ታጠቡ ከስራኤል አጋርነት ወደ ሽማግሌነት ለመቀየር ለምን ፈለጉ ይሀ ክህደት አይደለም	1	0	0	0	0	0
amh_train_track1_119	አስተዳዳሪ የሌለበት ሀገር ሽፍታ ዱርየ ሌባ  ገዠ ይሆናል	1	1	0	0	0	0
amh_train_track1_120	ለጊዜው የጠላቴ ጠላት በሚል ነው ፍቅራቸው	1	0	0	0	0	0
amh_train_track1_121	611 ሌላው እንግዳ ደግሞ ከሱዳን የመጣ ሲሆን ስመለከተው አንድ አቋም የሌለው እና እስከ ጥግ ድረስ ስሜታዊ ሰው ነበር ! በውይይቱ መጀመሪያ ላይ ረመዳን የመልካም እና የ	0	0	0	0	0	0
amh_train_track1_122	ወሬ ምን ያደርጋል!	0	0	0	0	0	0
amh_train_track1_123	ደረጀ የተባልክ ሆዳም አብይ ስልጣን ከያዘ ስለተገደለው 200 አማራ ለምን አታወራም	1	1	0	0	0	0
amh_train_track1_124	በሀገር ወዳዱ ደጉ የአማራ ሕዝብ ላይ ጠካራ አርሶ አደር ላይ ጦርነት ታውጆበታል በአሸባሪው አቶ አብይ እና መሰሎቹ ስለዚህ ክቡር በሆነው በኢትዮጵያ መከላከያ ስም ሽብር እያስፈፀሙ	1	1	0	0	0	0
amh_train_track1_125	አይዞን ባንዳው የናተ ስጋት ገብቶናል ማንነትህን በእጅ ይዘህ የምን የውሻ ጩሄት ነው የምትጮሁ ወይስ ኑ ተረከቡን ነው ምነው የትናቱ ተረሳ እንደ ለሆዱ ተገዝተው እ	0	1	0	0	0	0
amh_train_track1_126	ሐማስ በ24 ሰዓታት ውስጥ 241 ሰዎች በጋዛ መገደላቸውን አስታወቀ	0	0	0	1	0	0
amh_train_track1_127	የሰዉ ልጅ ጭንቅላት በጣም አስገራሚ ነዉ፡፡ከተወለደበት ጊዜ ጀምሮ በደምብ ሲሰራ ይቆይና ድንገት ህዝብ በተሰበሰበበት ቦታ ማዉራት ሲጀምር ማሰብ ያቆማል፡፡ ጆርጅ ጅስል	0	0	0	0	0	1
amh_train_track1_128	“ሕክምና ለሁሉም ተደራሽ መሆን አለበት” ለቆዳ ካንሰር ሕክምና የሚሆን ሳሙና የሠራው ትውልደ ኢትዮጵያዊው ታዳጊ	0	0	0	0	0	0
amh_train_track1_129	በምንም መስፈርት እኩል ሚዛን ላይ ማስቀመጥ አይቻለምከሁለቱ አሸባሪ ማን እንደሆነ በግልፅ ለይተዋልለፍልስጤም ህፃናት ያላዘነ ልብ ሰበዓዊነት የለውም	1	0	0	1	0	0
amh_train_track1_130	አሁን ቢያለቅሱ ከየት ያምጡት ሊቢያን የመሰለች ሐገር ምእራባውያን ብትንትኗን አውጥተው ሰዉን በተኑት በጣም ያሳዝናል !	0	0	0	1	0	0
amh_train_track1_131	ፍልስጤማውያን በጋዛ መቆየት መቻል አለባቸው ሲሉ ብሊንከን ተናገሩ	0	0	0	0	0	0
amh_train_track1_132	በዚህ ፊልም የአንድ ሀገር ህዝብ በጠቅላላ ነው የሚታየው ይህን ያክል ሰው ኬት ነው የሚመጡት	0	0	0	0	0	1
amh_train_track1_133	አብይ እስከመቼ ወጣቶችን እያሰረ እየገደለ ይቀጥላል  እስከመቼስ ነው በፍርሀት ሰው በድሮን በመድፍ ህዝብ እየጨፈጨፈ የሚቀጥለው  ሰውየው ዘረኝነቱን በግልጵ እያሳየን ነው ስንል ለአረብ የሸጠን ይመስላል	1	1	0	0	0	0
amh_train_track1_134	አንነጋገርም ጨዋታ ይቅርብኝ ቁጭ በል ከጎኔ የአይን ረሀብ አለብኝ ጊዜያዊ ማፍቀርህ ምን ያረግልኛል ልብህ ከአይንህ ስር ነው ድንገት ይከዳኛል ፍቅርህ በረታብኝ ተጨነቀ ሆዴ በልክ አይ	0	0	0	0	0	0
amh_train_track1_135	ይህንን ቀውስ ጠማቂና እብድ ሰውዬ ከቤተ መንግስት ወደ እስር ቤት በመወርወር ለህግ ማቅረብ የግድ ነው ከቀውስ ወደ ቀውስ ከጦርነት ወደጦርነት አገርን እየደ	1	1	0	0	0	0
amh_train_track1_136	Biruk Abera ዘረኝነት ምንድነው ዘረኝነት ሰትል አንተም እኮ በሌላ ዘረኝነት ቆመህ ነው	1	0	0	0	0	0
amh_train_track1_137	መለስ ያጠፋው ጥፋት ነው ኢትዮጵያ ሊያጠፋ በር የደረሰው	0	1	0	0	0	0
amh_train_track1_138	አፕል 190 ሺህ ብር ያወጣል ያለውን ‘ኦጊዩሜንትድ ሪያሊቲ’ ቴክኖሎጂ ይፋ አደረገ	0	0	0	0	0	1
amh_train_track1_139	መቼ ነዉ ፈዉስ የምጀምረዉ አልፈወስም ካለክ እንለመድከዉ ፕራንክ ነዉ ትላለክ።አመዶ	0	1	0	0	0	0
amh_train_track1_140	የራሷ ዜጎች ብሔራዊ ግዳጅ ስለሄድ ነው ስራ እኮ ነው የተባልከው ሌላ አይደለም አይ ethiopian መሀይም ሁነን ቀረን	1	0	0	1	0	0
amh_train_track1_141	ለጎንደሯ ልጃችን አዘኩላት ጎንደር አሳድጋ ለአራጂ ፣ለጭራቅ፣ አሳልፋ የሰጠች አዘኩላት የአማራ ችግር የዚች እንባ ይሆናል መከራ የመጣብን ለዚህ አጋንት ጭራቅ ድረግ አ	0	0	0	1	0	0
amh_train_track1_142	ባክህ ኤርትራ ከኢትዮ ጋር ያላትን ግንኝነት እና ጠበቃ ለኢትዮ እንዳትሆን የጠቅላይ ሚንስትሩ ክህደት ነው ኤርትራ ስንት ግዜ በኢትዮ መሪዎች ክህደት ይድረስባት	1	1	0	0	0	0
amh_train_track1_143	ፓስተር ቢኒ ቃለህይወት ያሰማልን ፓስተር ሶፎኒያስ ግን ሲጀመር እራስህን ከቅድስት ክብርት ድንግል ማርያም ጋር ማወዳደርህ ያሳዝናል አልገባህም ድንግል ማርያም አይነ ልቦናህን ታብራልህ!	0	0	0	1	0	0
amh_train_track1_144	አጋጣሚ ሆኖ ደንበኛዬ ነች ይህን ፕሮግራም ራሱ ጠላዋን እየጠጣሁ ነው የማየው ጎበዝ ቲጂ በርቺ	0	0	0	0	1	0
amh_train_track1_145	ቀደምት ኦፕሬተሮቻችን በዘመኑ ምርጥ አለባበስ ሽክ ብለው አገልግሎት ሲሰጡ ትውስታ ThrowbackThursday	0	0	0	0	0	0
amh_train_track1_146	ቦርጯን ታጥፋ ብዬ ሚስቴን ጂም አስገብቼ ጡንቻ እያወጣች ነው ልግባ በጊዜ ብሎ ሄደ ?ጉድ እኮ ነው ትንሽ አበጥ ሲሉ መከራ ነው	0	1	0	0	0	0
amh_train_track1_147	ጅብ የጅብ ልጅ ከሀዲ የከሀዲ ልጅ በሖጁ የወደቀ ነው	0	1	0	0	0	0
amh_train_track1_148	ከዚ ቡሃላ ግን ያሳዝናል ቢያቋሩጡት ጥሩ ነበር	0	0	0	1	0	0
amh_train_track1_149	የኢትዮጵያ ከብሪክስ ተጠቃሚነት እና ኪሳራ በምጣኔ ኃብት ባለሙያዎች ሲመዘን	0	0	0	0	0	0
amh_train_track1_150	ውሃ ለጠየቁ ሰላማዊ ዜጎች የተሰጠ ምላሽ በጠላት ሀገር ተወረን ጦርነት የገጠሙ ይመስል መንግስት ያስታጠቃቸው ሃይሎች ሰላማዊ ህዝብ እያሸበሩ ነው ወልቂጤ	1	0	0	1	0	0
amh_train_track1_151	ህዝባችን ከድህነት የሚወጣበት መንገድ ሰርቆት ቅምያ ዘረፋ ሙሰና ማጭበርበር ክህደት በማሰወገድ ነው የዚህ ህገ ወጥ ባህሪ መነሻው በልጅነት እድሜ ትምህርት ቤቶች እንደ ጥንቱ ዘመን ለተማሪዎች የግብረ ገብ ትምህርት ባለ መሰጠቱ ነው በአሁነ ጊዜ ግብረ ገብነት ጠፍቷል ማለት ያሰችላል ለዚህ ነው ውሸት ሀሜት ምቀኝነት ሙሰና ማጭበርበር ሌብነት ሱሰኝነት ሊንሰራፋ የቻለው መፍትሄው የትምህርት ሰርአት አንደኛና ሁለተኛ ደረጃ	1	0	0	0	0	0
amh_train_track1_152	ከአማራ የወጣው ስደተኛው ካቢኔ እና ስደተኛና ተሿሚው ተቃዋሚ ፓርቲ አብን አማራን ታግለው ያታግላሉ ተብሎ ታሰበ እንጅ እንዲህ እግር ተወርች አስረው ለማስገበር ይህን ያህል መከራ ይበላሉ ብሎ ማን አሰበ?! መጥኔ!	1	1	0	1	0	0
amh_train_track1_153	Tesfaye Zerihun ከንቱ የወንድአልጫ፣🤮🤮🤮ውይአንተን ማዳመጫህን ወደማላመጫህ ነበር በጥፊ😡😡😡 ዶማ	1	1	0	0	0	0
amh_train_track1_154	Tesfaye Demissse የተገረዘች ሴት መሆን አለባት	0	1	0	0	0	0
amh_train_track1_155	መሪአችን ትህግሰትህ የሚገርም ነዉ የኔ ወርቅ ኑርልን ሺ አመት አገልግለን	0	0	0	0	1	0
amh_train_track1_156	ይህንን አስተያየት የምጽፈው በቀጥታ የዜና ክፍሉን ይመለከታል ብዬ ሳይሆን Arts TV ዘርፈ ብዙ ስለሆነ ለሚመለከተው ክፍል ያደርሳል ብዬ ሰላመንኩኝ ነው እናንተም እንደ አስተያየት ብቻ አይታችሁ ችላ እንዳትሉት እጸልይላችኋለሁ ለማንኛውም ካዛንቺስ አካባቢ ያለውን የኢሚግሬሽን ቢሮ ጉዳይ እንደጀመራችሁት እስከ ፍጻሜው ጉዳዩን ተከታትላችሁ ለህዝቡ ዘግቡት በእርግጥ በዚያ ቦታ ላይ የሚሰጠው አገልግሎት ቀላል ሆኖ አይደለም ነገር ግን አገል	0	0	0	0	0	0
amh_train_track1_157	የሕንዱ ጠቅላይ ሚኒስትር ለባቡር አደጋው ምክንያት የሆኑ ከባድ ቅጣት ይጠብቃቸዋል አሉ	0	0	0	0	0	0
amh_train_track1_158	እኔኮ ምትገርሙኝ አሁን የሀ ምን የተለየ አለ አንድ መሪ የነበረ የሀ መናገሩ ብርቅ ነው ነው ወይስ መሃይም ጨካኝ ሰለሆነ ያው ስለሆናቹ ትደናነቃላቹ ፣ሌላ ቢሆን ጠንቋይ ገለመሌ ትሉ ነብር	1	1	0	0	0	0
amh_train_track1_159	በጣም የሚያሳምምም አሳዛኝ ታሪክ ነው ፈጣሪን ጨርሶ ይርዳሽ	0	0	0	1	0	0
amh_train_track1_160	በኪሲንጀር ትዕዛዝ ከ2 ሚሊዮን ቶን በላይ ቦምብ የዘነበባት ካምቦዲያ እንዴት ታስታውሳቸዋለች?	0	0	0	1	0	0
amh_train_track1_161	አህመድ አቀራረብህን ሳላደንቅ አላልፍም ማሻአላ ሞራል ይሰጣል በርታ	0	0	0	0	1	0
amh_train_track1_162	Hajamo W Wachamo አሁን ስንት መከራ መዘገብ ባለባት ሀገር ቁጭ ብለን የባይደን ውሻ አላሉም	1	0	0	1	0	0
amh_train_track1_163	ጣልያን ውስጥ ቱሪስቶችን ያሳፈረ አውቶብስ ከደልድይ ላይ ወድቆ ቢያንስ 21 ሰዎች ሞቱ	0	0	0	1	0	0
amh_train_track1_164	እንቺ አሮጊት ምናምቴ በትግራይ እናት ላይ የደረሰው መከራ በቤትሽ ይግባ	1	1	0	0	0	0
amh_train_track1_165	ህወሓት የምርጫ ቦርድ ውሳኔ ‘ከፕሪቶሪያው ስምምነት ውጪ ነው’ በማለት ተቃወመ	0	0	0	0	0	0
amh_train_track1_166	አቶ ወድሙ ድሮ በጣም እወድወትና አከብረወት ነበርበዛሬው ውይይተወ ግን በጣም ቅር ብሎኛል ምክንያቱምዘር ከልጓም ይጠቅሳል እደሚባለው እርሰወም ለዘርወ በማድላት የታረደውን የተገፋውን አማራን ብሶትና ትግል አናናቁትበጣም ያሳዝናል 	0	1	0	1	0	0
amh_train_track1_167	ፍልስጤሞች ከሳዑዲ-እስራኤል ታሪካዊ ስምምነት የሚፈልጉት ምንድን ነው?	0	0	0	0	0	0
amh_train_track1_168	አሁንም ድብቅ አጀንዳ ይደብቃል በእቅድ የተደረገ ግድያ ሀጫሉን መሰዋእት በማድረግ አሳበው ተቀናቃኝ የፖለቲካ ድርጅት ኦነግና ኦፌኮ መሪዎች ተለቃቅሞ በርካቶች አሁንም እስርቤት ናቸው እነ አቢይ ይህን ካላደረጉ ዝም ብለው በማሰር ሌላ ቀውስ ይከተላል ሰለሆነም አደረጉት ከተፈታ እንኳን ሰለሀጫሉ ፍትህ ይፈለግ ለማለት ትንፍሽ አላለም አሁንም ከመንግስት ጋር ስውር ግንኙነት እንዳለሁ በብዙዎች ዘንድ ይነገራል የመንግስትን ክፉንም ደጉንም የማይናገር	1	1	0	0	0	0
amh_train_track1_169	የእኛ ስጋት ግብፅ የሆነ ነገር ታደርገናለች ብለን ሳይሆን ግብፅ መፈረካከሷ ረዳቶችዋም መውደቃቸው አይቀርምና በኢትዮጵያ እንዳትፈርስ ነው በሌላ ቃል ኢትዮጵያ ግብፅን እንዳታፈርሳት ነው	0	0	1	0	0	0
amh_train_track1_170	በቅርቡ ከወጣው ኮንዶሚኒየም ዕጣ ጋር በተያያዘ የተጠረጠሩ በቁጥጥር ስር መዋላቸው ተነገረ	0	0	0	0	0	0
amh_train_track1_171	የአባቶቻችንና የእናቶቻችን እንባ መልስ ያመጣል!	0	0	0	1	0	0
amh_train_track1_172	አለስድብሽም እህቴ ይቅርታ ? የክልሉ ቁሽሽ ፓልቲካ እንደሆነ አወቃልሁ ግን የህዝብ ሞት ብቻ መፅፍ ችግር የለውም መስለኝ	0	1	0	0	0	0
amh_train_track1_173	ምንም አሉባልታ አይደለም በትክክል በቢዲዮ እየታዩ አሉባልታ ነው መባሉ ያሳዝናል	0	0	0	1	0	0
amh_train_track1_174	አይዞህ ጭንቀት ብለህ አታስብ ጥንክር ብለህ ያገኘህውን ስራ መስራት እራስህን ቢዚ ማድረግ ጎደኛ ያዝ ብዙውን የሚያስጨንቁትንያስረሳሃል 	0	0	0	0	0	0
amh_train_track1_175	These Generation ይገርምሃል እኔ የልጆቼን እናት ሳገኛት ደሞዜ 34 ብር ከ 35 ሳንቲም ነበር እንደዛም ሆኖ ፍቅር መሃላችን ስለነበር በቅቶን ነው ምንኖር የነበረው	0	0	0	0	1	1
amh_train_track1_176	አምባሳደር ርድዋን ሁሴን  እንዴት ደስ በሚል አገላለፅ መሰሎት የገለፁት   አንጀት አርስ ትንታኔ ዋው	0	0	0	0	1	0
amh_train_track1_177	ብራዘር ነገ ተነስተሽ የኔ አባት ሉሲፈር ነው ትያለሽ ለነገሩ እዛም ፕራንክ ነው የምሰሩት ብሮ	0	1	0	0	0	0
amh_train_track1_178	ኢሳይያስ 40 ¯¯¯ ¹⁷ አሕዛብ ሁሉ በፊቱ እንዳልነበሩ ናቸው፤ ከምናምን እንደሚያንሱ፥ እንደ ከንቱ ነገርም ይቈጥራቸዋል። ¹⁸ እንግዲህ እግዚአብሔርን በማን ትመስሉታላችሁ? ወይስ በምን ምሳሌ ታስተያዩታላችሁ? ¹⁹ የተቀረጸውንስ ምስል ሠራተኛ ሠርቶታል፥ አንጥረኛም በወርቅ ለብጦታል፥ የብሩንም ሰንሰለት አፍስሶለታል። ✍️ እግዚአብሔርን በምንም አንመስለውም ምክንያቱም ማንም አላየውም. ሆሴዕ 4 ¯¯¯ ⁶ ሕዝቤ እውቀት ከማጣቱ የተነሣ ጠፍቶ	0	0	0	0	0	0
amh_train_track1_179	ወያኔዎች የብልፅግና ኦነግን ማጅራት በማከክ ወልቃይት ጠገዴ ራያን እናገኛለን የሚለውን የቀን ቅዠት ትታችሁ ይልቅ እንደ አባይ ፀሃዬ፤ ስዩም መስፍንና አስመላሽ ገስላሴ ሞት እር	0	1	0	0	0	0
amh_train_track1_180	የወላይታ ባህላዊ ጨዋታዎች ኢትዮጵያ ኣላት ከሚባሉት ጥሩ ቅርሶች ኣንዱ ነው ይህን ጨዋታ ልናዳብረው ይገባል ለምሳሌ የኣማራ የኦሮሞ በትከሻና በእግር ይከናወናል የወላይታ ጨዋታ ግን የወገብ ውዝዋዜን ያካትታል ከኣረቦች ከህንድ ጨዋታዎች ጋር ይመስላል ማዳበሩ ተገቢ ነው	0	0	0	0	1	0
amh_train_track1_181	ሕገወጥን ሕጋዊ ለመድረግ የሚትሄዱት ርቀት ያሳዝናል ።	0	0	0	1	0	0
amh_train_track1_182	ዱሮም ከ አህያ ሌላ ነገር አይጠበቅም	0	1	0	0	0	0
amh_train_track1_183	የሚገርም ነው ሀገሬ ጠላትሽ ምነው ቁጥሩ በዛ አይዞሽ ሁሉን ቻዩ እግዚአብሔር አለልሽ እናቴ ኢትዮጵያ	0	0	0	1	0	1
amh_train_track1_184	አይሆንምን ትተሽ ይሆናልን አስቢ ይባላል። ለማንኛውም ይህ አስተያየት ጥሩ ነው።	0	0	0	0	1	0
amh_train_track1_185	5 ደቂቃ ያየው ሳይመስለኝ 85 ደቂቃዎች ይሄን ጣፋጭ ትንታኔ ሰማው Wow ጃዌ 	0	0	0	0	1	0
amh_train_track1_186	የአውሮፓ ኅብረት ፓርላማ በሙስና የተጠረጠሩ አባላቱን ያለመከሰስ መብት ሊያነሳ ነው	0	0	0	0	0	0
amh_train_track1_187	5G ተጠቀም ጥሩ ነው በልክህ ታወራለህ	0	0	0	0	0	0
amh_train_track1_188	በጣም ያሳዝናል ለበተሰቦቻቸዉ መጽናናናትን ለሞቱት ህጻናት ደግሞ እ/ር አምላክ ነፊሳቸዉን በአጸደ ገነት ያኑርሊን	0	0	0	1	0	0
amh_train_track1_189	እነዚህ ተስፋ አስቆራጭ ምሁራን ይባላሉ ። ጦርነት እንግጠም አልተባለም አንመካከር እንጂ ። ኢትዮጵያ የምትሰጠው አላት ሌላውም ሊሰጠን የሚገባ አለ። ፍላጎታችንንን ግልጽ አድርገን እንወያይ የሚለው ሀሳብ የሚደገፍ ነው።	1	0	0	0	0	0
amh_train_track1_190	እኔ ሚገርመኝ ኢትዮ ጂዊሾች እስራኤል ውስጥ የተሰበሰበው ደማቹህ ለተጎዱ ወታደር ለመለገስ ተጠይፈው እንዳልተደፋ ኦርቶዶክስ ላይ ምራቅ እየየተፉ እንደሚውሉ እያየህ አለምነዋሴ የደስታህ ንባብ በጣም ያሳዝናል ቲች አፈር ትብላ ውሻ	0	1	0	1	0	0
amh_train_track1_191	ያሳዝናል  ጀዋር ወደ ተራ ካድረነት ተቀየረ  አብይን ለመደገፍ ብሎ ይዘባርቃል  ከአብይ ባልተለየ ለጥቅም ብቻ የሚያወራ ሰዉ መሆኑ ያሳዝናል 	0	1	0	1	0	0
amh_train_track1_192	ስንት መጃሂድን አንደተቃጠሉት ኣላውቅም ሳትም ወንድም ንጹሃን ሰብስቦ ኢየወሰደ ሰይጣን ኣሁን ይቻላል ልቅሶ በኣለም ረስታቹ ህዝብ ኣስጨራሳቹ ምንም 1400 በ 1400 ደስታ ድንቁርና	1	0	0	1	0	0
amh_train_track1_193	እግዚኦ የእናት ጭካኔ እንድህም ኣለ 😭😭😭	0	0	0	1	0	0
amh_train_track1_194	ለምን ይናገራል የህዝብ ንቀት ስላለበት አይናገርም አሮጋንት	1	1	0	0	0	0
amh_train_track1_195	አለም ነዋሴ የሙስሊሞች ጠላት ነህ	1	1	0	0	0	0
amh_train_track1_196	በአማራ ክልል በጥር ወር ብቻ ከ65 በላይ ሰዎች በመንግሥት ኃይሎች መገደላቸውን ኢሰመኮ አስታወቀ	0	0	0	1	0	0
amh_train_track1_197	አረ ጃንሆይ ሼም አገር ጥሎ ስለተንቦቀቦቀ ነው በዘመኑ ኢትዮጵያን የፈጠፈጠ የጣለ ቤተሰቡን በእንግሊዝ አስቀምጦ ኢትዮጵያን ዋጋ ያስከፈለ 😏😏😏	1	1	0	0	0	0
amh_train_track1_198	ዝማሬን ባቀርብሁልህ ጊዜ ከንፈሮቼ ደስ ይላቸዋል፥ አንተ ያዳንሃትም ነፍሴ። መዝሙር 71፥23 ?	0	0	0	0	1	0
amh_train_track1_199	በማስረጃ ውሸት ነው ብሎ የሚሞግት ካለ ቤተዘመዶቹን ጭምር አቀርብለታለሁ	0	0	0	0	0	0
amh_train_track1_200	ፉኖ ጦርነት ላይ ነው ድልበድልም ሁናል	0	0	0	0	1	0
amh_train_track1_201	አንበሳዬ ይገርማል ይህን ላንድ ክሩዘር ኬንያ እያሰራን በግራ መሪ ወደ ኢትዮጵያ ማስገባት አለብን እያልኩ ሳስብ ነበር ይህን ሰሞን አሁን አቢቹ ቀኝ መሪውን ይዞ ሳይ ገረመኝ ሁሌ ልቤ ውስጥ ያለውን እሱም ልብ ውስጥ እንዳለ ብዙ ጊዜ አረጋግጫለሁ ይህ ለጉራ አይደለም ሁሌ ሲሆን እደነግጣለሁ ይገርማል 	0	0	0	0	0	1
amh_train_track1_202	ኢራን ለሊባኖስ ህዝብ ካሰበች ሂዝቦላህን ማስጠንቀቅ አለባት ምከረው ምከረው እንቢ ካለ መከራ ይምከረው	1	0	0	0	0	0
amh_train_track1_203	እኔ የማንም ፓርቲ ወይም ዘር ደጋፊ አይደለውም ግን ኢትዬያዊ ነይይኤ ሁሉ የመታው ወያኔ የዘራው መትፎ ዘር ገና በልጅ ልጅ አይፈታምእናንተም ወያኔ ልጅ መሆናችውን አትርሱአብይ አስተዳደር ከዘር እአስተሳሰብ እስካልወታን ድረስ እናንተም መግለቻ ክስተት አታቆሙም ችግርም አይፈታም	1	1	0	0	0	0
amh_train_track1_204	ሰው መሳይ ጭራቅ በቤተ ክርስቲያን እና በአማራ ህዝብ ላይ የሰራህውን ሴራ መቸም አንረሳውም	1	1	0	0	0	0
amh_train_track1_205	የእስራኤል ወታደር አንደ ወንድ በእግር ከተዋጋ ሐማስ ከበቂው በላይ ነው ሌላ አያስፈልግም በምናውቀው መንገድ ከመጣ ግን የአለም ሀፃናቶች እራሳቸውን ለመከላከል ሰልጠና ላይ ናቸው 	1	0	0	0	0	0
amh_train_track1_206	ሮናልዶ ሁለት ጎሎች ባስቆጠረበት ጨዋታ ከአል-ናስር ጋር የመጀመሪያ ዋንጫውን አነሳ	0	0	0	0	0	0
amh_train_track1_207	ጥጋብ የሰው ችግር አላሳይህ ብሏል፣ በዚህ ልክ በሰው ስቃይ መደሰት ምን ይሉታል? ይሄ ልጅ ብቻ እኮ አይደለም ስለ ሰራችሁት ግፍ የነገራችሁ፣ እናቶቻቸውን ከፊታቸው	1	0	0	1	0	0
amh_train_track1_208	ይሄንን ለማመን ሁሉ ነው የከበደኝ ያሰዝናልም ያሳፍራልም ቃላት የለኝም የምገልፅበት ቃለ ምልልሱን መስማት አይጠበቅብህም የውሸት ሳቁን ብቻ እየው እንዴት እንደሚያላግጥ ለፍርድ መቅረብ ያለበትን ወንጀለኛ ጀግና አድርገን በአደባባይ እናቆለጳጵሳለን እንዴ 	1	1	0	1	0	0
amh_train_track1_209	ሰላም ጤና ይስጥልኝ አብይ አስመሳይ ዉሸታም ነዉ ምላሱ በሀርም በዉጭም ላሉ ኢትዮጵያዉያን እንዲገደሉ መርዝ መልክት ነዉ ድሮንን ጨምሮ	0	1	0	0	0	0
amh_train_track1_210	አቤት መች ነው በሁለቱም ወገን መጎዳዳት የሚቆመው ሞት ለማንም አይቀርም ምን አጣደፉቸው የፍቅረኛዋ ሀዘን ሳትወጣ	0	0	0	1	0	0
amh_train_track1_211	ለኤርትራ ይፋዊ ያልሆነ ጥያቄ ይቀርብላታል ተብሎ ይጠበቃል ... .ላለፉት 18 ወራት የነበረውን የጦርነት ቀውስ በድርድር ለመፍታት መንግስት ስለወሰነ ወዳጅ ሀገር ኤርትራ በጦርነቱ ምክንያት የያዘችውን የትግራይ ክልልል መሬት እንድትለቅና ... የድንበር ግጭት እንዳይፈጠር አስፈላጊውን ትብብብር እንድታደርግ ለመግለጽ እንወዳለን ... በቀጣይነትም የአካባቢውን ሰላም ለማረጋገጥ በድንበር ዙሪያ የኢፌዴሪ መከላከያ ሀይልን የምናሰፍር ሲሆን	0	0	0	0	0	0
amh_train_track1_212	ስጠላት እጭምስጥ ነገር ናት	0	1	0	0	0	0
amh_train_track1_213	ትልቅ የሚሰጥ ታሪክ ነው አገልጋይም ከአሸዋና ከሲቢንቶ አልተሰራም ስጋ ለባሽ ነው ስናገለግል ጥንቃቄ ማድረግ አለብን ምከንያቱም ሌላው ተገልጋዩ እንደምሳሌ ስለሚያየን ንቁ መሆን አለሀሳብ ፈፅሞ አንስተውም ይላል ቃሉ ሰናማክርም ለብቻ ማማማከር የለብንም ሌሎችን የአገልግሎት ሸክም ያላቸውን ማካት የአንተ ማዘን በዛ ሸክሙ ያንተብቻ መሆን የለበትም የቤ ክር ጭምር እንጂ ብቻህን ስለተሸከምክ ነው ለውድቀት የተዳረከው አሁንም ኦር ምህረት ያድርግ	0	0	0	0	0	0
amh_train_track1_214	ደርግ ኢሠፓን ከወያኔ ጋር አመሳስልህ ማቅረብህ ትክክል አይደለም  ቢያንስ ደርግ ለሀገር አንድነት ታግሏል	1	0	0	0	0	0
amh_train_track1_215	ከፋፍለህ ግዛው ወያኔን እንባ ጠባቂ አላባረረውም! ይህን የ15ኛው ክዘመን መርህ አልባ ኢሰብአዊ ዘረኛን ኢሰመኮ አያነሳውም።	1	0	0	0	0	0
amh_train_track1_216	ይኽን ነገርአ ንድ ቀን ፕራንክ ነው! እንዳይለን ብቻ ?! የጉድ ጊዜ!	0	0	1	0	0	1
amh_train_track1_217	እንደውም እድለኛ ነው በሂወት መኖሩ ቢገደል ኖሮ የኢትዮጵያ ሕዝብ ሰላም ያገኛል	0	1	0	0	0	0
amh_train_track1_218	አሁን በትክክክል ትዛዝ ተቀባይነትዎን ይፋ አደረጉ በንፁሃን ደም እና ንብረት ውድመት የነጮች አላማ አስፈፃሚ መሆን እጅግ ያማል ይበልጥ የሚያስፈራው በቀጣይም የተደገሰው አሻጥራዊ የሞት ድግስ ነው ምን ያህል ሀዝብ መጨረስ ይሆን እቅዱ ፈጣሪ ይሁነን	0	1	1	1	0	0
amh_train_track1_219	ጃዋር መሐመድ ከደረጀ ኃይሌ እሁድ ዛሬ ላይ ሁኜ እሁድ እሩቅ መስሎ ታየኝ የሚገርም ቃለ ምልልስ እንደሚኖራችሁ እርግጠኛ ነኝ እስከዚያው መልካሙን ሁሉ ተመኘሁ	0	0	0	0	1	0
amh_train_track1_220	1168 እስከ መጨረሸ አያሁ በጠም ደስ የሚል ነው ፍልም ነው	0	0	0	0	1	0
amh_train_track1_221	በጣም ቆንጆ እና ዉብ ነዉ ለአይን ማራኪ ነዉ ይሄን ዉብ ፕሮጀክት ለማድነቅ ቅድሚያ ዜግቼ ማህበራው ዋስትናቸው መረጋገጥ አለበት ብዬ አስባለው	0	0	0	0	1	0
amh_train_track1_222	የጠባብ ጎጠኞች የማውደም ዘመቻ 1ነፃነትን አስጠባቂ ሀገር ገንቢ ዘመናዊነትን አምጪና ለጥቁር ህዝቦች ሁሉ ኩራት የነበረውን ዘውዳዊ ስርአትን አፈረሱ 2 አሁን ደግሞ ኦርቶዶክስን ለ	1	0	0	0	0	0
amh_train_track1_223	ስለመደ ወላቡ university መምህራን ህልፈተ ህይወት የተሰማኝን ጥልቅ ሀዘን እየገለፅኩ ፈጣሪ በቀኝ ጎኑ ነፍሳቸውን ያሳርፍልኝ ስል መፅናናቱን ደሞ ለቤተሰቦቻቸው እግዚአብሔር ይ	0	0	0	1	0	0
amh_train_track1_224	አአ የኦሮሞ ስለሆነች ብዙም አይነፈም አድማው	0	0	0	0	0	0
amh_train_track1_225	የዚ መንደር ሰዎች ኮመንት ግርምት ይጭርብኛል ይሄ ማቆሚያ የሌለዉ የህፃናት ጩኸት ዋይታ ለምድሪቷ ሰላም መጥፋት ዋና ምክንያት ነዉ። ሰላም ላለማችን ፣ሰላም 🇯🇴🇮🇱🙏	0	0	0	1	0	1
amh_train_track1_226	የከሰረ ነጋዴ የቀድሞ መዝገብ ያገላብጣል ነው የሚባለው ነበር ምን ጥቅም ኣለው ሻብያ በትናንሽ ጀልባዎች ተጠቅሞ የኢትዮጵያ ባህር ሃይል መርከቦችን የሚቃጠል ኣቃጥሎ የሚማረክ ማርኮ ለአንዴና እና ለመጨረሻ ግዜ ደምስሶቷል እድለኛ ሆነው ከሞት የተረፉ የቀድሞ ባህር ሃይል ኣባላት ኣሁን ከ33 ዓመት በሀኃላ በቲቪ መፎከር ጅብ ከሄደ ውሻ ጮሀ ነው የሚባል ነገር ኣስታወሰኝ	1	0	0	0	0	0
amh_train_track1_227	በውስጣችሁ የሌለውን ነገር ወርቃማ ቃላት በመደርደር ህዝብን ማጭበርበሪያው ጊዜ አክትሟል። እጅግ ተራ ፕሮፖጋንዳ ነው። ?ስለ ፍቅር እየሰበኩ በሚሊዮን የሚቆ	1	1	0	0	0	0
amh_train_track1_228	ለኢትዮጵያ ወታደሮች ትልቅ አክብሮት አለኝ አሁን ላይ በወገኖቼ ላይ እያደረሱ ያሉትን ብቃወምም የመጡበትን ጀግንነትና ቁርጠኝነት ሳላደንቅ አላልፍም የመተቸት ሞራልም የለኝም ግን ስልጣንን ለማቆየት ተብሎ ንፁሃንን መግደል ይብቃ 	0	0	0	1	1	0
amh_train_track1_229	ውሸት እንደ ብልጠት ነው የምታስቡት ጁንታዎች ? የሀ ቪድዮ የባንኩ ሰራተኛ ነው። ስለ ኤርትራ ኩፋ ከማሰብ ኣይናቹ እንደሱ ነው የሚያይ። ወራዳ ?	0	1	0	0	0	0
amh_train_track1_230	ውይ እግዚኦ መሀረነ እግዚኦኦኦ መሀረነ😭😭😭 አረ እናት አልነበረችም አረመኔ የኔ እናት ጠላትሽ ይሰቃይ አፈር ልብላ አረ አምላኬ ምን አይነት ዘመን ደረስን አረ ድረሱላት 😭😭😭	0	0	0	1	0	0
amh_train_track1_231	እንዲያቆዩት ነው። የሌለው ጥሩ ስራ አይታየውም ፤ የእነሱ ምቀኝነት ግን እንደ ፅድቅ ይታያቸዋል ። ኧረ ሸም 1 ሰው እንኳ የላቸውም ከመጥፎ የሚከለክላቸው ።	1	1	0	1	0	0
amh_train_track1_232	መጽሀፉን አስተማሪና ዘማሪ ናቸው ወድሜ፤ ቃሉ ለነሱ ላለፉበት ተብሎ ይቀየር?አንድ ስጋ ይሆናሉ የሚለውን ቀይረን በሰላም ይለያያሉ ምክንያትቱም መከራ ስለበዛባቸ	1	0	0	1	0	0
amh_train_track1_233	አቶ ደረጄ እጅግ እናመሰግናለን የእነደዚህ ኤእነት ሰዎች ሃሳብ ስለምታጋራን ለአቶ ጃዋርም ትልቅ አድናቆት እና አክብሮትያለኝ ሰው ነኝ እኔ ቀድሞም አቶ ጃዋር ኢትዮጲያን የሚያውቃት ከውጭ ብቻ ነበር ይሰማኝ ነበር በሕዝቡ መካከል ውስጥ ሆኖ ኢትዮጲያን ሲመለከታት ሌላ የማያውቃትም ኢትዮጲያ እንዳለች ይገነዘባል የሚል እምነትም ነበረኝ አሁንም ኢትዮጲያ በቆየባቸው ጊዜያት በተወሰነ መልኩ ያቺ ሌላኛዋ ኢትዮጲያ ያያ ት እየመሰለኝ ነው ወደፊት ደግሞ	0	0	0	0	1	0
amh_train_track1_234	የቁጥር ብዛት ሳይሆን ጥራት ጀግንነት አስተዋይነት አትንኩኝ ባይነት ታዲያ በዓውደ ግንባሩ ላይ የምንማርካቸው ዘመዶችህን መልዕክ አልሰማህ ይሆን እኔ ነኝ ጃዊሳ ምናምንቴውን በቁሙ የማስፈሳ 	1	1	0	0	0	0
amh_train_track1_235	እሱን ታየዋለክ በቅርቡ የማይነካ ነክቷል ምድራዊ ደስታ ጊዜያዊ ነው ግን ሁሌ የማይጠፋውን ሰማያዊ ደስታን አለማየት ግን ድንቁርና ነው የጭቃ ውስጥ እሾክ	1	1	0	0	0	0
amh_train_track1_236	460 እናቶቻችንንን የፊታቸውን ደስታ ታጨልማለህ። ምንም ይሁን ለእናቶች ትንሽ ክብር ይኑርህ። ዝቅጠት።	1	1	0	0	0	0
amh_train_track1_237	ከባድ ነው እሥከ መቸ ዝምታው እኛ ከባድ መሳሪያ ኖራቸው አልኖራቸው ምን ያረግልናል ዝምታነውን ከቀጠሉ  በፍልሥጤም ላይ አሰየሆነ ያለው እባም ቃልም አይገልፀውም ኢላሂ እዝነትህን አውርድ አረመኔ ኢሥራኢል አዩሁዶችን ከምድር አጥፋልን ያረብብ	1	1	0	1	0	0
amh_train_track1_238	ፕራንክ እያደረጉት እንዳይሆን	0	0	0	0	0	0
amh_train_track1_239	?ስለሀገርህ ህዝብ መከራ ረሃብና ጥማት ከቀዬው ተፈናቅሎ ችግር ላይ መውደቁን መናገር መንግስትን ለመገልበጥ ማሴር መንግስትን ማሳጣት ከሆነ ታዲያ ምኑን ነው ሀገር የምንለው ማ	1	0	0	1	0	0
amh_train_track1_240	ማየት ማመን ነው  ከስክራች ተነስተን እዚህ መድረስ በራሱ የሚገርምና የሚደንቅ ጅግንነትም ጭምር ነው ፈጣሪ ኢተዮጲያንና ህዝቦቾን ይባርክ እናንተም በእውነተኝነትና በቆራጥነት እነደ ከዚን በፊቱ ጅግኖች ሃገራችሁንና ህዝበችሁን የምትጠብቁ ያድርገችሁ ፈጣሪ ክፉውን ሁሉ ይያዝላችሁ እወዳችሆለሁ 	0	0	0	0	1	1
amh_train_track1_241	ሰውነት ሴትነትና ጤናማ ማህበረሰብነት ላይ የተደቀነ አስፈሪ አደጋ ?	0	0	1	0	0	0
amh_train_track1_242	በጣም ግሩም ድንቅ እና ልብ አንጠልጣይ ድራማ ህግ ምን መምሰል እንዳለበት ህግን አስፈፃሚው እና ተርጏሚው ሰራቸውን ለማሳየት የተሞከረበት በመሆኑ ሳላደንቅ አላ ልፍም ክፍል 5 ምን ይሆን	0	0	0	0	1	0
amh_train_track1_243	ኢሚሊዬ እንኳን ተገኘች ኡፍፍ አባቷ በጣም ነበር ያስለቀስኝ የኔ አባት እንኳን ደስ አለህ	0	0	0	0	1	0
amh_train_track1_244	ብሊንከን የጋዛ የተኩስ አቁም ጥሪን ውድቅ አደረጉ	0	0	0	0	0	0
amh_train_track1_245	ልንታመም እንችላለን መዳኒታችን ያድነናል ልንወድቅ እንችላለን ያምተውን ያነሳናል መከራ ልታበዛብን ትችላለህ ግን የፈጠረን አይተወንም ።አንተ እንክርዳድ እጅህን ከቤተ ክርሰቲያንአችን	1	1	0	1	0	0
amh_train_track1_246	ኢየሱስ ምህረትን ይላክላችሁ...	0	0	0	1	0	0
amh_train_track1_247	ለምን ይቦቀቦቃል ታማልዳለች ለምን አይልም ከዚህ የበለጠ ውሸት ስዋሹ እንደምውሉ ገና አላለማመዱትም የየየደንበጫ ደብተራዎችን እከተላለሀ ጉድ ሆነ	0	1	0	0	0	0
amh_train_track1_248	ይድረስ ለመላ የ ሃገሬ ሰወች ለሁሉም እንዲደርስ ሸር በማረግ ይተባበሩን ከሁሉም አስቀድሜ ፈጣሩን እሄርን አመሰግናለሁ ይሄ በምስል የምታየው ወንድማቹ አንጎሶም ፍትዊ እባላለሁ እንየ ወንድማቹ 2010 ዓም ጀምሬ የአንጀት ቲቪ ተብሎ ሆደን ኦፕረሽን ተደርጌ ከባድ ስቃይ በ 2 ዓመት ውስጥ 4 ከባድ ቀዶ ጥገና እና 3 ቀላል ጥገና በመቀሌ ኣይደር ሆስቢታል አርጌ ተሽሎን ለ 6 ወር የ ትቪ መድሃንት ተሰጥቶን 2012 ዓም መድሃንቱን ጨርሼ በደንብ 	0	0	0	1	0	0
amh_train_track1_249	ያንተ ነገር ፓስተር ፕራንክ ነው እዳትለው ብቻ ዥልጥ😏😏😏	0	1	0	0	0	0
amh_train_track1_250	ብአዴንን እንደ ጣኦት አምላካዊ፣ህዝባዊ መሰረት ሆኖ አቅፎ የያዘው ምእራብ አማራ ወደ ሸዋ ከተሞች አትገባም ተብሎ በኦነግ ሲታገድ ለዚህ ሁል ስቃይ ውርደት የዳረገውን ብአዲንን ከባህር	1	1	0	0	0	0
amh_train_track1_251	የጀግናው ጥበበኛውና አስተዋይ መሪያችን ዶር አብያቾን የሚገርም ጥቅስ!1ጠብ አቁም ሰላም ለመፍጠር በቂ ያልሆነ ምክንያትና ትክክለኛ ያልሆነ ጊዜ የለም2ሁለት አመት ከመዋጋት 2	0	0	0	0	1	0
amh_train_track1_252	ገጦ ይመችህ ደሞ ፕራንክ ነው ብለህ እንዳትመለስ	0	0	0	0	1	0
amh_train_track1_253	ሕገወጥ የተባለው የህወሓት ካድሬዎች ስብሰባ ዋነኛ አጀንዳ ምን ነበረ?	0	0	0	0	0	0
amh_train_track1_254	ይህ የአማራ ተበደለ አዛኝ፣ ተቆርቋሪ፣ ተበቃይና ጠበቃዊ ፅንፈኝነት ከሁሉም አደጋው የከፋ የሚያደርገው የጠላቴ ጠላት ወዳጄ ነው መርህ የባእዳን ጣልቃ ገ	1	0	0	0	0	0
amh_train_track1_255	በነገራችን ላይ ደረጀ ጃወር ለኢትዮጵያ መርዘኛ ፓለቲከኛ እንደነበረ የምንረሳው ጉዳይ አይደለም ዛሬ እንደሚናገረው አይደለምበለውጡ ጅማሪ አገርን ሲያምሳት ነበር ዛሬ እራሱን ነጻ ለማድረግ ሲሞክር የሚገርም ነው ድሬ ጎበዝ ጋዜጠኛ እንደሆንክ አውቃለው ይሁን እንጅ የአሁኑ ቃል ምልልስ በጃወር ፍላጎት የመጣ ይመስላል 	0	1	0	0	0	1
amh_train_track1_256	ለምን ሰባት ቀን አደርገው ሁለትቀን ለምን አላደገውም ይሄ ሽፍላ ምን ሊያመጣ ነው የሚያስፈራራውን ይፈልግ ድልል ለፋኖኖ ድል ለአማራ ህዝብ	1	0	0	0	0	0
amh_train_track1_257	"""አባቴ ዶናልድ ትራምፕ መሞታቸውን ስገልፅ በታላቅ ሀዘን ነው"" - የተጠለፈው የትራምፕ ልጅ ገፅ"	0	0	0	0	0	0
amh_train_track1_258	አማራ ትግራይ ገብቶ ሲጨፈጭፍ ታዝሎ ገብቶ ያሁላ መከራ ሳይደርስ ኣንድም የአማራ ኤሊት ኣይሆንምኣላኣለ ይሄ ዛሬ ለማንም የማይጠቅም እልቂት እዲቆም እንፀልያኣለን	0	1	0	1	0	0
amh_train_track1_259	ዘላለማዊ ውርደትና ሞት ለአብይ መከላከያ	0	1	0	0	0	0
amh_train_track1_260	ገዳዮች እስካልተገደሉ ወንጀሉን መደጋገማቸዉና ሌሎችም የእነሱን ፈለግ እንዲከተሉ ማድረጋቸዉ አይቀርም	1	0	0	0	0	0
amh_train_track1_261	የኢትዮጵያን ምሁራን ጀነራሎች ጨፍጭፎ አገረ ባዶ አርጎ ለወያኔ የሥረከበ ምቀኛ እና መሠሪ ነበረ መንግስቱ እንኳን ሀገር ቀበሌ የማያሥተዳድር አይምሮ ይዞ ሥንቱን ጀግና አሥበላው አምባገነኖች ፈሪ ናቸው ዘሎ ሠው ሚገድል ፈሪ ነው ይህ ሰው በመጨረሻ ጡረታ የወጡ አባቶች ሳይቀር ዳግም ዘማች ብሎ ለጠላት ጥሏቸው ፈርጥጧል ብዙ ሠው ይህ ሰው ኢትዮጵያ ሥለሚል መንጌ ቆራጡ ይላል ሠውየው ግን ያገር ጠላት ነበረ	0	1	0	0	0	0
amh_train_track1_262	ፊደል የቆጠርኩኝ ዘረኛ ነኝ እያልከን ለሀገር የሚበጁ እረኞች መሆናቸውን መናገርህ በስህተት ሠው ሠው ከሚሸቱ ሠዎች ጋር ውሎህን እንዳደረግክ ያሳብቅብሃል።	0	1	0	0	0	0
amh_train_track1_263	መንጌ ጀግና መሪ ነበር አሁን በዘር የሚባሉትን እሱ ቢሆን ጆራቸው ይበጥስ ነበር ወደው ሳይሆን በግዳቸው ኢትዮጵያን አንድነት ይቀበሉ ነበር ።ገና ብዙ ችግር ያለባት ሀገር ህዝብ እራሱ በደንብ በልቶ ያልጠገበበበት ሀገር ላይ ጦርነት በፍፁም አይታሰብም የእውቀት ማነስ ነው እግዚአብሔር ኢትዮጵያ ያሳባት ሌላ ምን እላለሁ 🙏🙏🙏🇪🇹	0	0	0	1	0	0
amh_train_track1_264	እኔ ምንም ቃል የለኝም ኪዳነ ምህረት መከራሽን ታቅልልልሽ እህቴ አይዞሽ የኔ ምስኪን ይሄ ሁሉ ግፍ በአንድ ትንሽዬ ሴት ልጅ ላይ ምን አይነት ጊዜ ላይ ደረስን ይሄን የልብ ስብራት የሚጠግንልሽ ምን ይሆን 😭😭😭	0	0	0	1	0	0
amh_train_track1_265	የነዚህ ህፃናት ሞት ትኩረት ሊሰጠው ይገባል የነገ ሀገር ተረካቢ ትውልድ ህይወት እየቀጠፈ የሚገኘው በሰሜን በተከሰተው ጦርነት ተቀብረው የነበሩ ተቀጣጣይ ፈንጂ እና ቦምብ በአፋር ክል	1	0	0	1	0	0
amh_train_track1_266	የቅኝ ግዛት map የሚባል እኮ የእነ ጣልያን እንግሊዝ የሳሉት እኮ ነው እንጂ ደርግ እማ እንዴት አርጎ ነው ቅኝ የሚገዛን ያለ Russia ድጋፍ እኮ አንድ ዐመት አይቆይም ነበረ የኤርትራ ሸንጎ ፈደረሽኑን አፈረሰው የሚባል ደግሞ ውሸት ነው ጃንሆይ ነው በተንኮሉ በግፊት ያፈረሰው ጠሚ አብይም በግልጽ ብሎታል በፓርላማ ግን ለጎረቤታቹ ከፍላቹ ብትጠቀሙ የት ነው ጉዳቱ ወንድምህ ቢጠቀም ምንድነው ጥፋቱ ይሄ እየሄደ ያለ propaganda	1	0	0	0	0	0
amh_train_track1_267	በጥቅምት ወር በታሪካዊቷ የላሊበላ ከተማ  የተከሰተው ምንድን ነው?	0	0	0	0	0	0
amh_train_track1_268	የማንንንም ቀልብ ስትገፍ መጨረሻህ እሄ ሆነ ጥሩ ነው	0	1	0	0	0	0
amh_train_track1_269	የጠቅላይ ሚንስትር አማካር አባሳደር እጅግ ይመቸኛል ንግግሩን አደንቃለሁ በጣም	0	0	0	0	1	0
amh_train_track1_270	ናቲ፣ በቴሌግራም በትዊተርም ፣ አረጋጊና ኒዩትራል አሳብህ አመሰግንሀለሁ። በልዩ ሀይል ጉዳይ የአማራ ሕዝብ ስጋት የመሰለኝ የወልቃይትና የራያ ነገርስ እንዴ	0	0	0	0	1	0
amh_train_track1_271	ባህራችንን የሰረቃችውብንን ውለታ ነው የምናስታውሰው  ታዲያ የቱን ውለታ ይሆን የምትለን እንደውም ክፋ ምቀኛችን እናንተ ናቹ ኢትዮዽያ ባህር የሚሰጣት ሃገር ማግኘቷ ከባድ ድንግጣ ውስጥ ከቷቹዋል ድንገት ያልጠበቃቹት ነገር ከሰመመናቹ ሲያነቃቹ ይሄኔ ውለታ የምትለው ለኢሳያስ ስልጣን ትግራይ ዘምተህ ጭዳ የሆንክበትን ይሆናል እኮ	1	1	0	0	0	0
amh_train_track1_272	የኢትዮጵያ ደራሲያን ግልሙትና የታየበት አጋጣሚ ነው ዘሩባቤል ያላነሳሃቸው ጥያቄዎች 1 የደራሲው የትምህርት እና የጸሓፊነት ህይወት 2 ለመጻፍ ያነሳሳህ ምክንያት ምንድን ነው 3 የተስፋዬ ተችዎችና ጠላቶች ለምን ይጠሉታል 4 ያን ያክል ጥላቻ የሚገባው ደራሲ ነው ወይ 5 ለኢትዮጵያ ያለው አመለካከት እና ደራሲነቱ 6 ብዕሩን ለፖለቲካ ኢላማ ተጠቅሞበታል ወይ 7 ተስፋዬ ጉቺ እንደደራሲ እንደከኦሮሞ ብሔር የተገኘ ከሆነ የተስፋዬን ሃሳብን ይጋራል 	1	0	0	0	0	0
amh_train_track1_273	ሰላም እዴት ናችሁ ስራ ካለ ቴሌግራም ላይ አዋሩኝ 	0	0	0	0	0	0
amh_train_track1_274	አለምነህ አንተ አንጋፋ ጋዜጠኛ ነህ እንደዚህ ለአንተ የሚመኑ ትንታኔ ነዉ ማቅረብ ያለብህ ከወገንተኝነት የፃዳ ማለቴ ነዉ ለምሳሌ ሐማስን ወይም የእስራኤል መንግስት የሚደግፍ ሰዉ ጤነኛ አይደለም ሁለቱም ምስኪኑን የእስራኤልና የፍልስጤም ህዝብ የሚገድሉ ናቸዉ በሰዉ ሞት የሚደሰት በምን እንደ መገልፀዉ አላቅም እንጃ አንተ ግን በተቻለህ በጠን ያለ ሀጥያታቸዉ በአለም ላይ ስለ ሚሰቃዩ ህፃናትና ሴቶች እና ህዝቦች በእኩል እይና ድምፅ እንድትሆናቸ	0	0	0	0	1	0
amh_train_track1_275	በጥሎሽ ምክንያት የትዳር አጋር ማግኘት ያልቻለችው ወጣት የጀመረችው ዘመቻ	0	0	0	0	0	0
amh_train_track1_276	በሰው የተጻፈ የገድላት ተረት ተረት መጻፍ አንብበህ ነው ጳጳስ የሆንከው ያሳዝናል !መጽሐፍ ቅዱስ ለሳምንት ተረድቶ የነበበ ይህን አያስብም የሆነ ሆኖ እግ	0	1	0	1	0	0
amh_train_track1_277	ጠቅለይ ሚኒስትሩ ለኤርትራውያን ያጎጉት ስጦታ ረሱ ለይገኝ ይችለልኤርትራውያን ግን መወቅ ያለበቸው መቶ ሀያ ሚሊዮን ኢትዮያዊያን ህልውናቸውን ጥለው የመይኖሩ እንደይመስለቻው	1	0	0	0	0	0
amh_train_track1_278	ሣምሪሥዎድሽ የእውነት ምርጥ ነሽ	0	0	0	0	1	0
amh_train_track1_279	ሀይማኖት እና ፖለቲካ ያልገባው ግራ የተጋባ በፋሺዝም እና በሚሊተሪዝም ፍቅር እያበደ ያለ ሁሉንም ፈላጊ ሁሉንም አዋቂ ነኝ ባይ ስብዕና የሚታይበት ።	1	1	0	0	0	0
amh_train_track1_280	ህገመንግሥት ተብዪው አገር አፍራሻና ህዝብን በማያቆርጥ ጦርነት እንዲኖር የተጻፈ ነው የአንድ አገር ህገመንግሥት ህዝቦችን አፋቅሮ ያማኖር ከሆነ ምን ህገመንግሥት ይባላል	1	1	0	0	0	0
amh_train_track1_281	እውነት የሱህ ተማሪ ከሆንሽ የኖረውን ለመኖር ሞክሪ እስኪ 7ዓመት ጥፊ። ባላዋቃነት ውስጥ በድፍረት የምትቆሚ ያልታሰበ ታስቦል ብለሽ የምታወሪ ለመቆም ሰውን የምትደገፊ በራስሽ አቆም ሳይሆን ሁል ጊዜ በሰው አሳብ ለመቆም የምትሞክሪ ነሽ ።	1	1	0	0	0	0
amh_train_track1_282	“ቭላድሚር ፑቲን ካልተመረጡ ማን ሊመረጥ ነው?”	0	0	0	0	0	0
amh_train_track1_283	ኮቴ መናናስ አንተ ነህ ዘረኛ ዘርህን የማታውቅ ዘረ ቢስ ዘረኜ መሀይም አንተ ስትጠላው ስትረግመው ለመግደል ስትሄድ እሱ በእግዚአብሔር መንገድ እየሄደ አሳረረህ አደበነህ ምኞትህን ፍላጎትህን አኮላሽቶ ከፍ አለ ከፍም ይላል	1	1	0	0	0	0
amh_train_track1_284	ከፕራንክ ከፍ ወዳለ ፕራንክና ፍራንክ እንኳን አሸጋገረህ። መልካም የጠረባ ዘመን	0	1	0	0	0	0
amh_train_track1_285	ካሪም ቤንዜማ የፈረንሳይ አገር ውስጥ ሚኒስትርን በስም ማጥፋት ከሰሰ	0	0	0	0	0	0
amh_train_track1_286	አብይ አህመድ ዛሬ ባደረገው ንግግር ጦርነቱ የትግራይ እና የአማራ እንደነበር አድርጎ ሊያቀርብ የሄደበት እርቀት በጣም የሚገርም ነው። ከዚህ በኋላም ቢሆን በሁለቱ ህዝቦች ላይ ቁማር	1	0	0	0	0	1
amh_train_track1_287	ውይ የዚህ ዘመን እብዶች እራሳቸውን ችለው ለምን አያብዱም ለምን ሌላ ሰው ለማሳበድ ይጥራሉ እብዶች እዛው እራሳችሁን ቻሉ በናታችሁ ሰው ላይ ለመለጠፍ አትሞክሩ አጭቤ አስመሳይ ነሽ ማነሽ ጅማ ነሽ ጀማነሽ ሆት ኤቨር አርፈሽ ተቀመጪ ወይም2-7 ፀበል ተጠመቂ የያዘሽ አጭቤው አጋንንንትሽ ይለቅሻል🤪🤪🤪😀😀😀😁😁😁	1	1	0	0	0	0
amh_train_track1_288	አብቹ አላህ ይጠብቅህ ጥራት ያለዉ ህይወት ለመላዉ ኢትዮጵያውያን ይገባቸዋል ብለህ ስለምታምን ነዉ እሄ በአጋጣሚ የመጣ ስብእና ሊሆን አይችልም እንደ አቶ ዮናስ ያሉ ቅን ኢትዮጵያዉያንን በማስተባበር በዜጎች ህይወት ላይ እንዲህ ትርጉም ባለዉ መል አዎንታዊ ተፅእኖ ማምጣትህ በሃገሬ ነጌ ላይ ያለኝን ተስፋ ያለመልመዋል	0	0	0	0	1	0
amh_train_track1_289	እነዚህ ሰዎች ወደ ስልጣን ከመጡ ጀምሮ የኢትዮጵያ እናቶች እንቅልፍ ተኝተው አያውቁም የሀገራችን ህዝቦች እርስበርስ እየተበላሉ ነው ። ሞት ምንም እየመሰላቸው አይደለም ።	0	1	0	1	0	0
amh_train_track1_290	ከአጠገብ ህፃን እያለ እንደዚህ አይነት ፕራንክ ደስ አይልም	0	0	0	0	0	0
amh_train_track1_291	እናት ሁሌም ሰርፕራይዝ ትሁን❤❤❤	0	0	0	0	1	1
amh_train_track1_292	በጣም ግፍ መስራት ጥሩ አይደለም እስራኢል ፍሊስጤንንን በቀን በቀን እያሰቃየች መውጫ መግቢያ አሳጥታቸው ነበር ጎርፉ ሁኖ መጣ	0	1	0	0	0	0
amh_train_track1_293	ኢላን መስክ በሰው አንጎል ውስጥ የሚገጠም ‘ኒውራሊንክ ቺፕ’ ይፋ አደረገ	0	0	0	0	0	0
amh_train_track1_294	ይሄ ጥሩ ዜና ነው ልጅ ናትናኤል	0	0	0	0	1	0
amh_train_track1_295	በርችልኝ አፀድዪ ለሰለሰ ያሉ ሙዚቃወችን ተጫወች እሺ መልካም እድል አፀዱዪዪ	0	0	0	0	1	0
amh_train_track1_296	ሰላም የምታሳጣን እኮ የዘመኑ ባቢሎን ነች ሀይለስላሴ በተማሪ ንቅናቄ ስም መንግስቱ በቀይ ሽብር በሻቢያና በወያኔ ስም እሁን ደግሞ በጁንታበሸኔበፋኖ እያለች ደም የምታፈሰው ባቢሎ እንደሆነች ትውልዱ እየነቃነው	1	0	0	0	0	0
amh_train_track1_297	እኔ የሚገርመኝ ሌላ ኢትዮጵያ አለች እንዴ እኛ የማናውቃት ስንቱ በብሄሩ የተነሳ መከራ እኛኘ ባለበት ሀገር አረ እንፈር	1	0	0	0	0	1
amh_train_track1_298	ለኢትዮ እንደ ግብፅ ጠላት የለም ኢትዮን ለመውጋት አጋጣሚን ብቻ ነው ያረብ አላህ በላውን ያውርድብሽ	0	1	0	0	0	0
amh_train_track1_299	በመሬ ደረጃ ተሰይማችሁ እዲህ መውረድ በስም አብ ወወወልድ ወመንፍስ ቅዱስ ይግርማል ያሳዝናል	0	0	0	1	0	0
amh_train_track1_300	እናንተ መቸም አትማሩም ምድረ አውሬ ሁላ።	1	1	0	0	0	0
amh_train_track1_301	በግጭቶች ምክንያት በኢትዮጵያ ውስጥ ወሳኝ የምርምር ሥራቸው መስተጓጎሉን ፕሮፌሰር ገቢሳ ኤጀታ ገለጹ	0	0	0	0	0	0
amh_train_track1_302	ኣንቺ የታሪክ ፀሃፊ ነኝ ብትልኝ እገረማለሁ ምክንያቱ ታሪክ ፀሃፊ ኮሆንሽ የተወለድሽበት ቢሄር ብቻ ነሽ ምትፅፊ እንጂ የሌላ ታሪክ መፃፍ ኣትችይም ምክንያቱ ኣስተሳሰብሽ ጠባብ ነው ።እስቲ ጃንሆይ እኮ የወሎ እና የትግራይ ህዝብ በረሃብ ሲያልቅ ንጉሱ የውሻቸው ዓመት ኬክ ቆርሶው እያከበሩ ነበሩ ብቻ ሳይሆን ጋዜጠኞች መጥተው ራሃቡን እንዳይዘግቡ የተራበው ሰውም እንዳይታይ ያደረጉ ግፈኛ መሪ መሆናቸው መች ኣወቅሽ ።በ1935 ጣልያን ለዳግማይ ወ	0	1	0	0	0	0
amh_train_track1_303	ድንቄም! ጀግና ሆነ መንግስቱ ??? ተረሳሽ ወይ ብሎአል ዘፋኝ ::: የሰው ልጅ እንደ ቅጠል የረገፈበት ዘመኑ ተረሳ አይይይ ይህንም ::: ጂንጆሮ ምን አለች አሉ --- ይገርማል --- ለሰው ሞት አነሰው ነበር: ይሆናል! እኔም ልረሳ ይሆን ተረቱን? እስኪ ቀልዱ እርሱት ለነገሩ ከሞተ ጋር አይሞትም: ይሁንላችሁ እርሱት። አይይይ መንግስቱ ዘመንህም ይረሳል??? እረ በስመ አብ ብየ ልተወው። እናንተም ቀልዱ !!! ያንን	1	1	0	0	0	0
amh_train_track1_304	በድለውናል ይበቃናል ከዚህ በላይ እንዲበድሉን መፍቀድ የለብንም! ወዲህ ደግሞ ቀይ ሽብር በገሐድ ተጀምሯል።	1	0	0	1	0	0
amh_train_track1_305	ዋንጫው ጥርጥር የለሌው የ ትግስት አስማረ ነዉ ባስደናቂ የድምፅ ውበት ጋር	0	0	0	0	1	0
amh_train_track1_306	አይ የገማ የዘር ቦቶሊካ ! ያው ዘረኛ ነው ሚሉኝ ሚለው የሃይማኖት መሪ ሆኖ ግን ዘረኝነት ይቀፋል ፡፡ ዘረኝነት በBible ም በQuran ም ከተወ	1	1	0	0	0	0
amh_train_track1_307	እኔን የሚያስቀኝ ጉልሩና ጉልፈም ለብሽሽቅ የሚስቋት ሳቅ  እየተቃጠሉ ይስቃሉ ወይኔ	0	0	0	0	1	0
amh_train_track1_308	ሐዛ አይደል የ እስር ቤት ዘበኛ ትሁናላቹህ ያላችሁት ልክ አሁን ከ 50በላይ የፋኖ አባላት እንዳጉራችሁት ለማንኛውም ለሚመጣው ቀውስ ተዘጋጅ	1	0	0	0	0	0
amh_train_track1_309	አዋሽም ባንክም አደረጃጀቱ በብሔር ይታማል እሱ ማን ስለሆነ ነው ለቀጠራቸው ሰራተኞች የልብስ ቀለም የሚመርጠው። ገደባችሁን ባታልፉ ጥሩ ነው።	1	0	0	0	0	0
amh_train_track1_310	የኢትዮጵያ ባንዲራ አረንጓዴ 💚 ቢጫ💛 ቀይ ❤️ትርጓሜም ብትጽፉ ብዙ ግፍ እና ጥላቻ ትቀንሳላቹ።	0	0	0	0	0	0
amh_train_track1_311	ወይ አብይ እንዲህ አሸቆጠቆጣችሁ አይደል እኔ ለአባቶች እንድ ጥያቄ አለኝ ማህበረ ቅዱሳኖች እባካችሁ ይህንን ጥያቄ ጠይቁልኝ በየትኛው መንግስት ዘመን ነው ካህናት  መምህራን የሚያስተምሩትን ተመርጦላቸው ያስተማሩት  ጋዜጠኞች ተመርጦላቸው የሚጠይቁት ተጠያቅ አዘጋጅተው ተጠያቂው የሚመልሰውን ጥያቄ መንግስት ኢስኪሪፍት ፅፎ የሰጠውን እንድመልስ የተደረገበትን የመንግስ ዘመን ሊነግሩን ይችላሉ  ሌላው ለምን ለመንግስት አረንጓዴ ቢጫ ቀይ የለበሱ ሰ	1	0	0	1	0	0
amh_train_track1_312	እኛ ነን የሄድንባቸው እንጂ እነርሱ አልመጡብነም እህቴ ግን የአሽባሪ መድሓኒት ናት	0	0	0	0	1	0
amh_train_track1_313	Tomase Apostolic አታማልድም የሚል የመፅሐፍ ቅዱስ ጥቅስ አውጣልኝ	0	0	0	0	0	0
amh_train_track1_314	እደው እኮ አሻንጉሊት አረጉን ኦኮ የሚገርም ነው	1	0	0	0	0	0
amh_train_track1_315	የመግለጫ ጋጋታ በጣም ያሳዝናል ምነው ለጊዜው እንኳን ነገሮች በፍርድ ቤት እስኪጣሩ ድረስ የክልል ሀይል በቄሳውስት ላይ የሚያደርሱትን ግድያ እስር ቢያስቆም ምንድነው የኦሮሞ ክልልን	0	0	0	1	0	0
amh_train_track1_316	በጣም የሚገርም ነው!	0	0	0	0	0	1
amh_train_track1_317	ይሄንን ቪዲዮ አጥፋ! ይህ የአጋንንት ዓላማ ማስፈጸሚያ ማስተዋወቅ የው! እጅግ አደገኛ አካሄድ ነው። በዐማራ ሕዝብ ስም ንግድ ይቁም!	1	0	0	0	0	0
amh_train_track1_318	ዘንዶው በሲቱቱቱ ላይ ተቆጣ ሊወጣትም አሳደደደ ሰይጣንንን ነበረ የሚገረምወ በኢትዮጵያ ምድር አመቤቴ ደንግል መረያምን ሊውጦአት አነደዘነዶው የሚቆጡ ጉዶች ብዛታቸወ ሰይጣን አረፈ አገኘ የሚሳደቡ ምላሶች አሳዳጆች አንዲህ እርርር ደብን ማለት ይቻላል አንጂ ያለወላዲተ አምላክ ድህነት የለም ። አፋችሁን የከፈታቹ በስዋ ላይ ያው ዘነዶው የገባበት ነው መግቢያ በሩ	0	1	0	0	0	0
amh_train_track1_319	የተናገርከው ሁሉ ሕዝብ ከረፈደም ቢሆን ያውቀው እና የተረዳው ነው የማህበሩን ስለገለፅክ አናመሰግናለን ከምንም በላይ ጥሩሳት ላይ ዝምታ ን መምረጥህ ያስመሰግንሀልአስፈሪው ነገር ደሞ ያንተ በዚ ደረጃ ቅስም መሰበር	0	0	0	0	1	0
amh_train_track1_320	የአማራ ተብዬ ቄስና ደብተራ ነፍጠኛና መሬት ወራሪ ሠፋሪ ብሎም የፍንፍነ ኪስ አውላቅ ወንበዴ ሁላ ከነዚህ ማፍያ ማጅራት መቺ ግለሰቦች ተጠንቀቅ ተብለሃል በረፍውጅ ሲስቴም ውጪ ሆነ	0	1	0	0	0	0
amh_train_track1_321	አሁን የኛወቹ ምን አገባችሁ የራሷ አሮባት የሰው ታማስላለች አለ ያገሬ ሰው እደው ምን ጉድ ናችሁ እግዚአብሔር ለሁሉም ሰላሙን ያምጣልን	1	0	0	1	0	0
amh_train_track1_322	አለም እስካሁን በአገኘው አጋጣሚ ሁሉ እስራኤላውያንን በእጅጉ በድሏል አሁን ላይ ግን ያ አይቻልም እስራኤልን መንካት ምን ያክል ዋጋ እንደሚያስከፍል ሁሉም ቅጣቱን ይቀምሳል እስራኤል ወደ ፊት 	1	0	0	0	0	0
amh_train_track1_323	አንተኛም እኮ እንቅልፍም አይወስደን ? ይኸንን ማወቅ ከፈለክሽ አዲስ የተሰጠ ኮንዶሚንየም ተከራይ ከ3 ዓመት በኋላ መንገድ ላይ የተቀመጠ ህፃን ላይ ሁሉ ድንገት ል	1	0	0	0	0	0
amh_train_track1_324	ባለ ስልጣኑ ቀባጠረ እንዴ እኔ ጭራሸ አልሰማቸዉም ቀጥታ ኮሜንት ላይ ነዉ የምሄደዉ ሰማ ወንድሜ ረሀብም ድርቅም ጎርፍም ሰዉ ሰራሸ እንጂ ተፈጥራዊ አይደለም ተፈጥሮዊ ቢሆን ግብብፅ አንድ ወንዝ ይዛ በረሃ ላይ ትራብ ነበር ሳወዲያ አረብያ በረሃ ዉሰጥ ነዉ ያሉት ግን አይራቡም እንደልማዳቹህ ቤንዚን ሰሌላላቸዉ በሉኛ እንግዲያወሰ ደቡብ ሱዳንም ቤንዚን አላቸዉ የመንም አላቸዉ ሊቢያም ቤንዚል አላቸዉ ናይጄርያም እንዲሁ ማዕድን ባለዉ አይደለም ጭን	1	0	0	0	0	0
amh_train_track1_325	የሰላም ሽልማተት ሸልመው በጦርነት አስጨረሱን አሁን ደግሞ ምርት አተርፍርፉል ብለው በረሀብ ሊያስጨርሱን ነው ይህን ሽልማት ጥፋት የሆነበትን ሰውየ አላህ በመገላገያው ይገላግለን	0	1	0	0	0	0
amh_train_track1_326	የድህረአሰቃቂ ጭንቀት ችግርን ለማስወገድ በትግራይ ውስጥ ጾታዊ ጥቃት የደረሰባቸውን ሴቶች በውይይት ቴራፒ ክፍለ ጊዜዎች መደገፍ አለብን።	0	0	0	1	0	0
amh_train_track1_327	ሰላም የማስከበር ተልኮ በአግባቡ እስካልተሰራ ድረስ፡ ህዝቡ ከዘረፋም ይሁን ከግድያ ሊድን አይችልም፡ ዘንድሮ የህዝቡን እንባ የሚያብስ ማን ነው፡፡	0	0	0	1	0	0
amh_train_track1_328	Faysel Sherif ቦኃላ እንዳታላዝን በሰው ሞት በጦርነት የሚደሰት ሰይጣን ብቻ ነው የሀገራችን አይበቃም ወይ !!!	1	0	0	0	0	0
amh_train_track1_329	ራያ ቢራ ታክስ ቢጫንበት ጥሩ ነው ?	0	1	0	0	0	0
amh_train_track1_330	ፕራንክ እያላችሁ ሰይጣን አታስገቡ ሰይጣን እንዲህ አይነት መጃጃጃል ይወዳል	0	1	0	0	0	0
amh_train_track1_331	የጇን ታገኛለች በኋላ ላይ ይቺ ከይሲ	1	1	0	0	0	0
amh_train_track1_332	በቃ ይሄን ህዝብ በውሸት መረጃ ስታስረጨው ትውላለህ አይደል ፡ በጣም በሚገርም ሁኔታ በተለይ ከ5 ወር ወዲህ ወሬህ ሁሉ አብዛኛው ውሸት ነው ፡ ሁሌ ውሸት ውሸት ማውራት አይሰለችህም ፡ በተለይ እንደ እኔ አይነት ሰው ብዙ ክፍለሀገሮች ላይ ሰዎችን የሚያውቅ ሰው በውሸትህ ምክኒያት እንዴት እንደሚጠሉሀ ማሰብ ይቸግርሀል	1	1	0	0	0	0
amh_train_track1_333	በጣም እጅጉን ያሳፍራል ለካን በእሾክ በተሞላ ጭቃ ውስጥ ነበር ስንዳክር የነበርነው። ከውርደትም ውርደት ።	1	1	0	1	0	0
amh_train_track1_334	ይሄን ውሸታም የበሻሻ አህያ አለመስማትና አለማየት በራሱ መልካም ነው።	1	1	0	0	0	0
amh_train_track1_335	ምን ጉድ ነው እውነት ስው ነው አውሬ ነው እንጂ ፍትህ ፍትህ	1	1	0	1	0	0
amh_train_track1_336	የሜክሲኮ አየር መንገድ ተሳፋሪ የአውሮፕላን በር ከፍቶ ክንፉ ላይ ተራመደ	0	0	0	0	0	1
amh_train_track1_337	እኔ የሚገርመኝ ለምንድነው ሃቅ የሚደበቀው ኤርትራ ከተገነጠለች በውሃላ የሚለውን አባባል ለምን አይታረምም ነጻ ከወጣች በውሃላ በሚለው እስከ 1942 እንዴት በ1952 ጀምራ ነው በኢትዮጽያ የተገዛችው ይገርማል እንዲያውም የአፍሪካን ሃገርን የገዛች አፍሪቃ አገር አንድ ኢትዮዽያ ብቻ ናት ባህርማ በመጽሀፍ ቅዱስ እኳን ስንት ግዜ የኤትራ ባህር እንደሚለው ምስክር ነው ከሰው እውቀት በላይ ይልቁንም ባለፈው ተጸጽተው ለሰላምና ለእድገት መጣር	1	0	0	0	0	0
amh_train_track1_338	ይች ጋዜጠኛ ደስ ትላለች ግን ምንድነው ፅጉርዋ???	0	0	0	0	1	0
amh_train_track1_339	“ኤ፣ ቢ፣ ሲ፣ ዲ…” የማይቆጥሩት የዘንድሮ የ“ኬጂ” ተማሪዎች	0	0	0	0	0	0
amh_train_track1_340	በትንሽ ትልቁ የምንወድቅ ደካማና ልፍስፍስ አይደለንም ድንገት ባጋጠመን ችግር አንደናገጥም በደረስብህን ችግር ምክንያት እጅ አንሰጥም በየትኛውም ሁኔታ ዉስጥ ጠን	1	0	0	0	0	0
amh_train_track1_341	ሰው ኣይደለህም ማለት ነው።ያም ሆነ ይህ እኔ በማንኛውም የሰው ልጅ ሚደርስ ግፍ ስቃይ እንግልት ግድያና ሰቆቃ እቃወማለው።	0	1	0	1	0	0
amh_train_track1_342	አዱ እንኳን አብሮ አደረሰን ሠላምሽን ያብዛልን መልካም የሥራ ዘመን ከአውርቶ አደሮች ፈጣሪ ይጠብቅሽ	0	0	0	0	1	0
amh_train_track1_343	ሀለውይን ነጮቹ ሲያከብሩ በጥቁር በቀይና በነጭ ነው ጥቁሩ ሞት ሰይጣንንን ሲኦል ቀዩ የሚገበርለት ደም ነጩ ሲኦል እስኪገባ እራሱን ማፅናኛ እነዚህም ከዛው የወሰዱት ነው እነሱ ኦሮሞ ናቸው ኦሮሞዋዊ የኢትዮጵያን ባንዲራ ለምን ለመስቀል ተከለከለ ለኢትዮጵያዊያን ኢትዮጵያዊ እግዚአብሔርን የሚያከብረው።በገዛ ሀገሩ እግዚአብሔር መንበር ተከለከለ በማዳጋስካራውያን።ደስ የሚለው ይሄንንን የውጭ የሰይጣን ባንዲራም ሆነ ህዝብ እርሱንም የምናየው ለ	1	0	0	0	0	0
amh_train_track1_344	ወደ ሮሜ ሰዎች 13 1 ነፍስ ሁሉ በበላይ ላሉት ባለ ሥልጣኖች ይገዛ ከእግዚአብሔር ካልተገኘ በቀር ሥልጣን የለምና ያሉትም ባለ ሥልጣኖች በእግዚአብሔር የተሾሙ ናቸው 2 ስለዚህ ባለ ሥልጣንን የሚቃወም የእግዚአብሔርን ሥርዓት ይቃወማል የሚቃወሙትም በራሳቸው ላይ ፍርድን ይቀበላሉ 3 ገዥዎች ለክፉ አድራጊዎች እንጂ መልካም ለሚያደርጉ የሚያስፈሩ አይደሉምና ባለ ሥልጣንን እንዳትፈራ ትወዳለህን መልካሙን አድርግ ከእርሱም ምስጋና ይሆንል	0	0	0	0	0	0
amh_train_track1_345	በጣም የሚገርመው በየስብሰባቸው ላይ ፕሮፌሰር ወይንም ዶክተር ተብለው መጥተው ይሄንኑ ሀሳብ ሳስተላልፉ መስማት እጅግ በጣም ያማል !	0	0	0	1	0	0
amh_train_track1_346	ደስ ስትል ማለት አንተ ግን ሴቷ ስስስ ነች ማለት እንዴት ባንድየው እንደዚህ የምትሆንላት ባሏን አለማመኗ ትንሽ ስሜታዊ ያደርጋል	0	0	0	0	1	0
amh_train_track1_347	12 ሌላውን ህዝብ አካቶ የሚለውን ላንች ትቼዋለሁ ? ድንገት ፕላኔትን ከመረጥሽ በጉዞው ጉዳይ ከናሳ ጋር መነጋገር ስላለብኝ ወደዚያው አቅንቻለሁ ድንገ	0	0	0	0	0	0
amh_train_track1_348	ውይይይ እንኳን ደስ አላችሁ? ግን የውነት አነሳለት?	0	0	0	0	1	0
amh_train_track1_349	አጫሉን ለፖለቲካ ፍጆታ ተጠቅሞ የምስኪኑ ከንቱ ሞት ውጤት አልባ መሆኑ መስከን ብቻ አይደለም ሞትንም ያስመኛል	1	0	0	1	0	0
amh_train_track1_350	በዚህ ክፍለ ዘመን ኢትዮጵያ ውስጥ እንዲህ ያለ ዝቃጭ ስራን ሕዝብ ተሰብስቦ ሲያደንቅ ማየት እጅግ ያሳስባል ይህን የሚያምን ዜጋ ለምንም አይሆንም የኢትዮጵያ	1	1	1	0	0	0
amh_train_track1_351	Ashe Saka ወይኔ ወንድሜ አስተያየትህን አንብቤ ስጨርስ እንደአገር ክስረት ውስጥ እንዳለን ነው የተሰማኝ ።እናም ወንድም አለም ቅድመ ጥንቃቄ እናድርግ ማለት ባለጌ አያስብል ።እንደውም የሰለጠነ ሰው የአርቆ አሳቢ ሰው መገለጫ ነው	0	0	0	1	0	0
amh_train_track1_352	ሁሉም ያለ ፍርሀት መብቱን ቢጠይቅ ኮ ደደብ አምባገነን እየተተካካ አይሸናብንም ። መብቴ ነው ብለህ ለመብትህ ቁም! !	1	0	0	0	0	0
amh_train_track1_353	ኢትዮፕያ እግዚአብሄር ያፍርስሽ የተረገመች የደም ሃገር	0	1	0	0	0	0
amh_train_track1_354	ስምን መላአክ ያወጣዋል እውነትም አይሁዳ	0	1	0	0	0	0
amh_train_track1_355	ይሄ ሰውዬ ኢትዮጵያ ለሚለው ስም ያለው ጥላቻ የሚገርም ነው። እንደዚህ አምርረው በሚጠሏት ሰዎች እየተመራች ኢትዮጵያ ትረጋጋለች፣ ታድጋለች ማለት ሞኝነት ነው።	1	1	0	0	0	0
amh_train_track1_356	ጋዜጠኛ መሳይ መኮንን ሉሲፈር አብይ በቅርቡ እየተገለፀለት ስለሆነ መሠለኝ ፥ የዛሬ 3 አመት የተናገረውን ተከታዩን ንግግር ገና ዛሬ አድምጦት ኖሯልና ስሜታዊ አርጎታል! ጠሚው በ	0	1	0	0	0	0
amh_train_track1_357	Peace4Ethiopia ሆያ ሆየ ሁኖ ነገራችን ሁሉ ስቀን ሳንጨርስ ልቅሶ ነው መባሉ።	0	0	0	1	0	0
amh_train_track1_358	Hayat Asssosssa እንዴ እህቴ ምን ነካሽ ለማንኛውም ካልገባሽ ደግመሽ አንብቢው አንች ሙስሊም አደለሽ እንዴት ነው ቤተክርስቲያን እምትሄጂው???	0	0	0	0	0	0
amh_train_track1_359	የአለማችን ቁጥር አንድ አሸባሪ እስራኤል ናት ። ሙስሊም አሸባሪ አይደለም እናንተ የሰጣችሁ ት የዳቦ ስም ነው።ምክንያቱም እስራኤል የሙስሊም ጠላት ናት!!!	0	1	0	0	0	0
amh_train_track1_360	በሚሊዮን የሚቆጠሩ ዜጎች በአገራቸው ተፈናቃይ ሆነው በየድንኳኑ ጥገኛ ሆነዋል። አገሪቱ በታሪክ እጅግ አስከፊ ጭፍጨፋ ያስተናገደ ጦርነት አድርጋለች። ዜጎች በከፍተኛ የኑሮ ውድነ	0	0	0	1	0	0
amh_train_track1_361	ፖፕ ፍራንሲስ የሮማ ካቶሊክ ቄሶች ለተመሳሳይ ፆታ አፍቃሪዎች ቡራኬ መስጠት ይችላሉ አሉ	0	1	0	0	0	0
amh_train_track1_362	ኡፍ በጣም ያማል እግዚአብሔር አምላክ ያሳለፍሽውን መካራ የምትረሽበት ዘመን ያድርግልሽ የኔ እህት አይዞሽ በጣም ጠንካራ ነሽ እንባዬን መቆጣጠር አልቻልኩም ኡፍፍፍ 😭😭😭	0	0	0	1	0	0
amh_train_track1_363	በ አላህ ይህን ልጅ የ እጅን ስጡት እኔ የመጀመሪያ video አይቸ በጣም አሳዝኖን ነበር እውነታው ግን ሌብነት ነው አላህ የጅህን ይህስጥህ ያረብ የሴት ልጅ እንባ እሳት ነው ቤተሰቦቿ ጋ እቅረቦት የቻለውን እንረዳት ትርሀስ አላህ ትልቅ ደርጃ ያድርስሽ የእውነት ሰው ነሽ ልጅ አይሆናትም ሌባ ነው ቢወዳት በበሺታዋ ላይ ቢዝነስ እየሰራች ብር እየሰጠችው ይህን እውነታ እንካን በቂ ነው እየተጠቀመባት መሆኑንን	1	1	0	1	0	0
amh_train_track1_364	እንደ አምላክ አብይን ካላመለክን ያለ ህዝብ ነው ዋጋውን ያገኘው ይሄ መሪ ሸይጣን ይመስል ደም ካላዬ አገር ሚመራ ማይመስለው ገዳይ መሪ ነው ያስፈራል	0	1	0	0	0	0
amh_train_track1_365	እኔ እምለው ምን አለበት ቢቂላ ሽልማት ቢባል Bikila Award ያለ ጦር መሳሪያ የቋንቋ ቅኝ ተገዢዎች በጣም ያሳቀኝ አስተያየት እሽቱ ሀገር መሪ ቢሆንየሚል  አዎን እሽቱ የራሱ ከእግዚአብሔር የተሰጠው በጎ ተግባር ያለው ድንቅ ኢትዮጵያዊ ነው ግን ሀገርን የሚያክል ያውም ኢትዮጵያን የምታክል ትልቅ ሀገር ምራት ያውም120 ሚሊዮን እብድ ህዝብንመምራት ልክ ዩቲዩብ ላይ ቁጭ ብላቻሁ እንደምታወሩት ወሬ መሰላችሁ  ለዚህ እኮ ነው ማንም ተነስ	1	1	0	1	0	0
amh_train_track1_366	ኩዚ ጊኒ part 27 የት ኣለ  ለምንድነው ስራቹን በስነ ስርዓት ማትሰሩት ለምንድነው ኣድዋጭን የማታከብሩት ንቀት ነው ምን ያመጣሉ ነው 	1	0	0	0	0	0
amh_train_track1_367	ይሄ መማሪያ ክፍል ነው ወንበሮቹና ክፍሉ ተምሪዎችን እየጠበቁ ነው ከክፍሉ ባዶነት እና መቀመጫ ካጡት ወንበሮች ይልቅ የሚያስጨንቀው የሚያሳስበው የሚቀመጥባቸውና ክ ፍሎቹን የሚሞላው በባዶነት ተስፋና ለምን እንደመጣ በማያቅ ተማሪ የተሞላ ከሆነ ?	0	0	1	1	0	0
amh_train_track1_368	እንደ ቱትሲ ሊያጠፉት ዘግናኝ ዘር ማጥፋት ጦርነት የታወጀበት የአማራ ሕዝብ ያለው ብቸኛ አማራጭ እንደ ፖል ካጋሜ መሆን ብቻ ነው! የአማራ ሕዝብ እንደ ሕዝብ ሊያጠፋው ዘግናኝ የዘር	1	1	0	0	0	0
amh_train_track1_369	ሲጀመር የ ፕረቶርያ ስምምነት ትክክል ኣልነበረም ድር ኣቢ አንዴት ብሎ ነው ይህ ስምምነት የተቀበለው ትንሽ አነንደ ክህደት ሆኖ ነው የኒታየው ብ ዉዴታ ወይም በ ግዴታ ሲቀበለው ስህተት ነው ኣማራና አርትራ ቢሳተፉ ይህ ሁልይ ችግር ኣይከሰትም ነበር የ ፕሪቶሪያ ስምምነት ኮንስፒራስይ ኣለው በ ተንኮል ነው ምዕራባውይቅን ሆን ብለው ያደረጉት አና የ ድር ኣቢ መንግስት መቀበል ኣልነበረውም አውነት አውነት ሓቅ ሓቁን ካላወራን ካልነገርን መቼ	1	0	0	0	0	0
amh_train_track1_370	የሚያፈርሰ ያፍርሰህና ምድረ መንጋ ደንቆሮ ሀላ አትሰሩ አታሰሩ የተሰራ እንኳን ደግማችሁ እንዳትሰሩ አራተኛ ክፍል አልጨረሳችሁ ሐገሬ እንዲህ የዘቀጠ የወረደ ዜጋ የላትም አንተ የአማራን ሕብረተሰብ አትወክልም	1	1	0	0	0	0
amh_train_track1_371	አዲሱ አይፎን 15  በ ‘ታይፕ ሲ’ ቻርጀር ከ70ሺህ ብር ጀምሮ ለገበያ ቀረበ	0	0	0	0	0	0
amh_train_track1_372	አቶ አብራር እባክዎት እንደ ዕድመ ጠገብ አዛዉንት ብያስተዉሉና አንድነታችንን ለማጠናከር ብሰሩ ጥሩ ነዉ ይህ ካልሆነ ካሁን ወድያ በ? ለምፈጠር ማንኛዉም ችግር የመጀመርያዉ ተጠያ	1	0	0	0	0	0
amh_train_track1_373	መሳሪያ ተሸክሞ ሳይዋጉበት መሞት ያሳፍራል አይ አይሁድ ፈሪ መሳሪያ ብቻውን አይዋጋ ፈሪ	1	1	0	0	0	0
amh_train_track1_374	ወሬ ወሬ ወሬ ሰለቸን። እስከመቼ ድረስ ዝም ብሎ ሚሰከስ መሰለህ ይሄ ህዝብ። ተነቃቅተናል እኮ። አንቺም ቂጥመላሱን እስኪ ገታ አርጊው አንቺ ወደል አህያ ካድሬ	0	1	0	0	0	0
amh_train_track1_375	ትግራይ ውስጥ በረሃብ ምክንያት 25 ሰዎች መሞታቸው ተገለጸ	0	0	0	1	0	0
amh_train_track1_376	ውሻስ እንስሳ ነው በእነርሱ ውሻ በባህሪው ተናካሽ ቢሆንም ከቤተመንግስት ከተባረረረ እኛስ አገርና ሠፈር ሳይቀር ሁለመናችንንን መንከስ ብቻ የሚቦጫጭቁን አውሬ ሠዎች ምን ይደረጉ ?	1	1	0	0	0	0
amh_train_track1_377	አባይ ሚዲያ አደርባይ ሚድያ የአማራን ክልል ግጭት ብሎ ማሳነስ ከሰው በላው መንግስት ጋር መተባበራችሁን ያሳያል ይህም ቀን ያልፋል	0	1	0	0	0	0
amh_train_track1_378	እኔ የሚገርም እንደዚህ አይነት ድንቁርና አስተሳሰብ ይዘው በ21ክፍለ ዘመን ላይ ተቀምጠው የኋሊት የሚያስቡ ደንቆሮ መሀይም ትውልድ ይዘው የማያፍሩ እረ በስመአም?ጌታ	1	1	0	0	0	0
amh_train_track1_379	ጋሽ ታዲዎስን ዛሬ ፌዴራል ከፍተኛ ፍቤት ልደታ ምድብ ወንጀል ችሎት አገኘኋቸው፣ሰላም አልኳቸውና ለጥቂት ደቂቃዎች አዋራኋቸው። የሚገርም የመንፈስና የአካል ጥንካሬ ስላየሁበቻው በጣ	0	0	0	0	1	1
amh_train_track1_380	በጣም ያሳዝናል መቼ ነዉ እነዚህን አረመኔዎች የምናወርደዉ ከላያችን ላይ	1	0	0	1	0	0
amh_train_track1_381	በጣም ያሳዝናል በነዚህ መምህራን ነበር ልጆቻችን የሚማሩት ምን ተማሩ ተደናቆሩ እንጂ ከ20 አመታት በፊት ሃገር ውስጥ የhigh school መምህር ሆኜ በነበርኩበት ጊዜ እዚህ ግቡ በማይባል ዝቅተኛ የትምህርት ብቃት ውስጥ የነበሩና በግሌ የማውቃቸው ማሪዎች ከብዙ ጊዜ በኋላ መምህር መሆናቸውን ስሰማ ለዚያውም የእንግሊዘኛ መምህራን መሆናቸውን ስሰማ  እንዴትና ምን ይሆን የሚያስተምሩት እያልኩ እጠይቅ ነበር በዚህ ሁሉ ተበዳዩ ዜጎችና ሃገር ነው	1	0	0	1	0	0
amh_train_track1_382	አይዞሽ ስታለቅሺ አሳዘንሽኝ ጌታ ልጅሽን ይባርክ	0	0	0	1	0	0
amh_train_track1_383	ኢላን መስክ ኤክስን በነፃ መጠቀም ሊቀር እንደሆነ ጠቆመ	0	0	0	0	0	0
amh_train_track1_384	ሁሉንም እንደዝ በድንገት መፈተሽ አስፈላግ ነው	0	0	0	0	0	0
amh_train_track1_385	ሙክቴ ምርጥ ሰው በችግር ላያ ያሉ የቦረነ ኦሮሞዎች ችግር ድምፅ መሆነህ በጣም ጥሩ ነው። የገረመኝ የኦሮሞ ተቆርቆሪ ነን ባዬች የፖለቲካ ነጋዴዎች የት ጠፉ ይህ ሁሉ ህዝብ በረሀብ እና በጠኔ እያለቀ!	0	0	0	0	1	1
amh_train_track1_386	አይ አለም ነዋሴ ምን ታድርግ ሃቁን ከተናገርክ ላንተም ለቤተሰቦችህም ጥሩ አይደለም ፈላሻነትህን ቀምቶ ሊያባሩህ ይችላሉ በመጀመሪያ የእስራኤል ጦር እንደ እባብ ጭንቅላቱ ተቀጥቅቶ ነው እየውጣ ያለው የምን ሰላማዊ ሰው ነው የምታውራው ዛሬም በአየር ሃይልዋ ሰላማዊ ህዝብ እፈጀች አይደለም በእግረኛ ጦር ግን ፊዳዋን ነው ያየችው ሌላው የታለ የሃማስ ከፍተኛ አመራር የተገደለው ምንም ስለዚህ እስራኤል ጉራ ብቻና ብቻ ነው	0	1	0	0	0	0
amh_train_track1_387	እውነት ነው ለአንቺም መልካም ቀን?	0	0	0	0	1	0
amh_train_track1_388	የአሜሪካን ጨዋታ ሳላደንቅ አላልፍም በዚህ አጋጣሚ ቤተ አማራ ላይ የተዳፈነው የሰብዓዊ መብት ጥሰት እና ሰብዓዊ እርዳታ ተመልካች ያገኛል ማለት ነው something is c	0	0	0	0	1	0
amh_train_track1_389	ማፈር የለ ። ኤኔ ከታዘብኩት ተራራማው ብሄር ምን academically intellectual ቢሆንም ጭልጥ ያለ ደንቆሮና ውሸታም ነው። ኣማራ ሃገር የለውም ። ዲቃላ ነው	0	1	0	0	0	0
amh_train_track1_390	አሁን በቅርቡ ፓስተር ሚኪ ማይኮ ትሆን ይሆናል እድሜ ይስጠን ብቻ ፕራንክ ነው እንዳትለን እንጂ!!!	0	1	0	0	0	0
amh_train_track1_391	ይህ ሰውዬ ቱልቱላ ነው የሚታየውን ነገር እየካደ ነው የአማራን ሞት የሚንቅ ልክስክስ ነው	0	1	0	0	0	0
amh_train_track1_392	ጆስዬ ጠላት በብዙ እየታዎገብኝ ነው እባክህን ዘሬ እንኳን ፃልይልኝ አሰርዬ ብዙ የለፈሁትን ብር ከልክሎልኝ በጣም ታጨንቄዋለሁ አንታጋ መብቴ እንደለ አምናለሁ	0	0	1	1	0	0
amh_train_track1_393	ባለጌ ስራህን እየነገርከን ነው ጥንብ ዘረኛ አሸንፈን አራት ኪሎ የመግባት ምኞታችሁን አራት እርምጃ ሳትሄዱ መድረሻ ያሳጣህ ጌታ መከላከያች መድረሻ ያሳጣህን በስድብ የምታሸንፍ መስሎህ ከሆነ ሱሚ ነው	1	1	0	0	0	0
amh_train_track1_394	ወአለይኩም አሰላም ወራህመቱሊህ ሰልፍ መውጣት ለንፁሃኑ ያመጣው ለውጥ የለም ለማይደነግጥ ሰው ጥላቻንና አንባገነንነትን ይበልጥ ማባባስ ነው እንጂ አላህን ፈርተን የኡለማዎችን መልዕክት ሰምተን በዱዓ በአካል ባንችል በንፁህ ልባችን ከጎናቸው እንቁም የጠላትንም ልብ የፈጠረው ጌታችን አላህ ሱብሃነወተዓላህ ነው የተጨነቀችን ልብ ድምፅ የሚሰማው ከወለደችን እናታች በእጥፍ የሚያዝነው ጌታችን በሰልፍ በፉከራ እና በጩኸት ሳይሆን በተሰበረች ልብ ወደ	0	0	0	0	0	0
amh_train_track1_395	የኣማራ ህዝብ ህልውና ደግሞ በኢሳያስ መልካም ፈቃድ የተመርኮዘ ነው ?	1	0	0	0	0	0
amh_train_track1_396	የእስራኤል ጦር በአንድ ቀን ብቻ 24 ወታደሮቹ በጋዛ መገደላቸውን አስታወቀ	0	0	0	1	0	0
amh_train_track1_397	በመጀመሪያ አንቺ እራሰሺ የወጣልሺ ባለጌ ሰለሆንሺ ይበልሺ! ደሞ አታፈሪም? ባለጌ	1	1	0	0	0	0
amh_train_track1_398	እራሱን ማህበረ ቅዱሳን ብሎ የሚጠራዉ የሲሲሊን የማፊያ ቡድን የሚያስንቀው ስብስብ ፓትሪያሪኩ ትናንት በትግራይና በኦሮምያ አካባቢዎች ያጋጠሙን ያሉ ፈተናዎች ከቤተክህነት አልፈው	1	1	0	0	0	0
amh_train_track1_399	እስራኤል ተኩሳ የገደለቻቸው ታጋቾች እርዳታ የሚማጸኑ ጽሁፎች በጨርቅ ላይ አስፍረው ነበር ተባለ	0	0	0	0	0	0
amh_train_track1_400	በቻይና በሕጻናት ትምህርት ቤት ማደሪያ ውስጥ በተነሳ እሳት 13 ሰዎች ሞቱ	0	0	0	1	0	0
amh_train_track1_401	እኛ የጨመርነው ነገር ፀብ እና ዘረኝነት ነው ያልከው ነገር በጣም ተመቸኝ ክበርልኝ	0	0	0	0	1	0
amh_train_track1_402	ደሞ ምን ታስቦ ይሆን ይህን ተራ ወሮ በል ማጅራት መቺ ወደ ሚዲያ ብቅ ያደረጋችሁትበዚህ ከንቱ ሚዲያ ና ለመጠቀሚያነት የመረጡት ያነገሱት ግለሰብ ወጣት የፖለቲካ ተንታኝ ሳይንቲስትም የሚሉት አይጠፉም  ለማንኛውም ከክፉዎች መጠንቀቅ እንዳይዘነጋ ማሰታወስ ጥሩ ይመስለኛል 	0	1	0	0	0	0
amh_train_track1_403	ይህን እየተመለከትን እንኳን አንመለስም እግዜአብሄር ድንገት ሲመጣ ጨርቄን ማቄን ልጄን እናቴን አባቴን ሚስቴን ባሌን የለም እንኳንስ ዘሬን ክልሌ	0	0	0	1	0	0
amh_train_track1_404	በመግደል፣በማሸነፍ፣በማሳደድና በማዋረድ ላይ ያነጣጠረ የፖለቲካ ባህል ስለአሁኑና ስለዛሬ እንጂ ስለነገና ስለ ሕዝቦች የወደፊት ዕጣ ፈንታ ማሳበብ ቢሳነው የሚገርም አይደለም።	1	0	0	0	0	0
amh_train_track1_405	ኣንዳፍታ ኣንድ ለእውነት የቆመ ተንታኝ ያለህ ይህ ሰው ኦሃድ ነው እሱን ባቀረብክበት መድረክ እነዚያ ቱልቱላ እንግዶችህን ማቅረብህ ያሳዝናል ኦሃድ እድሜ እና ጤና ይስጥህ  ከኣንተ ብዙ ትምህርት ወስደናል	0	0	0	1	1	0
amh_train_track1_406	የአመራር ቀውስ እንደገጠመው የሚገልጸው ህወሓት ለምን መሪዎቹን መቀየር አልቻለም?	0	0	0	0	0	0
amh_train_track1_407	በእውነት አናደኸኛል ይችን የመሰልች ቆንጆ ሚስት ለዛውም የልጅህን እናት ማናደድ ተገቢ አይደለም ። ካሁን በኋላ አታስለቅሳት ፕራንክም ልክ አለው ብሮ በተረፈ ይመቻችሁ አይለያችሁ።	1	0	0	0	0	0
amh_train_track1_408	ህዝብ እርስ በእርስ መጋጨት ቤተሰብን ሀገርን ይጎዳል ግላዊ ተልእኮ ለመፈፀም የሚረጨው የሀሰት መርዝ መቆም አለበት ለሚጠፋው ህይወት ተጠያቂነት መኖሩን መገንዘብ መልካም ነው	0	0	0	1	0	0
amh_train_track1_409	የአምስት አመቱን ስቃይ ይሄ ኢንተርቪዉ ሊያስረሳኝ ነዉ ልበል የሆነ ተስፋ ይታየኛል ካታያቹ በላይክ አሳዩህኝ	0	0	0	0	1	0
amh_train_track1_410	ሀማስም እራሱ በማሰው ጉድጓድ ከሽዎች ጋር ተቀብሯል ያሳዝናል ሀኒያም ቤቱ ፈርሷል በስደት መቅረቱ ነው ሂዝቡላም እየተደበደብች ኢራንም በፍርሃት ቤሩትም እንደጋዛ እንዳትፈርስ በጭንቀት እብዱ አርዱዋንም ዝምታውን መርጧል ያረብ ሀገሮችም በስውር እስራኤልን እየደገፉ ነውየተባበሩት ጉተሬስም ቪዛ ተከልክሎ እየተማፀነ ይገኛል ሩሲያም ድሃናት እርሷን የተጠጉ ሁሉ ድህነት በልቷቸዋል  እስራኤሎቹ በኤውሮፓ በኳስ ይዝናናሉ አዋዜ አ	0	0	0	1	0	0
amh_train_track1_411	አላህሆይ! እኔ ደካማ ባርያህ ነኝና ብወድህ የሚገርም አይደለም። የነገስታት ንጉስ የጌቶች ሁሉ ጌታ ኾነህ እኔን መውደድህ እሱ ግን ይገርማል። አቡ የዚድ አል በስጧሚ	0	0	0	0	1	0
amh_train_track1_412	የዕጽ አዘዋዋሪው ኤል ቻፖ ልጅ በቁጥጥር ሥር ከዋለ በኋላ በሜክሲኮዋ ግዛት አመጽ ተቀሰቀሰ	0	0	0	0	0	0
amh_train_track1_413	አብይ ከትግራይ እና ከተጋሩ ጋር ተጋጭቶ የሚያስጠብቀው ጥቅም የለም። ከትግራይ ጋር ባይጣላና የትግራይን የግዛት አንድነት ቢያከብር ኖሮ እዚህ ሁሉ ቀውስ ውስጥ ባልገባ ነበር። 	1	0	0	0	0	0
amh_train_track1_414	አይ ምን እና ማንንን እንመን +ዎላይታ ጦሳይ ኢየሱሳ:::	0	0	0	0	0	0
amh_train_track1_415	አይ ጀዋርር የራስህ መልስ ይምታታል በጣም ከገልድመህ ለብልፅግና መገረዱ ተዋቶልሀል ለምን ነበር ታድያ ኤርትራ የኢትዮጵያ ጀሌ ወታደር የሻብያ ገረድ ቡችላ ፋኖ በለዉ ልዩ ሀይል ዱባይ ቱርክ ይሄ ሁሉ ሀይል የትግራይን ህዝብ ለመፍጀት ተቀናጅተዉ የሰሩት ለምን ይመስልሀል እዉነት ህወሐትን ለማጥፋት ነበር እሱም ወንጀል መሆኑ እንዳለ ሆኖ አንተ አሁን አይናችሁን ጨፍኑና ላምኛቹ ካልሆነ  ልክ ከደሙ ንፁህ እንደሆነ ስታወራ ታስቃለህ ዳሩ መንጋ አለ	1	1	0	0	0	0
amh_train_track1_416	ደስ ሲል ለእናቶቻችን ያሳቸዋል እድሜ ከጤና ጋር ይስጣቸው	0	0	0	0	1	0
amh_train_track1_417	እውነተኛ እስራኤሎችማ እምነታቸው መልካም ስራ ነው ሚያሰራቸውእነዚህ እኮ አይሁዶች ናቸው ፈጣሪን የካዱ ከሀዲዋች እስራኤል ካለ አሜሪካ ሁለት ቀን መዋጋት አትችልም ለማንኛውም የምናየው ነው ሚቀር አደለም	1	1	0	0	0	0
amh_train_track1_418	ነገ የአመቱ ቅድስት ስላሴን ጎንደር ደብረብርሃን ስላሴ እንደሚያከብር ሰው እድለኛ የለም	0	0	0	0	1	0
amh_train_track1_419	ጠ/ሚኒስትሩ ባለፈው ታህሳስ ወር ከጋሸና ግንባር ሆነው ባስተላለፉት መልዕክት  የትግራይ ህዝብ አላማ በሌለው ጦርነት በዕውር ድንብር ወጣቱን እያስጨረሱት ያሉትን የህወሃት አመራሮችን ልጆቻችን የት ናቸው ብሎ ሊጠይቃቸው ይገባል  ብለው ነበር ። በኢትዮጵያዊያን ዘንድ የማይሽር ጠባሳ ባሳረፈው ጦርነት ሀገርና ህዝብ ብዙ ዋጋ ከከከፈሉ በኋላ ነፍሰ በላዎቹን ከእስር እየለቀቀቀ ቅስምን የሚሰብር ስህተት እየፈጸመ ያለው መንግስታችንንንስ	1	0	0	1	0	0
amh_train_track1_420	እጅግ በጥልም ልብ ይሰብራል እመቤቴ ማርያም የብሽን መሻት ይፈፆምልሽ ያማል እጅግ	0	0	0	1	0	0
amh_train_track1_421	አተ አሁን ስው ነክ በሌላ ስው ሞት አሁን ከተደሰትክ ቦሀላ ባአተ ላይ አለመድረሱ ምን ያክል እርግጠኛ ነክ እግዚአብሔር ይፍረድ	1	0	0	0	0	0
amh_train_track1_422	አረ ተወይኝ የኔስ የከፋ ነው በvideo ጭምር ነው ? ወይ ካልሆነ ግግም ልበል እንዴ video ላይ ያለሁት እኔ አይደለሁም ብይ?	0	0	0	1	0	0
amh_train_track1_423	ለነገሩ እሱ ጭቅላት ቅቤ ያስፈልጋዋል እና ቢቀቡህ ጥሩ ነገር ነው እንዳው ከወደየት አምጥቶ ነው የጣለብን🤣🤣🤣😏😏😏	0	1	0	0	0	0
amh_train_track1_424	እንዳንተ አይነት ሰው ሰላም አይፈልግም እማትረባ ቆሻሻ ንዴታም	1	1	0	0	0	0
amh_train_track1_425	ሃሳቦቹ ሳይጣረዙ እና ስሜታዊ ሳይሆን ወጥ በሆነ ፍሰት ሲናገር ደዋዩ ሲሳይ መስሎኝ ነበር? ድሮ የማከብረው ጋዜጠኛ	0	0	0	0	0	0
amh_train_track1_426	ሀይማኖት አልባ እምነት አልባ እውነት አልባ ህዝብህንም እምነት አልባ ሀይማኖት አልባ እና ስሜታዊ ለዘሩ ሟች አደረከው አንተ እና አይነቶችህ ትግሬ ከጥን	1	0	0	0	0	0
amh_train_track1_427	ጠዋት ወደ ሥራ ቦታ ከመሄድ በፊት ጌታችን ይተቀበለውን መከራ እያሰቡ በመስገድ ቀናችንን መጀመር።	0	0	0	0	0	0
amh_train_track1_428	እንካን ደስ አላቹ ያለም ያርገው ልጆቻም ተባረኩ	0	0	0	0	1	0
amh_train_track1_429	አባይዬ የሚገርም ስብከት ደግሞ ወቅታዊ ትምህርት በተረጋጋና በማር አደበት ሰማን ታድለን አምላኬ ለመምህርዬ እረጅም ዕድሜን አድልልኝ አሜን	0	0	0	0	1	0
amh_train_track1_430	የህውሃት ስኬት ጥሩ ህዝባዊ መሰረት ማግኘቱ ነው።የፕሮፌ ብርሃኑ ዕረጅም ጉዞ ያንን መሰረት ስላላገኘ ነው።	0	0	0	0	0	0
amh_train_track1_431	? ድንገት አሁን ላይ ወደ አማራ የተጠቃለሉ ቦታዎች	0	0	0	0	0	1
amh_train_track1_432	 ሁሉ አማርኛ የተናገረ አማራ ከመሰለሽ ቀውስ ነሽ	1	1	0	0	0	0
amh_train_track1_433	“በፌደራል መንግሥቱ እና በህወሓት መካከል አለመተማመን አለ” አቶ ጌታቸው ረዳ	0	0	0	0	0	0
amh_train_track1_434	በጣም የሚገርም ሰርፕራይዝ ነው እግዚአብሔር ይስጣ ችሁ	0	0	0	0	0	1
amh_train_track1_435	ኪኪ አሁን ደግሞ ትንሽ ከደም ሽያጭ ገቢያችሁ ወደ ደመቀ ሽኝት የሌለውና ያልተደረገውን በማውራትና በማጮህ እስቲ ትንሽ ከዚህ እንደ መንጋ ዝንብ እስራችሁ በውሸት ንፋስ እየተገፋ የሚሮጠውን እየሸወድከውና እያፌዝክበት ገሽልጠው ሰሞኑን አሁን አንዳፍታ ሚዲያ ብለህ ህዝቡን በሀሰትናበውሸት ትርክት እስከ ዛሬ ደሙን ደህና አድርገህ መጠሃል ግን አንድ ቀን ሁሉም ተደማምሮ እንደሚደፋህ አትጠራጠር ያኔ እኛ ደግሞ ተደፋ ሚዲያ ብለን ዩቱብ እንከፍታለን 	0	1	0	0	0	0
amh_train_track1_436	ቢቢቢሲ አማርኛ ዓለም አቀፍ የሸባሪን የማውገዝ ሞራል ይኑራችሁ ዘገባ አታሽሞንሙኑ አሸባሪ ከቤታችሁ መጥቶ ቤተሰባችሁን አፍኖ ቢወስድ ሮኬት እየወረወረ እንቅልፍ ቢነሳችሁ እንዴት ትሆኑ ነበር? ውኃና መብራት ከእስራኤል የሚለገስለት የፍልስጤም አሸባሪ ነው አውግዙት።	1	0	0	0	0	0
amh_train_track1_437	ሀማስ ያለ አቅሙ እስራኤልን ማጥፋት እንደማይችል አያወቀ ቀድሞ ጦርነት በመክፈቱ ለንፁሓን የሁለቱ ዜጎች ማለቅ ምክንያት ሆኗል፣ አሳዛኝ ነው፣	0	0	0	1	0	0
amh_train_track1_438	አንተ መሀይም አትወጣም ከዚ ዘርማንዘር አይቶ የማያቀውን ስላየህ ነው ሀገር የፈረሰ የመሰለህ ይልቁንስ ፈጣርህን እድሜ ስጠኝ ብለህ ለምን ብዙ ነገር ስለምታይ	0	1	0	0	0	0
amh_train_track1_439	አለምዬ ባይሳካልህም neutral ለመሆን ብትሞክር ጥሩ ነው በዚህ ተራ የህፃናት ማታለያ የሚሸወድ የለም  እስራኤል ከካርቶን የተሰራ ነብር ናት  ድንጋይ ወረወራችሁ ብሎ በሺዎች የሚቆጠሩ የ5 ዓመት ህፃናትን የሚያስር አውሬ ሶስት ቡድኖች በጋራ ያደረጉትን ልምምድ እያየ ችላ ብሎ አልፎታል ማለት ራስን ማታለል በቃ ከዚህ በኋላ የእስራኤል አቅም በሚገባ ታይቷል የስለላ ድርጅቷም ተፈትኖ ወድቋል አገር ሆና የመቀጠል ህልውናዋ ራሱ ጥያቄ ዉስጥ ገብ	1	1	0	0	0	0
amh_train_track1_440	ኣረ እፈሩ ለኣፍሪካ ነጻነት ክክ ኣሜሪካና እንግሊዝ ኤርትራን ያዝዋት ሲሉዋቹ ለምን ኤርትራን ያዛቹ    ክክ በዚህ እየሰረቃቹ በዛ ስርቅ እንከላከላለን ስትሉ ምስኪን ደንቆሮ ህዝባቹ ኣሞኙት	1	1	0	0	0	0
amh_train_track1_441	ኢቲቪ የህዳር አህያ ሆኖ አረፈው	0	1	0	0	0	0
amh_train_track1_442	ከ86 ብሔረሰቦች ውስጥ የኔ ህይማኖት የኔ ቋንቋ የኔ ብሔር የኔ ማንነት የኔ ብቻ ሀሳብ አንደኛ ነው እያለ እየፎከረ ክሌሎች ጋርና ከመንግሥት ጋር እየተጋጨ የገዛ ወገኖችን የሚያስጨርስ ዋናው ማነው	1	0	0	0	0	0
amh_train_track1_443	Thanks Ethiopia እናም በኦሮሚያ ክልል ብቻ ሳይሖን በመላው ኢትዮጵያ ውስጥ ባሕላዊ ጉባኤ ባሕላዊ ፍርድ ቤት ቢለመድ ጥሩ ነው እስከጊዜው ለምን የዘመናዊው ዳኞች ዓቃቤ ሕግ ብላ ብላ ለመፍረድ ሳይሖን ለመብላት የተስየሙ ናቸው የኢትዮጽያ ሕዝብ ቅን ልብ ያለው ጥሩ ሕዝብ ነው 	0	0	0	0	1	0
amh_train_track1_444	ይህ ዓይነት ኣስጸያፊ ተግባር በኢትዮጵያ በተደጋጋጋሚ ይታያል ይህ የሚያሳይህ ደግሞ መንግስትን አለመኖሩ ነው ህግ አልባነት ነግሰዋል ይህ አውሬም አያደርገውም በጣም ያሳዝናል እናንተ ኢትዮጵያኖች በተለይ በየቲክቶኩ ለእውቅና ለጥቅም ብላቹ ስትንጫጩ የምትውሉት ስለዚህ ዓይነት ጉዳይ አንዲትም ቀን ስትናገር አልሰማንም እናንተ ሃይማኖታዊያን ነን የምትሉ እንደዛ	1	1	0	1	0	0
amh_train_track1_445	በስምአብ ወወወልድ የእናት ጭካኔም አለ እንዴ እግዚኦ መሃረነ ክርስቶስ ኡፍፍፍ በልጅነት ይህ ያህል ማየት ያሳዝናል እናትዮ ግን ጤነኛ አትመስለኝም እንጃ ብቻ ከባድ አይገልፀውም ፈጣሪ ሆይ ከዚህ አይነት ይሰውረን	0	0	0	1	0	0
amh_train_track1_446	አይ አንተ ወራዳ ስውዬ ምነው አንድ ስው ምላስህን ቆርጦ ቢጥለው እንተ ትደስኩራለህ የተበስበው ህዝብ ያቅለሽለሽው ይመስላ ልሳንህን ይዝጋው የሚሉ ነው የሚመስሉት እኔም አሜን ልሳንህን ይዝጋው 	0	1	0	0	0	0
amh_train_track1_447	አብይ ግን ምን አይነት አጋንንት ነው ጭንቅላቱ ላይ የሰፈረበት ሚስቴ አማራ ናት እናቴም እንደዚሁ ልጆቼም አማሮች ናቸው ወዘተ እያል ይህ ሁሉ አማራ ጠሊነቱ እንዳውኮ ቢሆንለት	0	1	0	0	0	0
amh_train_track1_448	ሃምሳ በመቶ የሚሆኑትን የዓለማችንን ሴቶች የሚያሰቃየው ‘ሲስት’ ምንድን ነው?	0	0	0	1	0	0
amh_train_track1_449	ጌታ ስለምን ሰውን እንዲህ እስከ ሞት ድረስ ወደደ ? ሰው የሚባለው ፍጥረት ምንና ማን ቢሆን ነው የማይገባውን ምህረት ቸርነትና ርህራሄ ከፈጣሪው ዘንድ ያገኘው ? እግዚአብሔር ት	0	0	0	0	0	0
amh_train_track1_450	ካዝሚር በጣም የሚገርም መድሃኒት የሆነ ፍራፍሬ ነው	0	0	0	0	1	1
amh_train_track1_451	አሜሪካዊው ጋዜጠኛ ከፕሬዝደንት ቭላድሚር ፑቲን ጋር ቃለ-መጠይቅ ሊያደርግ ነው	0	0	0	0	0	0
amh_train_track1_452	ቴፊክ ነፍስ ይማር አቃጥለኸንም አልቀረህ ተገላገልን በስተመጨረሻ እስኪ ደስ ያላችሁ በሞሞቱ   አዚዜና ጀቭዴት ስለተገናኙ በጣም ደስ ብሎኛል የኔ ዉዶች 	0	0	0	0	1	0
amh_train_track1_453	ብዙ ጊዜ በቶሎ ፍቅር የሚይዛቸው ሰዎች የዋህ የሆኑ ናቸው?	0	0	0	0	0	0
amh_train_track1_454	ሰላም ለአላማችን# ጌታ ሆይ ጦርነት በቃችሁ በለን	0	0	0	1	0	0
amh_train_track1_455	"""በዚህ ስምምነት የሚጎዳ ማንም ሃገር የለም፤ ሕግም አልተጣሰም"" የኢትዮጵያ ኮሚዩኒኬሽን አገልግሎት"	0	0	0	0	0	0
amh_train_track1_456	?የሃይማኖት አባቶቻችን ማፈንና ማንገላታት የኢትዮጵያ ብልፅግና ጅማሬ ይሆን ፍፃሜ?	0	0	0	0	0	0
amh_train_track1_457	ስሳይ መንግስቴ አንተ ደጋግመን የምንነግርህ ስለ ትግራይ አይመለከትህምስለ ትግሬ ለመናገር ሞራል የለህም የትግራይ ህዝብ በደል የተፈፀመበት አንዱ አንተ እንደሆንክ እኛ ትግሬዎች ጠንቀቀን እናውቃለን ብቻ ጊዜህን ጠብቅ የእጂህ ታገኛለክአንተ ለትግራይ ተቆርቃሪ መስለክ የበግ ልብስ ለብሰክ ሁሉጊዜ በዚህ ሚዲያ የትግራይ ህዝብ ለማታለል በቅ ትላለህ ግን እመንኝ ለዘለዓለም ከዚች ምድር ትጠፋለህ	1	1	0	0	0	0
amh_train_track1_458	ሲያናድድ እኔ አሊ አፈሩን ቆፍሮ ሊያወጣው ነው ብየ ሰፍ ብየ ስጠብቅ ዘባረቁት ቱ ደሞኮ የገረመኝ ኩዚ ሊመት እያለ ስለፍቅረኞቹ ያስታውሳል 	1	0	0	0	0	0
amh_train_track1_459	ይሄ ፕራንክ ተመቸኝ ምርጥ ትምህርት ነው ያስተማረኝ ምግጠን ስንያዝ አረ ውዴ ፕራንክ ነው እላታለው	0	0	0	0	1	0
amh_train_track1_460	ሌላው ትንታኔህ ጥሩ ቢሆንም አሰብ እንዴት የቀይ ባህር መግቢያ እንዳደረግኸው አልገባኝም ኤርትራ በሙሉ ልትሆን አትችልም መሀል ላይ ነው ያለችው ጂቡቲ ብቻ ነው ልትሆን የምትችለው	0	0	0	0	1	0
amh_train_track1_461	ፅጥ በል እስር ቤት ሲያንሳቸው ነ እግዚአብሔርነው ያስራቸው fake news stop	1	1	0	0	0	0
amh_train_track1_462	የጎንደር አካባቢ ሰው አንተን ምንም ማድረግ ባይችል ዘር ማንዘርህን ከማንኝውም ማህበራዊ ግንኙነት ማገድ ነበረበት ለምን እንደዚህ እንደማያደርግ አስገራሚ ነው ባንዳ	1	1	0	0	0	1
amh_train_track1_463	ዶ/ር እሌኒን አሸባሪ እያላችው ዘግባችው አሁን ደግሞ ስለሷ ጥሩ ነገር ታወራላችው አይ ETV የእናንተን መጨረሻ ብቻ ያሳየኝ ለመጣው ሁሉ እያጨበጨባችው ትኖራላችው ከርሳም ሚዲያ 🤭🤭🤭😂😂😂	1	1	0	0	0	0
amh_train_track1_464	ቆይ ቆይ መና ኮሜንት ታያለሽ ብዬ አሰባለው ልጁ ባለጌ መሆኑን ካወቅሽ በዃላ እናሰማማክ እርዳታው እንዲቀጥልልክ ብሎ ማለት ምን ማለት ነው ሼም ሆን ዩ መና ህዝቡ የሚረዳው ተርፎት አይደለም ሰላሳዘነችው ነው መናና እንቲ ሙሸኪላ ፊ  ኣረ ላሽ መና ደና ሰው ትመስይኝ ነበር የባሰብሽ ጭራሽ እባክህ ብላ ትላለች ሆ ጌታዬ	1	0	0	0	0	0
amh_train_track1_465	ጀግና ልጂ እ/ር አውንም ከጎንሺ ይሆን ተሰፋሺ እጂግ የሚገርም ነው እሱ የሲራውን ይሰጠው	0	0	0	0	1	1
amh_train_track1_466	ብንያም ፓስተር ኣይደለም ኣጭብርባሪው ደንቆሮ የሞተ ሰው እንዴት ያልማልዳል	0	1	0	0	0	0
amh_train_track1_467	ቅዱስ ገብርኤል አባቴ እባክህን እርዳኝ ካለሁበት ጭንቀት ገላግለኝ ፀሎቴን ስማኝ	0	0	1	1	0	0
amh_train_track1_468	እኔ እኮ ያልገባኝ ጤነኛ ናት ወይ ናት ከተባለ እኔ ማመን ይከብደኛል እዴት ሰው በሙሉ ጤናው እዲ ሊያደርግ ይችላል እቺ አውሬ ናት ፈጣሪ ይፍረድብሽ	1	1	0	0	0	0
amh_train_track1_469	እሱን የዘከረው ፀሀፊም ከሱ ያልተሻለ የከፋ ሰው ነው	0	1	0	0	0	0
amh_train_track1_470	አማረ በጣም የዋህ ሰው ነውዝም ብሎ የልጆች አስተማሪ ነገርሃገራት የሚሊተሪ ሃይላቸውን በመጠቀም እንዳደጉ እነ እንግኪዝና አሜሪካን አይቶ መማር የምይፈልግየዋህ	0	0	0	0	0	0
amh_train_track1_471	ላከባቢው ሰላም ሃላፊነት ኣላት ክክ የገዛ ህዝቧ በድሮም የምትደበድብ እንዴት ላከባቢው ሰላም ጠባቂ ትሆናለች ውሸት የማይፈሩ ደደብ ሽማግሌዎች እየጠራህ ህዝብ ማደንቆር ይቁም ውሸት ይብቃ	1	1	0	0	0	0
amh_train_track1_472	አዪ ለነሱ እኮ ሀዘን አይገባም! ማንም ያላየውን ክብር እና አክሊል ተቀዳጅተዋል	0	0	0	0	0	0
amh_train_track1_473	ግሎባላይዜሽን ሊውጠን ይህው በራችንን እያንኳኳ ነው የተበደርነውን ዕዳ መክፈል አቅቶን እየተንገዳገድን ነው ታዲያ መቼ ነው ከእንቅልፋችን ባነን ለሳይንስና ምርምር ቅድሚያ ሰጥተን ሐገራችንን ወደላይ ከፍ የምናደርጋትተነስ ንቃ ሐገራችንን በጋራ እናልማ እር ይርዳን ብሩክ አመሰግናለሁ	0	0	0	1	0	0
amh_train_track1_474	የተነገረውን ሁሉ ሰምቶ የሚፈነድቅ እንጂ ጠያቂ ማህበረሰብ ባለመኖሩ  የመጣው የሄደው ሁሉ ይጫወትብናል አሁን ላለንበት ቀውስ የጠቅላዩ አቅመቢስነትና ወላዋይነት ዋናው ቢሆንም  ከሁዋላ እየገፋ ማነቆውን ማን እንዳጠበቀው አንዘነጋም አባው እንቅልፍ ተኝቶ ሲነቃ ለህዝብ ሀሳቢ ሆኖ ባነነ ወይ ፉገራ 	1	1	0	0	0	0
amh_train_track1_475	ውሳኔዎን ወደ Araxys Vandal ይለውጣሉ ወይም በቅዱሱ ዓለም ወይም እስረኞችን የማያስቀይረውን ሰው ቁጣ ታረክሳሉ Store ደምህንም ሥጋ	0	0	0	0	0	0
amh_train_track1_476	እነዚህ ነውረኞች ናቸው የተፈጠረውን ክስተት በይቅርታ እንዝጋው እና እኛ አንድ ሆነን መበቀል አለብን ሰሜናዊያንን አድቅቀው አይቀሩም መፈጠራቸውን እስኪጠሉ ድረስ መበቀል የግድ ይለናል እነዚሀ በበታችነት ስሜት ያበዱ ናቸው	1	1	0	0	0	0
amh_train_track1_477	የኢትዮጵያ ጋዜጠኝነት  አገር ቤት የህዝብሰባዊ መብት እጦት የፍትህ መግ ዋደል መንግስት የተሸዋረረ ፖሊሲውን ከማጋለጥ በውጭ ዜና ዩክሬንያ ሩስያ ጦርነት አሁን በፍልስጤም እስራኤል ድሮ በሳዳም ጦርነት ወሬ ነበር መሽቶ የሚነጋላቸው ጋዜጠኛ ተብየዎች ስለወለጋ አማራ እልቂትየባለስልጣናት ሙስናየሰነድ ማጭበርበር ባጠቃላይ የህዝብ ስቃይ አይናገሩም ድንቄም ጋዜጠኝነት	1	1	0	0	0	0
amh_train_track1_478	ይሄ የይዋጣልን የደንቆሮዎቹ መገላጫ ነው ሰከን ብትይ ጥሩ ነው። ኣንድም ቀን የሰላም ኣማራጭ ስታቀርቢ ሰምቼሽ ኣላቅም ምናልባት የህወሓት ውሃ መጠጣትሽ ብዬ እ	0	1	0	0	0	0
amh_train_track1_479	ሞት ለእስራኤል ሞትለአሜሪካ ሞትለተባበሩት መንግስታት ሞትለሃያላንመንግስታቶች ፍልስጤም አቅምጨየሌላት በድንጋይ የምትዋጋ ሀገርናት እስራኤል የእስልምና ጠላት የሆኑ ሀያላን አሜሪካን ጨምሮ በከባድየጦርመሳሪያ ድጋፍበመስጠትየፍልስጤንንን ግዛትእንድትዘርፍአና እንድትቆጣጠር ያበለፀጓት ሀገርሰትሆ እንኳንየደካማዋ ፍልስጤምግዛትመዝረፍ መላው የአረቡ ግዛት የበላይ ሆናእንድትቆጣጠርና እንድታስተዳድር ቋምጠው ከጎኗ መቆማቸው በግልጥ ያሳያል ይህም ካላቸውየ	1	1	0	0	0	0
amh_train_track1_480	ባሪያ ምንድን ነው? በዘረኝነት ያልተበከለ ሰው ለናንተ ባሪያ ነው? በኢትዮጵያ የሚኮራ ባሪያ ነው? ሰውየው እንቁ ነው! ለእምዬ ኢትዮ	1	0	0	0	0	0
amh_train_track1_481	ፍትህ ቤታችን ለፈረሰብ ሰዎች የአየር ካርታ የቤት ቁጥር ያለን ወደቦታችን እንድንመለሰ ለመግስት ጠይቁልን ተው ግፍ ጥሩ አይመጣም	0	0	0	1	0	0
amh_train_track1_482	ይሄ ሁሉ ቅጥፈት ስንት አመት ለመኖር ነው ግን አሁንስ በነዚህ ስግብግቦች የተነሳ የቤተ ክርስቲያናችን መከራ በዛ	0	1	0	1	0	0
amh_train_track1_483	ቻርለስ ሆይ ምንድነው አሸቅድህ አፈር ብላና አንተ መይት ያኮብዬ የኔ ፍቅር እኔ በጣም ነው የማፈቅርህ አደራ ይልዲዝን እንዳታፈቅራት በቅናት እንዳልሞት	0	1	0	0	1	0
amh_train_track1_484	የህወሓት ቀጣይ ዕጣ ፈንታ ምን ሊሆን ይችላል?	0	0	0	0	0	0
amh_train_track1_485	ፋኖ ያሸንፋል  ሙሉ አቅሙ አለ የፈረሰ የአብይ ዙፋን ጠባቂ የለብለብ ዘራፊ ሰራዊት ነው	1	1	0	0	0	0
amh_train_track1_486	በጣም ያማል አግዚአብሔር ብርታቱን ይስጥሽ 😭😭😭	0	0	0	1	0	0
amh_train_track1_487	ሕዝብን ለማማማለልና የሥልጣን ዕድሜውን ለማራዘም የማይወራ ውሸት የለም።	0	1	0	0	0	0
amh_train_track1_488	ስልኩ ከየት ወዴት ነው የተደወለው?አከባቢዎቹስ ከዬትኛው የውጭ ወራሪ ነው ነፃ የወጡት?	0	0	0	0	0	0
amh_train_track1_489	ሙስጠፌ እራሳችሁን ጠብቁ። የነ ዶር አምባቸው ግድያ ሚስጥር አለው። አሁንም ግድያው ቀጥሏል። ፖለቲክስ ቆሻሻ ነው።	0	1	1	0	0	0
amh_train_track1_490	ኢትዮጲያ አዝላ የነበረውን መከራ እና ስቃይ ፍንትው አድርጎ ያሳየን ጀግናው መሪያችን ዶክተር አብይ አህመድ ነው !	0	0	0	0	1	0
amh_train_track1_491	በሙሉ ቁጥር ነው ብቅ የሚሉታ?	0	0	0	0	0	0
amh_train_track1_492	የሱዳን ያልተጠበቀ አዲስ አቋም የዶክተር ዐብይ ጉዞ	0	0	0	0	0	0
amh_train_track1_493	የኦሮሚያ አውሬው ሰካራም ሴሰኛ ዘራፊ አራዥ አፈናቃይ የዋኬ ፈታ አቴቴ ጨሌ ጳጴሳት ተብሎ ይስተካከል 	0	1	0	0	0	0
amh_train_track1_494	ፐፐ የሚገርም ትንታኔ ነው እንዴት አወቅሽ በናትሽ እስቲ ሌላም ካለሽ አካፊዪን	0	0	0	0	1	1
amh_train_track1_495	ለብልጽግና ግብር መክፈል እየከፈልኩህ ግደለኝ ማለት ነውለሚገልህ መንግስት ግብር መክፈል ምን ማለት ነው ሸገር ብለው ከአዲስ አበባ ቆርሰው የሚያቋቁሙት ከተማ አዲስ አበባን ለመክበብና ለመቆጣጠር ነውኦነግን እንዲጠናከር ያደረገው የአብይ መንግስት ነው ይሄ ገዳይ ቡድን ከመንግስት ጋራ ተኩስ አይገጥምም ወደ ንጹሀን ገበሬወች ቤት እየሄደ ዘር እየመረጠ እና ኦርቶዶክስ ሀይማኖት ተከታይ የሆኑ ምእመናንን መግደል ብቻ ነው ስራው የፈሪ ዱላ እነዚህ 	1	1	0	0	0	0
amh_train_track1_496	ህፃናትና እናቶችን የመግደል ፍቅር ደም የጠማቸው ነፍስ በላዎች የሚንፈለሰሱበት ሀገር	1	0	0	1	0	0
amh_train_track1_497	የግብፅ ታሪካዊ የናይል የጀልባ ቤቶች እንዲፈርሱ መወሰን የፈጠረው ሐዘን	0	0	0	1	0	0
amh_train_track1_498	ገና ሲሲሲን አናግሮ ግድቡ ለሰላምና አገራችንንን ከውጭ ጥቃት ለመከላከል ትተነዋል በቅርቡ እናፈርሰዋለን የሚል ይመስለኛል	0	0	0	0	0	0
amh_train_track1_499	በስሜታዊነት ሳይሆን በተረጋጋ ልብና ህሊና ነገሮችን መመልከት ያስፈልጋል ልቦና ይስጥልን	0	0	0	0	0	0
amh_train_track1_500	ምልምል ጃጓሮች ሲመረቁ ስናይ ደስ አለን!ጀግናው የጦር ሀይሎች ኢታማዦር ሹም ፊልድ ማርሻል ብረሀኑና የፌደሬል ፖሊስ ምክትል ክሚሸነር መላኩ ፈንታ በተገኙበት የኮማንዶና አየር ወለድ	0	0	0	0	1	0
amh_train_track1_501	የእግዚአብሔር ትዕግሥት በዝቶልህ አለህ በህይወት ድንገት ሳትሰባር ምን እየሆንክ እንደሆነ እራስህን እይ በአማራና በህይወት ታጣቂዎች በተደረገው ጦርነት ውስጥ ተጎድ	0	0	0	1	0	0
amh_train_track1_502	የእስራኤል ገደብ የለሽ የሰብአዊ መብት ጥሰት ሳትዘግቡ ግፍ በዝቶበት አንድ ድንጋይ የወረወረን ፍልስጤምን ግፍ አለመዘገብ እና የእስራኤል ደጋፊ መሆን ከአንድ ሚድያ አይጠበቅም። በነገራችን ላይ የሀማስ ጥቃትን ደግፌ አይደለም ማንም ቢሆን በግፍ እንዲገደል አልፈልግም	1	0	0	1	0	0
amh_train_track1_503	ፈገግታች ልዩ ነው ልብ ያስደነግጣል አለ ጥሌ	0	0	0	0	1	0
amh_train_track1_504	ብዙ ሰው የኦሮምያ ክልልል ባንዲራና የአባ ገዳ ባንዲራ አንድ ይመስለዋል።	0	0	0	0	0	0
amh_train_track1_505	እኝህ የአዲስ አበባ ሃገረ ስብከት ሥራ አስኪያጅ ነበሩ። ፍቅረ ንዋይ አደገኛ ፆር ነው።	0	0	0	1	0	0
amh_train_track1_506	ነገር ድንገት በዕራዕይ ምን ታየኝ ሲል እንደነበር እናቃለን በአጠቃላይ የብዙ ሰዎች እጅና፤ በስፋት የኦሮሙማ አቀንቃኞችና በመንግስት አለሁላቹ ባይነት ቤተክርስቲያናችን እዚህ ደርሳለ	1	0	0	0	0	0
amh_train_track1_507	የናንተ ክህደት ወሰን የለውም ታላቅ ኤርትራ መቼ ነው እንዲህ ያለው ኢትዮጵያን ማፍረስ ቢፈለግ የዛሬ አመት ቀላል ነበር ግን የእርትራ ሰራዊት መስዋእት ከፍሎ ኣዳናቹ	1	1	0	0	0	0
amh_train_track1_508	💑አጠር ያለ ታሪክ ባል እና ሚስቱ በመሀላቸው ግጭት ተፈጥሮ አይነጋገሩም። ሁለቱም በረጅምትዝታ ተውጠዋል ። መጀመሪያ ማውራት ሽንፈት መስሎ ስለታያቸው ሳይነጋገሩ መተኛ ሰዓታቸው ደረሰ። ድንገት ግን ባል የሆነ ነገር ትዝ አለው። ነገ ጠዋት የስራ ስብሰባ ለመታደም ወደዛ ለመሄድ በረራ አለው። ሁሌ ደሞ ወደ ስራ ሲሄድ እንቅልፋም በመሆኑ የምትቀሰቅሰው ሚስቱ ናት። እናም የነገው ስብሰባ እንዳያመልጠው ለሚስቱ 111ሰዓት ቀስቅሽኝ ብሎ በ	0	0	0	0	0	0
amh_train_track1_509	ላቀሳስር እንጂ ? መልካም በአል ጌታዬ!	0	0	0	0	1	0
amh_train_track1_510	ሎጆች የሚል ፈጽሞ ለሀገርኛ ቋንቋ ባዕድ ቃል አላስፈላጊ በሆነ መልኩ ቀርቦልናልእንግዳ መቀበያና ማስተናገጃ በሚባሉ ለአገር ዜጎች ሊስተዋል በሚችል ሁኔታ ቢቀርብ መልካም ይመስለኛል 	0	0	0	0	0	0
amh_train_track1_511	አይ እነኝህ ፅንፈኞች የኢትዮጵያ ጠላቶች በምድሯ አድገው ሀገሪቷ በነፃ አስተምራቸው ዛሬ በውጭ ሆነው እንዲህ የባንዳ ተላላኪዎች ሆነው ሀገርን ለማፍረስ ደም ለማፋሰስ ጧት ማታ አለመታከስ ሲሰሩ ማየት በጣም ያማል ውስጥን ያቆስላል አብሮ ከመስራት አገርን ከማልማት እኛ መንግስትን አውርደን እኛ መግዛት አልብን ብለው ይህን ያህል አመፅ መስማት ያሳዝናል ምንም ለሀገር ያልሰሩ ቤተሰባቸውን ያልመሩ ቤተሰብም ያልመሰረቱ ከሰውነት የራቁ ውስጣቸው በሰ	1	0	0	1	0	0
amh_train_track1_512	የምጽአት ቀን መቃረብን ስለሚቆጥረው ሰዓት ሰምተዋል? እውን የዓለምን ፍጻሜ የሚያመለክት ነው?	0	0	0	0	0	0
amh_train_track1_513	ሚኮ ማይኮ አሁን አይደለም ፕሮቴስታንት የሆነው ድሮ ከልጅነቱ ጀምሮ ነው። እኔ ዩቲዩብ ፕራንክ ስሰራ በፆሙ ኬክ እየበላ አይቸው ነው ያወኩት ጓደኞቹ ሁሉም ፕሮቴስታንት ናቸው ፍቅረኛው የተዋህዶ ልጅ ነች እሱ እና እሷም የተጣሉት እሱ ወደ ፕሮቴስታንት እየሄደ ስለነበር ነው እሷም በሚዲያ ስትለቀቅ ኑሯ አፍራ ከሚዲያ የጠፋችሁ ማይኮ ከዛ በኋላ ተመልካቹ ቀነሰ አማራጭ ስያጣ ላልተወሰነ ጊዜ ጠፋ አሁን ደግሞ ወደ ነበረበት ቦታ ሄዴ ጭፈራ ቤቶቹ ስ	0	1	0	0	0	0
amh_train_track1_514	Gech Gech እናንተ በምናችው ይቀናል አስተሳሰባችውሁ የወረደ	0	1	0	0	0	0
amh_train_track1_515	አተራስክ ድብን በል እነሱማ ሞት አይፈሩም ሸኢድ ናቸው	1	1	0	0	0	0
amh_train_track1_516	PhD ለደነዞች ሆነ በቃ፣ አዕምሮዋቹ እንደዚህ ይዘቅጣል ብሎ ማሰብ ይገርማል ፣ ያሳፍራል ፣ አይ አማሮች ?	0	1	0	0	0	0
amh_train_track1_517	ፈርቶም ሞት ታግሎም ምት ከሆነ የሚሻለውን የምታውቀው አንተ ብቻ ነህ	1	0	0	0	0	0
amh_train_track1_518	እዎ ጉራጌ ፍቅር ነው እንች ተረኛዋስ ግን ክፍያሽ ስንት ነው?	0	1	0	0	0	0
amh_train_track1_519	እውነትህን ነው ተባረክ ፖተሊካ ከእውቀት ነፃ የሆነ ባለጌ አሳዳጊ የበደለው ነው	0	1	0	0	0	0
amh_train_track1_520	አለባብሶ ቢያርሱ በአረም ይመለሱ ነው የሆነው መልስህ ፍርሀት ቃላት ለማውጣት መጨነቅ የህዝብ ብሶትን መደበቅ ለመናገር ገደብ ያለብህ አላስመሰለብህም ወይ	1	0	0	0	0	0
amh_train_track1_521	የመጽናናናት አምላክ እርሱ ያጽናናናሸ የኔ እናት በጣም ያማል 😭😭😭	0	0	0	1	0	0
amh_train_track1_522	ኋላ ቀርማ አምላክ እንደ እሱው በአምሳሉ ፈጠርሁት ያለውን ወንድም እህቱን ቀለሙ ጠቆረ ብሎ እንደ እንስሳ ሊገዛው የሚሞክር ሁሉን ለእኔ ሆድ ላድርግ የሚል የስግብግብ ጅብነት የአሳማነት ባህርይ የነገሰበት ነው  ኋላቀርነትማ ከክቡር የሰው ልጅ ባህርይ ወርዶ ፈጣሪአብዝቶ እንደሚጠየፈው የሚታወቀውን ከእንስሳት ባህርይም የወረደን የድቁርና ና የነውር ስራን ስልጣኔ እየመሰለው የሚጨማለቀው ቆሻሻ ድርጊትን እንደ መልካም የመሰብከው ከንቱ አመለካከት 	1	1	0	0	0	0
amh_train_track1_523	ያሳዝናል ሀሰት የሀሰት መሪ ኢትዮጲያ ተበላሸች በእናንተ ምክንያት እውነተኛ የእግዚአብሄር ሰዎች አብረው መረሸናቸው ያሳዝናል ስለእግዚአብሄር ቃል ከመናገር ይልቅ እግዚአብሄር ስለማይከብርባቸው ነገሮች ላይ ጊዜ ስለማጥፋት እውነት Miracle የምትባለው ሰው ተጠርተህ ቢሆን ኖሮ ስለ ግብስብሱ ስለ አለም ነገር ትተህ ስለ ኢየሱስ ታወራ ነበር ኢየሱስን የተጠማ ሰው ተሰብስቦ አንተ Mancity Arsenal እያልክ ታሾፋለህ ሀሰተኛ የሀሰት መሪ..	1	1	0	1	0	0
amh_train_track1_524	ክርስቶስን አቅፎ በመሳም አሳልፎ በመሸጥ ክህደት እንደተፈፀመበት ሁሉ ኢትዮጵያ ኢትዮጵያ ብሎ የህዝብ ድጋፍ አግኝቶ ስልጣኑንካስጠበቀ በሗላ በመጨረሻከወያኔ	0	1	0	0	0	0
amh_train_track1_525	እንደዚህ አይነት ግሩም የሆኑ ሰወችእያሉን ፖለቲከኞች በዘር ያፋጁናል	0	0	0	0	1	0
amh_train_track1_526	ከተለቀቁት እስራኤላውያን ታጋቾች መካከል የአራት ዓመት ህጻን እንዳለችበት ተገለጸ	0	0	0	0	0	0
amh_train_track1_527	አብይ አህመድ ሰላም አይመቼውም ።66 ደም ብጥብጥ ቀውስ ይፈልጋል።አብይ መንፈሱ ደስ የሚለው ደም ሲፈስ ነው።	0	1	0	0	0	0
amh_train_track1_528	በስመ አብ ወወልድ ወመንፈስ ቅዱስ አሀዱ አምላክ አሜን አቤቱ ምግባረ ደካማ ነኝ እና እኔ እሆንን እንደ ሎጥ ሚስት የጨው ሀውልት ሆኘ እምቀረው ወይስ ያች ዘማዊቷ ሴት የሁለቱም ምግባር በኔ ላይ አለና ሁሌም እፈራለሁ እሱ እስኪመልሰኝ ድረስ	0	0	1	0	0	0
amh_train_track1_529	ንፁሀንን ከመጨፍጨፍ ብትቆጠብ ይሻላታል ሀማስ አይጠፋም ገና ከፍርስራሹየወጡት ህፃናቶች ሌላ ሀማስ ይሆኑባታል ይህ የማይታሰብ ነው ህፃን ሥለጨፈጨፈች ጀግና አልተባለችም ሀሉም እያገለላት ነው በአረመኔነቷ ሀማስ ሆስፒታል ውስጥ ስደተኛ ካንፕ ውስጥ የለም አረመኔ	1	1	0	0	0	0
amh_train_track1_530	እኛ ኦሮሞዎች የብርሃን አምላክ ነው ያለን እሱም ብርሃን ነው ጥቁር የጨለማ እና የጨለማው አውሬ መገለጫ ነው	1	0	0	0	0	0
amh_train_track1_531	ኤርሚያስ የበረከትን ቂጥ ስታጥብ የነበርክ ቅናተኛ ወራዳ ነህ ቅሌታም	0	1	0	0	0	0
amh_train_track1_532	የአቢሲኒያ ባንክ የሆነ ነገር ነው	0	0	0	0	0	0
amh_train_track1_533	ሰላም እንዴት ነህ በአርሲ ዞን ሽርካ ወረዳማንነታቸው ያልታወቁ የታጣቂዎች ጥቃት እስካሁንም ከ50 ሰዉ በላይ ተረሽነዋል	0	0	0	1	0	0
amh_train_track1_534	ያንተ የማንነት ቀውስ የአማራን ሕዝብ አይወክልም። ሕዝቡ ዋጋ የከፈለው እንደ አንተ ዓይነት ከሐዲዎች ለዘመናት ሲጠብቀው የኖረውን ማንነቱን አ	1	1	0	0	0	0
amh_train_track1_535	እነሱማ የጀግና ሠራዎት ደጋፍዎች ናቸው፡፡፡እናንቴም አላችሁ አይደለም የተራ ሽፍታ አፈቀላጠዎች	1	1	0	0	0	0
amh_train_track1_536	አመመኝ አሰወፍዬ የኔ የዋህ አልጠበኩም ነበር ሞትህን ድነህ ትመለስ ነበር ዱአዬ ግን አላህ ያለው ሆነ	0	0	0	1	0	0
amh_train_track1_537	በሥማም ምን አይነት ልጅነሽ ይሄን ሁሉ ስቃይ ተሠቃይታ ለናቷ ያላት ፍቅር ይገርማል አይዞሽ የልብሽን ሀሣብ እመቤቴ ታሣካልሽ	0	0	0	1	0	1
amh_train_track1_538	የዛሬው ኢንተርቪው ሲጀምር አለከታተልኩትም አሁን ወደሁአላ ሳይ ጃዋር ያለው የኢትዮጵያ ሕዝብ በጥቅሉ ጭንቀት ውስጥ ነው ያለው ትክክል ነው ነገር ግን በ5ዓመቱ ቀውስ የርሱም አስተዋፅኦ አጅግ ነው	0	0	0	0	0	0
amh_train_track1_539	ደጋግሜ ባየዉ ባየዉ የማልሰላቸዉ ፕራንክ አቦ አስቀናችሁኝ	0	0	0	0	1	1
amh_train_track1_540	ዳንኤል ክብረት የምባል ሰው የተናገረው የጥላቻ ንግግር የህግ ሽፋን ተጠቅሞ ተግባራዊ እናደርጋለን ብሎ ማሰብ የሚገርም ነው። ማእቀብ ፈርቶ እንጅ አሁንም ለሰላ	1	1	0	0	0	0
amh_train_track1_541	ወንድሜን በጣም አቀዋለው መጽሀፍት ሢሸጥ በጣም ያማል ያሣዝናልም አረ ኢትዮጵያ ሀገሬ ምኑ ጉድ ነው የመጣብሽ የት ሔደን እንኑር ግራ ገባን እኦ	0	0	0	1	0	0
amh_train_track1_542	ኢትዮጵያን ማራኪ የምናደርጋት ጦርነትን በቃ ብለን ልማት ላይ ስንረባረብ ብቻ ነው።	0	0	0	0	0	0
amh_train_track1_543	ሰሜን ኮሪያ ተደጋጋሚ የክሩዝ ሚሳኤል ሙከራ አደረገች	0	0	0	0	0	0
amh_train_track1_544	ማህበረ ቅዱሳን የሚሉትን አሸባሪ እየለቀሙ ወደ ቂሊንጦ መላክ ነው። ዳንኤል ክብረትና ሙላቱ ዘሪሁን ናቸው ይሄን ያሸባሪ ቡድን የሚመሩት ።	1	1	0	0	0	0
amh_train_track1_545	የበሰበሰ ሬሳዎ እሸት ለተራቡ ውሾች በጣም አስፈሪ ይሁን። በበጋ እንደ በረዶ ያለ ምንም ነገር ይደብቁ። በእግዚአብሔር ፊት የተረገማችሁ በባልንጀራችሁ የተጠላችሁ ይሁን	0	1	0	0	0	0
amh_train_track1_546	ስላጋራሀን አመሰግናለሁኝ ወንድምአለም። የሚገርም ስራ ነው።	0	0	0	0	1	1
amh_train_track1_547	አገዛዙ በግዜ ካልተወገደ ወይ ካልተገረሰሰ አደጋዉ የከፋ ነዉ፤አሁን እናታ አገራችንን ከብልፅግና ማፍያ እናላቅበአስቸካይ ሕዝባዊ መንግስት ይመስረት፤አብይና ግብ	1	1	0	0	0	0
amh_train_track1_548	የጉራጌ ህዝብ ምርጥ ህዝብ ሰርቶ የሚበላ የኢትዩጲያ ሞደሊስት ናቸው ስነስረአታችሁን በጣም ወድጀዋለሁ ጀሪካን ይዞ ሁጠማኝ ያለን ህዝብ በጥይት መመታታችሁ ልቤን ሰብሮታል ኢትዩጲያ በገ	0	0	0	1	0	0
amh_train_track1_549	እስራኤል ወራሪ እና የሕፃናት ገዳይ ነች :ድል ለፍልስጤማውያን!!!	1	1	0	0	0	0
amh_train_track1_550	ጀግና ትለያላችሁ በአደን እሪኩስ አማረን ጨቋኝ ነው	0	1	0	0	0	0
amh_train_track1_551	ህዋሀት ቀምቶ እስገድዶ ማነቱንና መሬቱን ወስዶበት እንኳን እገርና እራሱን መምራት የማይችለው ብልፅግና ተነጋገሩ ሲል ያሳፍራል ለአማራ መሬትም ሆነ ማንነት እማራ ብቻ እንጂ እብ ይ ወይም ህዋሀት እይነግረውም የሰው መሬትም እልወሰደም በሀይል የተቀማውን መሬቱና ማነቱን መልሷል ከእሁን በሃላ ባማራ ላይ መቀለድም ሆነ እጅ ማስገባት ውጤቱ ምን እንደሆነ የምታውቁት ይመስለኞል ኢትዮጵያ እንደዚህ ግዜ በደንቋሮች የተመራችበት ግዜ ኖሮም ታይቶም እይታ	1	1	0	0	0	0
amh_train_track1_552	አቦ ይሄ ሕዝብ ቀልብ ሳይገዛ መኖር ምን እንደሁ ሳናውቀው ጀንበር ልትጠልቅብን ነው ያሳዝናል? ምድረ ምቀኛና ዘረኛ ሕዝብ ደሞ ሀይማኖት ያለን ይመስል ፍጅት	0	1	0	1	0	0
amh_train_track1_553	ስታሳዝን ገና መኖር ሲጀምሩ የጥሩነት መጨረሻ ይሄ ነው ቦርቀው ያልጨረሱ ልጆችን መቅጠፍ ባለስልጣኖቹሁ ልጆቻቸውን የተሻለ ሀገር አስቀምጠው ሚስኪኖች ያልቃሉ ያሳዝናል ነፍሳ ይማር ለተቀሩት ሕግዛብሔር ድረስላቸው	0	0	0	1	0	0
amh_train_track1_554	እባካችሁ ይሄ ፕራንክ የምትሉት አስተማሪ ቢሆን ጥሩነበር እማየው ግን ሰው በከባድ ሲደነግጥ በተጨማሪም ሰውበሕይወቱ ሴቱምሆነወንድም በጥርጣሬ እንዲኖር አለመተማመን የሚያሳይን ነው የምታቀርቡት ያሳፍራል ሕፀን ፊት ይሄይወራል ትውልድን በመልካም ቅረፁ።	1	0	0	0	0	0
amh_train_track1_555	95 ሚሊዮን ዶላር ዕዳ ክፈል የተባለው የኢትዮጵያ አየር መንገድ 180 ሚሊዮን ዶላር ተይዞብኛል አለ	0	0	0	0	0	0
amh_train_track1_556	የቤተሰብ ጭካኔ ይሄን ያህል ጭራሽ እናትና አባት ሰው በፈጣሪ ሀምሳል ተፈጥሮ እንደዚ አይነት የክፋት ጥግ አምላክ ሆይ ታረቀን ዝም አትበለን።	0	0	0	1	0	0
amh_train_track1_557	ስለ ሬጌው ንጉሥ ቦብ ማርሌይ አራት አስገራሚ እውነታዎች	0	0	0	0	0	1
amh_train_track1_558	ህውሃት ካለ የቆመው ሰማኒያ ሶስት አመተምህረት ላይ ነው እባካችሁ ተደላቃችኃል ገላችኃል የኢትዮጵያ ሴትአርቲስቶችን ጨርሳችኃል እአ ብዙ ጥጋብ አሳልፋችኃል ፍቅር የሆነውን የትግራይ ህዝብ ለቃችሁ ጥፉ	1	1	0	0	0	0
amh_train_track1_559	ጦርነት ለማንም ባይጠቅምም ግን ለእስራኢል ከባድ ጥቃት ያስፈልጋታል ከአለም ካርታም መጥፍት አለባት	1	1	0	0	0	0
amh_train_track1_560	የሸርሙጣ ልጅ። የአማራ ህዝብ ሲገደል ሁሉ ድጋፍሽን የሰጠሽ ሴት ፣ዛሬ ጥያቄ ተጠየቅኩኝ ብለሽ ትነፋረቂያለሽ? ጥይት ቢያርከፈክፉባችሁ ጥሩ ነበር።	1	1	0	0	0	0
amh_train_track1_561	ትዊተር፤ ሜታ የሠራው አዲሱን ተቀናቃኝ መተግበሪያ ትሬድስ እከሳለሁ ሲል አስጠነቀቀ	0	0	0	0	0	0
amh_train_track1_562	በ ዝምታ ምትስራው ስራ እኮ ነው ሙሉ መሪ እንድቶን ያርግክ የ ስራ ሰው በርታ ኣቢቹ አባ መላ	0	0	0	0	1	0
amh_train_track1_563	አርፈህ ተገዛ ባርያ ሁን ፣ እንደ አህያ ተጫን ኦሮሙማ ንብረትህን ፣ይዝረፍ ልጅህን ይግደል። ሱሪህን እውልቅና እንደ እኔ ለአብይ ተጎንበስ፣ የሚልህን ደግሞ እ	1	1	0	0	0	0
amh_train_track1_564	እግዚኦ በሉ የኢትዮጵያ ህዝብ መከራ በዛ ለቅሶ ዋይታ የእለት ከእለት ኑሯአችን ሆነ ግን እስከመቼ  ፈጣሪ ሆይ ከአቅማችን በላይ ነው እባክህን እርዳን ደከመን ከአቅማችን በላይ ነው አንተ በቸርነትህ ማረን እግዚኦ ፈጣሪ የኢትዮጵያ ህዝብ ወዳንተ እንጮሃለን ማረን እባክህ ለፈጠርከው ህዝብ ፈጥነህ ድረስ ያማል ያማል ያማል  ውድ የጌትነት ቤተሰብ ሃዘናቹ የመላው ኢትዮጵያዊ ህዝብ ሃዘን ነው ፈጣሪ ያፅናቹ ፍርዱን ከላይ ከሰማይ ከእግዚአብሔር እንጠ	0	0	0	1	0	0
amh_train_track1_565	በጣም ያሳዝናል የኔ እናት አይዞሽ 💔😭😭😭	0	0	0	1	0	0
amh_train_track1_566	‘ሰይጣን እናስወጣለን’ የሚለው የዩናይትድ ኪንግደም ቤተ ክርስትያን	0	0	0	0	0	0
amh_train_track1_567	በሻሻ ዛሬ ገራሚ ፕሮፌሺናል ፋዉል ሰራች ! ፋዉሉ ግን ያልተጠበቀ ነበር !	0	1	0	0	0	1
amh_train_track1_568	ኧረ ወዳ የማያልቅ ኢራን ኢራን ጉራ ብቻ ይልቁንስ ያልተጠበቀዉ የመን በወኔ ተቀላቀለ አሏህ ያግዛቸዉ ድል ለአማኞች ለተገፉት ሞት ሽንፈት ለአረመኔዋ ለጨካኟ ህፃን ገዳዮች የአሏህ ቁጣ ይዉረድባቸዉ	1	1	0	1	0	0
amh_train_track1_569	መሳይ ግን ካንቺ በላይ ኣለምላይ ዘረኛ የለምኮ ኣታቂም ቂል	0	1	0	0	0	0
amh_train_track1_570	የዛሬ ጠላት የነጌ ወዳጅ ልሆን ይችላል ::: የጠ\ሚ ወሳኔ የምሁር ዉሳኔ ነዉ እንጂ የማንም የተራ ወሬኞ ዉሳኔ አይደለም 1000 አመት ይንገስ!!!	0	0	0	0	1	0
amh_train_track1_571	ውይ እሄን ድራማ ባልጀመረኩት ብዬ እየተማረርኩ ነው የቱርኮች ስቃይ በዛ ልክ እንደ ኢትዮጵያ ህዝብ አይይ	0	0	0	1	0	0
amh_train_track1_572	?ስለ ቤተክርስቲያን ዝም አልልም ከክርስቶስ ፍቅር የሚለየኝ ማነው፣ መከራ ችግር ስቃይ ወይስ መራቆት ነው፣ አን via 	1	0	0	0	0	0
amh_train_track1_573	ያንሣታል ለማሚ ይገባታል ከዚህ በላይ በምድር ላይ ያለ ጥሩ ነገር በሙሉ ለሧ ቢሆን ቅር አይልም	0	0	0	0	1	0
amh_train_track1_574	መፀሀፉ መጀመሪያ የተፃፈዉ የቁም ፅሁፍ በሚባለዉ የእጅ ፅሁፍ ነው። ፀሀፊዉ አቶ አፅሜ ጊዮርጊስ ይባላሉ የጋላ ታሪክ የመፀሀፉ ርእስ ነው።	0	1	0	0	0	0
amh_train_track1_575	የዲዮጉ አባት ዘና ነው የሚደርገው	0	0	0	0	1	0
amh_train_track1_576	ንፁሀኖችን ሲገል ከርሞ ሞት የራሡን ቤት ሲያንኳኳ ልቡ ተሠበረ በሠፈሩት ቁና ማለት ነው	0	1	0	0	0	0
amh_train_track1_577	እንዴት ሰዉ የሰለጠነ ሃገር ለዛዉም አሜሪካ እየኖረ የድንቁርና ከበሮ ይደልቃል አንተ የምትቀርፀዉ ዜጋን ማሰብ በጣም ያማል አንተ ሰላም በነበረ ህብረተሰብ ዉስ	1	1	0	1	0	0
amh_train_track1_578	መንሱር ተሳስተሃል ከዚ ውዳቄ መናገርክ ይሄ ድስት ኣፍ	0	1	0	0	0	0
amh_train_track1_579	እኔም የገረመኝ ይሄ ነው በአጭሩ እሷም እሱም አንድ ናቸው የበፊቱ ባሏ ቢቀርብ እና ማንነቷን ቢናገር ጥሩ ነበር	0	0	0	0	0	1
amh_train_track1_580	እራሷን ኢትዮጰያን እዳይሸጣት እና መሂጃ እዳያሳጣን ወገን ፀልዮ በደም የሰከረ አውሬ እደት ሰላም ያመጣል ተብሎ ይታሰባል መድኃኒአለም ያሳህ	0	1	1	0	0	0
amh_train_track1_581	ለአንድ ሰአት ከሰላሳ ደቂቃ ያህል አይናችንን ለአፍታ ሳንነቅል ጀዋር ከጋዜጠኛ ደረጀ ሀይሌ ጋር ያደረገውን ቃለመጠይቅ ተከታተልን እንደ ሌላው ጊዜ ሁሉ ጀዋር በእራሱ ተይዙ የነበረውን የቀጥታ ስርጭት ሪከርድ በእጥፍ በጣጠሰው ከ60 ሺ ተመልካች በላይ በዩቲዩብ በቀጥታ የተከታተለው ሲሆን በቴሌቪዥን ስርጭት ደግሞ ከተማዋን ፀጥ ረጭ ያደረገ ክስተት ተፈጥሯል ዝምታ ነግሶ ጫጫታ ጠፍቶ መጠጥ ቤቶች ሳይቀሩ ዘፈን ቀንሰው የጀዋርን ቃለመጠይቅ ተከታት	0	0	0	0	1	0
amh_train_track1_582	ከ Etv ይልቅ የግብፅ ሚዲያ ስለ ኢትዮጵያ መልካም ነገር ይናገራልአሁን ይሄ ጋዜጠኛ ስራ ውዬ መጣው ብሎ እንጀራ ይበላል  የበሻሻ ህፃን በስህተት ገብቶ ሀገሩ ተበጠበጠ	1	1	0	0	0	0
amh_train_track1_583	የቻይና ፍርድ ቤት በስለላ ጥፋተኛ ባለው አውስትራሊያዊ ላይ የገደብ የሞት ፍርድ አስተላለፈ	0	0	0	0	0	0
amh_train_track1_584	ሻይን ለማጣፈጥ ‘ጨው ጣል አድርጉበት’ የሚለው የባለሙያ ምክር በአሜሪካ እና በዩኬ የፈጠረው ውዝግብ	0	0	0	0	0	0
amh_train_track1_585	ማን ግፍ እየፈፀመ እንደሆነ አለም የሚያውቀው ሀቅ ነው::: ኢትዮዽያ አገራችንንን አታስጨንቋት! አትነዝንዙን! ችግራችሁን በሠላም እና በውይይይት እዛው ፍቱ! እኛ በውስጣችን ያለው ችግር ይበቃናል:::	1	0	0	1	0	0
amh_train_track1_586	አይዞሽ ፍቅር መች እንሚዝሽ አይታወቅም ብቻ አንቺ ስሜትሽን ተቆጣጣሪው በራሱ ጊዜ ይለቅሻል	0	0	0	1	0	0
amh_train_track1_587	አለምነህ ጥሩ የሰውች ድምፅ ነህ እግዛብሔር እድሜህን እደ ጎዳና ያርዝመው	0	0	0	0	1	0
amh_train_track1_588	ከተማዋ በአንድ ክልል በሚመጡ መንግስት ገልባጮች እየተወረረችና ከፍተኛ የጸጥታና መረጋጋት ስጋት እንደጣሉባት አስመስሎ በማቅረብ ብሄርተኞችን galvanise በማድረግ ብሄርን ከብሄር	1	1	0	0	0	0
amh_train_track1_589	እርሱ እኮ ከ1983 በፊት ነበር፡፡ ስናድግ ሁሉም ጎረቤት ብሄር ሳይታሰብ ቀጥቶ ነው ያሳደገን፡፡ መተዛዘኑም እንደዛው፡፡ የብሄር ጉዳይ ሲቀነቀን ይሄ ነገር መልክ	0	0	0	0	0	0
amh_train_track1_590	?ታሪኩ (ዲሽታ ጊና) መሱድን ሰርፕራይዝ አደረገው፣ ነጠላ ዜማ በቅርቡ ለሕዝብ ያቀርባሉ! comedianeshe via 	0	0	0	0	0	0
amh_train_track1_591	የአባቶቻችንን የአመራር ብስለት ስክነትና ትእግስት በተለይም በዚህ ጉዳይ ላይ የጠቅላይ ሚኒስቴሩን የተመዛዘነ የህሊና ዳኝነት ሳላደንቅ ማለፍ አልፈልግም	0	0	0	0	1	0
amh_train_track1_592	በራሱ የሚተማመን የተማረ መልካም ሰው፣በሰላማዊ ሰልፍ የሚወክለውን መንግስት የሚቃወሙ ሰልፈኞችን እንዲህ በጨዋነት ጥያቄያቸውን ተቀብሎ ያስተ	0	0	0	0	1	0
amh_train_track1_593	ወታደሮች አልቀዋል አሁን የቀረው በድሮን ድንፋታ ነው የህዝብ ትግልን ማንም ምንም አያስቆመውም በግዜ እጅህን ስጥ ፍርሀት የወለደው የአብይ ድንፋታ	1	1	0	0	0	0
amh_train_track1_594	ድል ለተበዳይ ሞት ለአሸባሪ የምትሉ እስላሞች ግን ለምድነው ሰላም ለሰው ልጆች ሁሉ	1	1	0	0	0	0
amh_train_track1_595	ቢጨንቅህ ለሃገሩ እና ለህዝቡ ዘብ የቆመው መከላከያ አንተ የገዳይ ቡድን ነህ እኔ አልታዘዝም ከህዝቤ ላይ አልተኩስም አለህ እኮ ድል ለስፊው ህዝብ ሞት ለገዳዮች	1	1	0	0	0	0
amh_train_track1_596	ዘንድሮ ስንት ከብት እንቁጠር ኣቦ! እንዴትና በምን ነው ደሞ የዓሰብ ጦርነት ወያኔን የሚጠቅመው ዥልጤ? የሻዕብያ ቅልብ ትመስያለሽ?	1	1	0	0	0	0
amh_train_track1_597	እውነት እንዴት ደስ እንዳለኝ ጌታ ክብሩን ይውሰድ❤😍🙏	0	0	0	0	1	0
amh_train_track1_598	የሰው ጌጥ አያደምቅ ከተባበሩ ኤምሬቶች ፓይለትና አውሮፕላን ለትርኢት የሚበደር የወደቀ መንግስት ነው ያለን ሁሉ ለታይታ ብቻ አንድ የህዝብ ችግር መፍታት ያልቻለ የታይታ መንግሰት እንደዚህ የአእምሮ በሽተኛ ኢትዮጵያን እንዲህ ያዋረደ መሪ የለም አሳፋሪ ለማኝ	0	1	0	0	0	0
amh_train_track1_599	በሕንድ እና በካናዳ መካከል ያለው ዲፕሎማሲያዊ ውጥረት አይሎ ሕንድ ለካናዳ ዜጎች ቪዛ መስጠት አቆመች	0	0	0	0	0	0
amh_train_track1_600	ብልሁ መምሬ ሲሮጡ ሲሮጡ ዛሬ ሳያስቡት ድንገት ተቆረጡ ወዴት ይፈርጥጡ?	0	1	0	0	0	0
amh_train_track1_601	ብዙ የምወዳቸው ሰዎች ሙተዋል ይህን ያህል ተሰምቶኝ አያውቅም የሀገሬ ሞት ግን የማያቋርጥ ለቅሶና ሳግ ተናንቆኛል ትንሳዔዋን በማሰብ ግን ተጽናንቻለሁ	0	0	0	1	0	0
amh_train_track1_602	በዚች እድሜሽ ስንቱን ፈተና አየሽ ኡፍፍፍ የሴት ልጅ መከራ ለማመን ይከብዳል ያውም እናት 🥲🥲🥲	0	0	0	1	0	0
amh_train_track1_603	ዩቲዩብ የቲቢ ጆሽዋ ንብረት የሆነውን የኢማኑኤል ቲቪ ቻናልን ዘጋ	0	0	0	0	0	0
amh_train_track1_604	እርግጠኛ ሁን እንደምት ሞት ወዳንተ የተወረወረ ቀስት ነዉ ቀስቱ ተለቋል ነገር ግን እድሜህ ቀስቱ አንተጋ እስኪደርስ የሚጓዘዉን ያህል ብቻ ነው ?	0	0	0	0	0	0
amh_train_track1_605	ብልህ ሴት ልጅ ።ነገሮች እምታይባቸው እምትመርጠው የኣስተሳሰብ አንግል የሚገርም ነው።	0	0	0	0	1	1
amh_train_track1_606	ጃዋር ጃዋር እምትሉ ሰዎች ግን ጤንነታችሁ ያሳስበኛል ከ200 በላይ ሰዎችን ያስፈጀው ጃዋር መሆኑን እረሳችሁት ምድረ ሾርት ሚሞሪ ሁሉ ሌላው በጣም የገረመኝ ጋዜጠኛው ይጠይቃል አቶ ታየ እንደዚህ ተለይተው የወጡበት ምክንያት ምንድን ነው ሲለው የመለሰው መልስ ከአንድ ፖለቲከኛ ነኝ ከሚል ሰው አይጠበቅም ባጭሩ የአብይ አህመድ የቀኝ እጅ እንደሆነ ነው የገባኝ ሌላው የአማራ ክልልን ጦርነት በገደምዳሜው ፋኖ እንደጀመረው ተናግሯል ኦሮሞ አደለም ሀ	1	1	0	0	0	0
amh_train_track1_607	አቤት ውሸት ዎርዶይ ሃኮ ዎማሌይ #አቡሌ #ጫዶን ተጋበዙልን	0	1	0	0	0	0
amh_train_track1_608	አሜሪካ ላይ ሆ ሆ ስንል ቆይተን፣ መንግስት ድንገት ቅንጥስ ማለቱን አንዘንጋ! ዛሬ ላይ ግን አሜሪካን ፍቅራችን ብለን እንሞክረው እስቲ? ባባት ሀገር ራሽያ ላይ ግን እግሯን ታንሳልን!	0	0	0	0	0	0
amh_train_track1_609	እረ ቢሥሚላ ወላሂ ኮምቼ የማላዉቀዉን ዛሬ ኮመትኩ ጥሩ ነገር ቢሆን እደዚሆ አንቀዳደምም ነበር	0	0	0	1	0	0
amh_train_track1_610	በዚ 5 ዓመት ከቀይ ሽብር የበለጠ ሳይሆን የባድመ ጦርነት የደርግ ጦርነት ተደምሮ ከዛ የበለጠ ሰው ታርዳል ተገላል ተፈናቅላል ተርባል ቤ	0	0	0	1	0	0
amh_train_track1_611	ስለ ድሆች መከራ ስለ ችግረኞች ጩኸት እግዚአብሔር፦ አሁን እነሣለሁ ይላል፡ መድሃኒትን አደርጋለሁ፥ በላዩም እገልጣለሁ። መዝረዳ125	0	0	0	0	0	0
amh_train_track1_612	አርቲስት አያልነህ እድሜ ከጤና ጋር ሰጥቶ ለዚች ቀን ስለበቃህ ፈጣሪ ክብር ምስጋና ይድረሰው ወንድምህ ጋሸ ስለሽ ሙላት በህይወት አለ ወይ ከ55 አመት በፊት የወሮ ስሂን ሁለተኛ ደረጃ ትቤት ዳይሬክተራችን ነበር	0	0	0	0	1	0
amh_train_track1_613	ጋናዊቷ ጋዜጠኛ በዓለም ድንቃ ድንቅ መዝገብ ላይ ስሟን  ለማስፈር ለ126 ሰዓት ያለማቋረጥ ዘፈነች	0	0	0	0	0	1
amh_train_track1_614	ኧረአፈርብይ ደደደብ ተቃራኔ ነው የምታወሬው ካዳኖች ውሸት ነው የናተዘገባ እስኪ አበሁንመጣብሽ የት ትደርሽይሆን ሃማስ እኮ ሙሥሊምነው ህፃናትን አዛውትን የሃይማኖት ቦታን አይነካም አች ኦውር አይንሽም ልብሽም የታወረ	1	1	0	0	0	0
amh_train_track1_615	የነዳጅ ዋጋ እያሻቀበ ለረጅም ጊዜ ሊቆይ ይችላል ሲሉ የነዳጅ ላኪዎች ህብረት መሪ አስጠነቀቁ	0	0	1	0	0	0
amh_train_track1_616	እንኳን ወደ አባት ጌታ እየሱስ ቤት ተመለስኪ ሚኪዬ ተባረክ ♥️🙏	0	0	0	0	1	0
amh_train_track1_617	ኡፍፍፍ የበደልን ጥግ አይተሽ የማትበገሪ ልጅ የሚገርም ጥንካሬን ባንቺ ውስጥ አየሁ ብርቱነትሽን ለመግለፅ ቃል አጠረኝ ማማማየ አላህ በቃ ይበልሽ ብሩህ አእምሮ ነው ያለሽ አላህ በቃ ብሎ የደስታ ህይወትን ያኑርሽ	0	0	0	1	0	0
amh_train_track1_618	ኣንዱ ከሃዲ ነው ሃሰተኛ ትምህርት ይዞ የመጣ ነው	0	1	0	0	0	0
amh_train_track1_619	ለአስተዳደር በደል ትጠይቃለህ እንጂ ራስህ በራስህ ፓትርያርክ አትሆንም። ኦርቶዶክስ እንደ ሌሎቹ እምነቶች አይደለችም በጣም ጥልቅና ከባድ ሐይማኖት ነች።የምናምና	1	0	0	0	0	0
amh_train_track1_620	ኦኔ መወያየት እተቻለ ሥልጣንም ሼር ማድርግም ካሥፈልገ ሥልጣንን በማጋራት ሠላምን ማምጣት ሢቻል ዜጋ ይሞታል ይስቃያል ያሳዝናል	0	0	0	1	0	0
amh_train_track1_621	ኢትዮጵያዊነት ሲደምቅ! መልካም ጥምቀት ?	0	0	0	0	1	0
amh_train_track1_622	እንደ ህብረት ደስ የሚል ነገር የለም ?	0	0	0	0	1	0
amh_train_track1_623	ቀኝ ግዛት ሲባል ለነጭሆች ብቻ ይመስልሃል መሃይም ነህ በኢውነት ግብጽም ሱዳን ገዝታ መኖርዋን ኣታቅም ዩኒቨርስቲን ህግን ተምረኣልሁ ስትል ህግ ጣቹን ስትሆን ያሳዝናል ከመማርህ ይቅር ቸማና ብትሆን ይቻልህ ነበር ደክቶር ደጀን ይገርማል	0	1	0	1	0	0
amh_train_track1_624	ራስ አሉላ የህወሓት አባል ነበሩ እንዴ? ባንዲራው!?	0	0	0	0	0	0
amh_train_track1_625	ጋዜጠኛው ያንተን ህዳሴ ሆነ ኣየር መንገድ ከፈለክ ኣፈርፍረህ ብላው የኤርትራን ወደብ ተገቢውን ክፍያ ከፍሎ መጠቀም ይቻላል ከዛ በተረፍ ኣይደለም የኣሜሪካ ቅጥረኛ ሴናተር ይቅርና ፈጣሪ ዳግመኛ ቢመጣ የሚለወጥ እና በነፃ የምንሰጠው መሬትም ባሕርም ኣይኖርም ይህንን ተላልፎ ለሚመጣ ህልመኛ አለንጋ መልስ ይሰጣል	1	0	0	0	0	0
amh_train_track1_626	በጣም ያሳዝናል ይገርማልም ለመስማትም ይዘገንናል	0	0	0	1	0	0
amh_train_track1_627	አልማዝን አይቼ፣ አልማዝን ሳያት፣ ሦስተኛዋ አልማዝ ስትመጣ ድንገት ፍቅር በመስኮት?	0	0	0	0	0	0
amh_train_track1_628	አቶ ጌታቸው ረዳ ተፈናቃዮች ላሉበት ችግር የትግራይ ክልል ጊዜያዊ አስተዳደር ተጠያቂ ነው አሉ	0	0	0	0	0	0
amh_train_track1_629	ኧረ መቼና ምንድነው የሚያስተምራችሁ ኧረ እባካችሁ በናንተ ድንቁርና የሌላቸውንም መከራ አታራዝሙ ኤርትራውያንን ገዳይ አማራን ተስፋፊ አፋርን ጠላት እያላችሁ ከማን ጋ	1	0	0	1	0	0
amh_train_track1_630	እናመሠግናለን ጥሩ ትምህርት ነው	0	0	0	0	1	0
amh_train_track1_631	አንተ የመኮንን ትል እውነት ላንተ በብር የሚገዛ ሸቀጥ ነው። ያሳዝናል አንተ የቄራ ተረፈ ምርት እንጂ የቄራ ልጅ እንዳንተ ሽንታም አይደለም አትንዘባዘብ ሆዳም	1	1	0	0	0	0
amh_train_track1_632	ተው እንጂ ? ጠላቶቻችንስ ከዚህ የከፋ ምን ያደርጉን ነበር ? መቸም ሰው በብሔሩ ለይተው አይጨፈጭፉም፣ ከአንድ ክልል ተነስተህ ወደ ዋና ከተማ ለመግባት መንገድ አ	1	0	0	0	0	0
amh_train_track1_633	እብድ እኮ ዘመድ ካላወቀለት እና ገለል ካላደረጉት የባሰ ጥፋት እያደረስ ይሄዳል:::ይኸው ነው የሚታየው:::	0	0	0	0	0	0
amh_train_track1_634	ጉንችሬ ድረሱልኝ ጥሪ እያሰማች ነው። አዛን ተብሏል። ሙስሊሞች ሰላት ሰግደው ሲወጡ በተደራጀዉ ቡድን ድንገት ተኩስ ተከፈተባቸዉ! አላህይድረስላቹህ	0	0	0	1	0	0
amh_train_track1_635	የኔ እህት ደህና ስራ የለሽም ይኸን ከንቱ የምታቀርቢው ምን ለመማር ነው	0	1	0	0	0	0
amh_train_track1_636	ከመከላከያ ጎን የቆማችሁበትን ቀን አስታውስ ስሜታዊ አትሁን? 	0	0	0	0	0	0
amh_train_track1_637	እማዬ በእንቁላሉ ጊዜ በቀጣሽኝ ያለው ሰው ድንገት ትዝ አለኝ የትግራይ ኢሊቶች ወያኔ ሲዘርፍ እና ሲያኮላሽ ብሔሩን ሳይሆን ክፉ ተግባሩን አይተው ቢኮንኑት ኖሮ ዛሬ እዚ ላይ ባል	0	1	0	1	0	0
amh_train_track1_638	የአማራ ህዝብ ጠላት እናንተ በክቶችና ምላሳቹ ብቻ ነዉ። ለማጅ ፅንፍኛ እክክክቲቭስቶች ለፍልፋቹ ጠላት እየሸመታቹለት። አንድ ቀን ተሰብስባቹ ኩርቷቹን ይዛቹ ከርቸሌ ስትገቡ አማራም ከጎረቤት ዘመዶቹ ጋር በሰላም ይኖራል።	1	1	0	0	0	0
amh_train_track1_639	አንተ ብቻ ብልጥ! ሰይጣን አወዳደቁ የከፋ ነው ያንተም እንደዛው ነው!	1	1	0	0	0	0
amh_train_track1_640	በትግራይ የጸጥታ ኃይሎች አንድን ወጣት በዱላ ደብድበው መግደላቸው ተነገረ	0	0	0	1	0	0
amh_train_track1_641	ይህ ግፍ ከአብይ ነው የመጣው አይዝን ወገኔ	0	1	0	1	0	0
amh_train_track1_642	በሙስና ቅሌት ስማቸው እየተነሳ ያለው የደቡብ አፍሪካው ፕሬዚዳንት ከስልጣን እንደማይለቁ ተነገረ	0	0	0	0	0	0
amh_train_track1_643	የእውነት ደስ ይላል እናት ያላችሁ እንዲህ አስደስቱ በእናንተ ቀናሁ።	0	0	0	0	1	0
amh_train_track1_644	አዉጎዙ ብሎ መጠየቅ በራሱ ለሐገራት ያላቸውን ንቀት ያመላክታል !!!	1	0	0	0	0	0
amh_train_track1_645	እንደዚህ አይነት ሰዉ ዶማነዉ አታነግረዉ	0	1	0	0	0	0
amh_train_track1_646	ደረጀ መረጃ በደንብ አጣራ ዞብል ተራራራ መከላከያ ተጠግቷን ብለሀን ነበር ግን ውሸት ነው	1	0	0	0	0	0
amh_train_track1_647	ኡፉ ደስ ስትሉ በፋቅር ያኑራቹ ዘራቹ ይባረክ😍	0	0	0	0	1	0
amh_train_track1_648	ቆሻሾች ናችሁ መንግስት ሲገል ሞተ አይባልም የጓርፍ ሞት ነው ሚዘገበውአባይ ኢትዮጵያ ግም	1	1	0	0	0	0
amh_train_track1_649	ምን ጉድ ነህ አንተው? ይብላኝ አንተን አምጣ ለወለደች እናት። አይ ሆድ በጣም ያሳዝናል ካንተ የንግዴ ልጅ ያ ተቆርጦ የተጣለዉ ይሻላል። ባንዳ ካድሬ ሆዱ ከሞላለት የሌ	1	1	0	1	0	0
amh_train_track1_650	ይሄ ያልተገራ ትምክህታችሁና ባለጌ ምላሳችሁ ስንት መቶ ሺ የትግራይ ወጣት የአሞራ ራት አድርጓል።የተፈቀደልህን የእርዳታ ስንዴ አርፈህ እየበላህ ኑር።	1	1	0	0	0	0
amh_train_track1_651	እና ጋዜጠኛዉ አልተደበደም ለማለት ነዉ? እና ሀቁ ይድበስበስ አንተ የማትደግፈዉ ሰዉ ስለተናገረ? ወይ ጉድ የሚገርም ግዜ ዉስጥ ነዉ ያለነዉ።	1	0	0	1	0	1
amh_train_track1_652	እናት የዚህን ያህል ትጨክናለች እዴ 😭😭😭	0	0	0	1	0	0
amh_train_track1_653	እንደት ከረማችሁ የቆሰለ ፍቅር ተከታዮቹ እንደዚህ ፊልም የእኛንም  ኢትዮጵያ መጨረሻዋን ሠላም ያድርግልን ወደ ነፃነቷ ትመለስልን	0	0	0	0	1	0
amh_train_track1_654	አላህ ይጠቃቸው ኢሄ ለጋ ልጅ ምናረጋቸው ገለውት ምተጠቀሙ አላህ የጃቸው ይስጣቸው ሞት ማንም አይቀርለትም ግን ምንም ለማያቀው እዲ አሰቃቂ ነገርአላህ ሶብሩን ይስጣቹ ባባዬ	0	0	0	1	0	0
amh_train_track1_655	እንኳን ደስ አላችሁ :::ስራችሁን በትክክክል ሰርታችሃል ይገባችሃል:::	0	0	0	0	1	0
amh_train_track1_656	ደሴ ? 689 ያመጣ ተማሪ ። በጦርነት ውስጥ ነፍሳቸው የተሰቃየች ወጣቶች እንዲህ ማንፀባረቃቸው በጣም የሚገርም ነው። የኢትዮጵያ ተስፋዎች ?	0	0	0	0	1	1
amh_train_track1_657	አይገባቹሁም ወልቃይትን ለኤርትራ ማለት የአማራንና የኤርትራን ጥምረት ለማበላሸትና ለማቃቃር ሆን ተብሎ በብልፅግና የተሸረበ ከንቱ ሴራ ነው	1	0	0	0	0	0
amh_train_track1_658	ዘንድሮ ኑሮና ጦርነት የስራህን ይስጥህ የጆሮ ታማሚ አረከን	1	1	0	0	0	0
amh_train_track1_659	ሁለንተናዊ በሆነ መልኩ ከአደጋ እና ስጋት ነጻ እንዲሆን ማስቻል ብቻ ነው። ከፕሮፌሰር አስራት ዘመን እና ከ AmharaResistance ንቅናቄ በኋላ የመጣው ሦስተኛው የአማራ ብሔ	0	0	0	0	0	0
amh_train_track1_660	የመምህር ስብከት በጣም ደስ የሚለው በውስጡ የሚያረጋጋ መንፈስ ያለበት አይምሮን የሚያድስና ቃሉን በአይምሮ የማስቀመጥ ሃይል አለው እግዚአብሔር ፀጋውን ያብዛሎት ደጋግሜ ብሰማው የማይሰለቸኝ ድምፅ ቢኖር የመምህር ግርማ ድምፅ ነው አባታችን በዕድሜ በፀጋ ይጠብቅልን አሜን	0	0	0	0	1	0
amh_train_track1_661	የሚደንቀው የኛዎቹ አብሯቸው ቡና ስለጠጣ ወዳጅ የሆናቸው ከመሰላቸውና እሱን ለማስደሰት የክፉ ቀን ወዳጆቻችንን ካስቀየሙ ነው፡፡ አሜሪካ እንደሁሉም ጉልቤ ፍቅር ሳይሆን	0	0	0	0	0	1
amh_train_track1_662	ታይም መጽሔት የአየር ንብረት ለውጥ ተጽእኖ ፈጣሪ ካላቸው አንዱ ቅዱስ አስፋው	0	0	0	0	0	0
amh_train_track1_663	አባቶች ተለፈሰፈሱ ለመንጋው መቆም እንዳለባቸው ያህል አልቆሙም የወጣውም መግለጫ ልፍስፈስ ነው በረከታቸው ይደርብን እና እንደ አቡነ ሉቃስያሉትን በተክክል የሚገስፁ አባቶችን እግዚአብሔር ያስነሳል ባለቤቱ ካልናቁ አጥሩን አይነቀንቁ ነው ቤተ ክርስቲያኗ በቆራጥነት የሚቆም አባት አጥታ ተንቃለች ምዕመኑ አያለቀ ነው እየተሰደደ ነው ያሳዝናል	1	0	0	1	0	0
amh_train_track1_664	የዜጎችን መብትና ክብር የማያስጠብቅ መንግስት ቁጭ ብሎ፣ እንኳን ይኼና ሌላም ቢፈጠር የሚገርም አይሆንም።	1	0	0	0	0	0
amh_train_track1_665	የትምህርት ስብራታችንን ለማስተካከል ቆራጥ አመራር እየሰጠ ያለ ድንቅ መሪ	0	0	0	0	1	0
amh_train_track1_666	ኢሳያስ አፈወርቂ እና መልስ ዜናዊ የጋራ ጥቅም የተፍጠረ የጅል plan A ስለነበር ኢትዮጵያ እንደ ሀገር ሀገሯን ወደቧን ህዝቧን አሳጥተዋታል ሁለቱ ሲወገዱ ግን በምቀኝነት በጥቅም በዘር ጥላቻ ሳይሆን በደም፣ በሀይማኖት በባህል አንድ ስለሆን አንድ ታላቅ ሀገር ይሆናሉ	1	0	0	0	0	0
amh_train_track1_667	እኔ እንደ አንድ ኤርትራዊ በእርግጠኝነት አንድ ነገር ልበል  በሰጥቶ መቀበል የባህር ባለቤት አትሆንም  መጠቀም ግን ትችላለህ  እኔ የትራንስፖርት አገልግሎት ልስጥህ አንተ ደሞ ከአባትህ ርስት ላይ ቆርሰህ ስጠኝ  ግን አእምሮው ጤነኛ ነው  ዝም ብለህ ጦርነቱን ጀምረው እና ውጤቱን አብረን እንየው  ከሃዲ 	1	1	0	0	0	0
amh_train_track1_668	ክልሉ ውስጥ ተጨማሪ ቀውስ ለመፍጠር በኦሆዴድ ሰዎች እንቅስቃሴ እንዳለ መረጃዎች ይጠቁማሉ! ጥንቃቄ ይደረግ!	0	0	1	0	0	0
amh_train_track1_669	ሱበሀን አላህ እኔ አንተን ቢያረገኝ ራሴን አጠፋለሁ ይሄሁሉ ግፍ ምን ያመጣ ይሆን ይሄ ሁሉ ደም ያረቢ በቃበለን እዉነት ጭንቅላትህ ህሊናህ ተቀብሎ በሂወት መኖርህ አብይ	1	0	0	1	0	0
amh_train_track1_670	በዓለም ላይ እንደ ኢትዮጵያ ህዝብ መሸከሚያ ጫንቃው የደነደነ ፣ መንግሥት ላይ ማመፅን የሚሸሽ ፣ ሌላ ህዝብ የለም። ቢጭኑት አህያ ቢጋልቡት ፈረስ ነው	1	1	0	0	0	0
amh_train_track1_671	እስማርት ናት ብታገኛት በምን እድልህ ከዛች ከጨምላቃ ፅጌ ከምትላት ሺህ ጊዜ ትበልታጣለች ዲጄ ሊ ይመችሽ ስራዓት ደስ ሲሌ	0	1	0	0	1	0
amh_train_track1_672	እስከ ዛሬ በአቀራረባችሁ በጣም ጥሩ አድርጌ ነው የማየው ዛሬ ግን ሀማስ ቅፅበታዊ እርምጃ በመውሰዱ ጦርነት ተጀምሮአል የሚለውን ብትተዉ ምክንያቱም ቀደም ብሎ አሜሪካ እና እስራኤል ያወጡትን የመካከለኛውን ምስራቅ የሚቀይር እቅድ ከጦርነቱ በፊት ተመድ ላይ የእስራኤሉ መሪ በፈረንጆቹ መስከረም ላይ አቅርበው በጭብጨባ ነው የተቀበሉዋቸው ይህ ደግሞ ከፈለስጢን የፀዳ ሰሜን ጋዛን ይፈልጋል የዚያን ውጤት ለመተግበር የአረብ አገሮችን ከፋፍለዋል	0	0	0	0	0	0
amh_train_track1_673	አቢቹ አባ ቢያ አባ መላ ይምራ ከባንዳዎች እና ከዘረኞች መንደር ቢፈለግ አንድ የለም የሚጠቅም ለሀገር እውቀት አይገኝም ትውልድ የሚያቀና ልክ እንደ ባዶ ቤት አቧራ ነው ኦና ክፋት ምቀኝነት አዕምሮው ካጨቀ በገዛ ተንኮሉ ሁሌም ከወደቀ ቆሮቆር ፎሮፎር ካፈራ ጭንቅላት ምን ሊጠበቅ ጥሩ ምን ሊጠበቅ እውቀት ፉከራ ቀረርቶ ሁሌ ባዶ ጩኸት ዘረኛ እና ሌቦች ኢትዮጵያን ሲዘርፏት ሁልግዜ ሲተጉ በታትነው ሊያፈርሷት አምላክ ተመልክቶ የህዝቡን ዕንግልት 	0	1	0	0	1	0
amh_train_track1_674	እስኪ አንዳንዴ ሞት ምን እንደሚመስል ባለስልጣኖችም እዮት ለምን ህዝቡ ብቻ	1	0	0	0	0	0
amh_train_track1_675	አማረ አሁን ማን ይሉሃል ለሶማሌ መንግስት የማሳስበዉ የምትለዉ ሴራ ጨማቂዉን የኦነግ መንግስት የኦሮሞ ልዩ ጥቅም በአዲስ አበባ የሚልህን ዘረኛ መንግስት ፌል እስቴት የሆነችዉማ የኛዋ ጣጠኛዋ ናት ብትል ይሻልሃል	0	1	0	0	0	0
amh_train_track1_676	👍✨✨✨ 🎉😊👏😁👏😃🎉 እንኳን ደስ አለህ !	0	0	0	0	1	0
amh_train_track1_677	እኳን ሀዘንን ቀመሱት እኳን ለቅሶ እቤታቸዉ እመደራቸዉ ገባ ደስ ይላል ስንት አመት ጨፍጪፍዉ የዘሩትን እጪዲ	0	1	0	0	1	0
amh_train_track1_678	ምነው እባካችሁ የውስጣችሁን ባዶነት ባታጋልጡና በትከረፉ አይሻልም? በአንድ ታላቅ ህዝብ ስም ባትነግዱ! ገባያችሁ ስድብ ካልሆነ አይደራም አሉችሁ እንዴ!	1	1	0	0	0	0
amh_train_track1_679	ይሄ ጎንደር ያደገ ኤርትራዊ አሜሪካ ባለው ሬስቶራንቱ Amhara girl ብሎ ንፍጧ ካፏ የደረሰና ዝንብ የወረራትን ልጅ በትልቅ ፎቶ አርጎ አማራ ማለት እንደዚ ነው ያለ ሰይጣን ነው ለነገሩ እናንተም አስመሳይ ናችሁ 500 መነኮሳት በአብይ ጦር ሲጨፈጨፉ አልዘገባችሁም ብልፅግናዎቸ ናችሁ	1	1	0	0	0	0
amh_train_track1_680	እንደ ሀገር ያለንበት ሁኔታ እጅግ ያስፈራል ኦርቶዶክስ ቤተክርድቲያን ላይ ያለው ደባ የባሶች ግዢ ሌብነት ሙስናው የረሀብ ጉዳይ የኑሮ ውድነት እግዚአብሔር መልካም ያድርግልን	0	0	1	1	0	0
amh_train_track1_681	ያረብ አላህ ነስሩን ያቅርበው በየሀገሩ ያለውን ጦርነት በቃ ይበለን ውድ ወገኖቸ ሰብሥክራይብ እያደረጋችሁ አበረታቱኝ	0	0	0	1	0	0
amh_train_track1_682	አገሪቷ በሰላም እጦት  በኑሮ ውድነት  በረሀብ እየታመሰች ይሄ ጠቅላይ ሚኒስቴር ነኝ ባዩ ኩታራ መሪ አሁንም ትኩረቱ ፖርክ ማስጎብኘት ላይ ነው የሚገርም እኮ ነው ኢትዮጵያን የምታክል ትልቅ አገር ትንሽ ሰው ላይ ወደቀች የጊዜ ጉዳይ ነው እሱም እንደ አባቱ ወያኔ የሚወገድበት ቀን ቅርብ ነው	0	1	0	0	0	1
amh_train_track1_683	ሠውየው እኮ ዝግጅቱን sponsor የሚያደርጉትን ድርጅቶች ጭምር ነው ያስፈራራውየፍርሀታቸው ጥልቀት የሚገርም ነው	0	0	0	0	0	1
amh_train_track1_684	ኤርሚ በግድ ነው አይደል እዚህ ሚዲያ ውስጥ ያለው እንጂ ባልደረባችሁ አይደለም አንደዛም አትቆጥሩትም ታሳፍራላችሁ ❗️ለአማራ መልፋት ትርፉ ይህ እንደሆነ ነው ያሳያችሁን ሌላ ከዚህ ይማራል ብዬ አምናለሁ ።ምድረ የአማራ ብሄርተኛ እሱ ከእናንተ ዘር ስላልሆነ ታገሉታላችሁ ለነገሩ እናንተ ምን ታደርጉ የሱ ጥፋት ነው።	0	1	0	0	0	0
amh_train_track1_685	እኔምለው እኛ ሀበሾች ቆንጆ ነበርንኮ ግን ይሄንንን ፖስት ለጉድ ትፖስቱታላችሁ ግን እንዳለ ማሰሻ ማሰሻ የመሰለ ነው ያለውኮ🤔🤔🤔	0	1	0	0	0	0
amh_train_track1_686	ክቡር ጠቅላይ ሚኒስትር ዐቢይ አህመድ እየፈጠሩ ያሉት ሀገራዊ አንድነት ፍቅር እና ይቅርታ ላይ ያተኮሩ ትርክቶች ለትውልድ ልማት እና እድገት መሰረት የሚሆኑ ናቸው	0	0	0	0	1	0
amh_train_track1_687	በእድሜያችን ላይ ቀን በተጨመረልን ቁጥር የመዳን እድል እየተሰጠን ነው ኢየሱስ ክረስቶስ ዛሬም ያድናል ከሱ ውጪ መዳን በሌላ በማንም የለም ወደ ኢየሱስ ኑ ከዘላለም ሞት አምልጡ?	0	0	0	0	0	0
amh_train_track1_688	እግዚኦ እኔማ ረገሬ አልገባም በዚህ ደረጃ ኢትዮጲያ ውስጥ ማየት ያሳፍራል ውይ ውይ እግዚኦ ማረነክርስት	0	0	1	1	0	0
amh_train_track1_689	ገነነ  እግዝኣብሔር ነፍስህን ይማረውመታመምህን ሳንሰማ ሞትህን መስማታችን እጅግ በጣም ያሳዝናልትልቅ ሰው ኣጣን ተደምጦ የማይጠግብ በሙያው የሚሰጠው ስፖርታዊ ትንታኔከሙያው ጋር የተያያዘ ስፖርታዊ ቃለመጠይቆች የማይጠገቡ ናቸው ብዙ መስራት በምችልበት ሰዓት ይህንን ትልቅ የስፖርት የታሪክ ሰው አጣን	0	0	0	1	0	0
amh_train_track1_690	ይህንንን ሽልማት ሳይና ስሰማ እኔን በጣም ያሳቀኝ ነጋር ብኖር የዓሣማ ጭንቅላት ይዞ ተፈጥሮ ዘሩን የካደው እና እናቱ የረገመችው ሲሳይ መኮንንን የተባለ ኢሳት በተባለው ሚዲያ ሲያለቅስ ቆይቶ ዛሬ ደግሞ አንከር ሚዲያ ብሎ በከፈተው ዩቱብ ላይ ነጋ ጠባ እያለቀሰ ያለውን ምን ይዋጠው የምለው ነው።	0	1	0	0	0	0
amh_train_track1_691	ፖሊስ አስቀድሞ መውሰድ የሚገባወን እርምጃ ባለመውሰዱ አሳዛኝ ሁኔገታ ተከሰተ በገንዘብ ቅብብሉ ሂደት በፖሊስ የታቀደ ድራማ ይኖር ይሆን ወይስ 	0	0	0	1	0	0
amh_train_track1_692	ለሌላ አካል ደስ እንዲለው ያደረገች ነው የምትመስለው። ይች ከብት እንደ ሰው የምትታየው ያው የሴቶች ቤተ ውበት ስለማይጠፋ ነው።	0	1	0	0	0	0
amh_train_track1_693	እዉነቱን ነው ድንገት ካልረሳችሁት መሳይ መኮንን ያን ጊዜ የሚገርም ህሳቤ ነበረው አሁን 0025 ብልጽግናኦዴፓንኦነግን በፍጹም አላጋለጠው አልኮነነውም አልተጋፈጠዉም 100 አቅ	0	0	0	0	0	0
amh_train_track1_694	አሜንንን አሜንንን አሜንንን አሜንንን 😭🙏🙏🙏	0	0	0	0	1	0
amh_train_track1_695	ጃዋር በጣም በሳል ሀሳብ ነው ሀሳብህ ደረጄ ኃይሌ የተረጋጋ ጋዜጠኛ ሰውን ግን እንደ መከራ የሚያብስለው ነገር የለም	0	0	0	0	1	0
amh_train_track1_696	የኢትዮጵያ ብሔራዊ ስጋት አብይ አህመድ ብቻ ነው እሱ ሲወገድ ሁሉም ነገር አብሮ ይወገዳል	0	1	1	0	0	0
amh_train_track1_697	እውነትም የዘመን ክስተት ንዋይ ደበበ ምርጥ ደራሲ ምርጥ ድምጻዊ እንዲሁም የመድረክ ኮኮብ የመድረክ ፈርጥ የመድረክ እንቁ ነው ደሞ በዚህ ላይ አገሩን ወዳድ ምርጥ ኢትዮጵያዊ ረጅም እድሜ ከጤና ጋር ለንዋያችን እንመኛለን	0	0	0	0	1	0
amh_train_track1_698	ዘጋቢወቹ እራሳቹህ ከውሻም ውሻ የሞተ ውሻ ናቹህ	0	1	0	0	0	0
amh_train_track1_699	“በጋዛ ሕይወት እየጨለመብኝ ነው” - በጋዛ ያለ የቢቢሲ ጋዜጠኛ	0	0	0	1	0	0
amh_train_track1_700	ገጣጣጣ ጥርስ ምን ትመስላለች እንኳንም መልክ አይኖረሽ	0	1	0	0	0	0
amh_train_track1_701	አስተሳሰቡ ዕይታው ንግግሩ ተግባሩ የሚገርም ሰው ።አርቆ ኢትዮጵያንያየ ሰው ።እናዝናለንሰውን በመግደል የሚመጣ ነገር ቢኖር እርግማንነው።ቃኤሎችሆይ	1	0	0	1	0	0
amh_train_track1_702	እረስህን እያበለክ እድሜ ዘለለምህን ዘረፈ ትለለክ አማራ በትግራይ ከልታማራ መከራ ይማክረዋል ዶክተር አብይ ሁሌም የእትዮጲያን ሕዝብ ይዞ ይዋጋል	1	1	0	0	0	0
amh_train_track1_703	ኧረ ሰሞኑን አንተ የጠጣኸው መልካም ውሃ ለሁላችንም በደረሰን ዓይንህን በደንብ ገልጦታል	0	0	0	0	1	0
amh_train_track1_704	አባቶችህ በመሰረቱ ሀገር ላይ በጅምላ እየተፈናቀሉ መቆሚያም መቀመጫም ከማጣት የከፋ ምን መከራ በምድር ላይ አለ? ከዚህ የከፋ መከራ ከቶም አንዳችም እንኳን የለምለአማራ ሰዉ በዚህ	1	0	0	1	0	0
amh_train_track1_705	ጀግናው ጀል ተፈራ ማሞ እንዲህ በሚያሳፍር መልኩ በህመም ምክንያት ሲሰቃይ ማየት ያማል ልብን ያደማል ይሰብራል ? ሆዳሙ ዳተኛው አማራ ምን ይጠበቃል ጀግናክን እያስበላክ እስከመቼ ይ	1	0	0	1	0	0
amh_train_track1_706	አካራን እናወጣታለን ብሎ ነው ሚዘፍኑት እናዚ ያቱርክ ወታደሮች	0	0	0	0	0	0
amh_train_track1_707	ትክክል መታከምና እረፍት ማግኘት አለባቸው ግን ጨርሶ እንዳይወድቁ መስራትም ጥሩ ነው	0	0	0	0	0	0
amh_train_track1_708	አብይ አህመድ የጣብን ጣጣ በመላው ሀገሪቱ ሽብር ብቻ ሆነ።	0	1	0	0	0	0
amh_train_track1_709	እሚያስቆጣው ምንም ሣይሸራረፍ ሀቅ ሀቅ ካልቀረበ ነው እኔ ባንተ ትንታኔ ላይ ቅሬታ የለኝም ላኪን ባለፈው በላይ ታስረው በተፈቱት ሴትዮ ላይ በቀረበው ዘገባ መረጃ አዛብቷል	1	0	0	0	0	0
amh_train_track1_710	አዋሽ አርባ፡ በኢትዮጵያ ከጅምላ እስር ጋር ስሙ የሚነሳው ‘የበረሃው ጓንታናሞ’	0	0	0	0	0	0
amh_train_track1_711	ሁሉም በየተራው ዋጋውንያገኛታል የዘላለም ሒወት የሚኖሩ ይመስላቸዋል ጨካኝ አረመኔ መንግስት	1	1	0	0	0	0
amh_train_track1_712	ሰሜን ኮሪያ ወደ ደቡብ ኮሪያ ድንበር አቅጣጫ በርካታ ከባድ የጦር መሣሪያ ተኮሰች	0	0	0	0	0	0
amh_train_track1_713	ለኦሮሞ ወጣት ጥላቻ ስትግት ቆይተህ እስካሁን ድረስ የአማራ ሞት አልቆመም አሁን ቄስ ነኝ አትበል እኛም ቆምጭጨናል በአንተ እና መሰሎችህች የሚታለል አማራ የለም	1	1	0	0	0	0
amh_train_track1_714	ይሔ ሰውየ በጣም የማይረባ ቆሻሻ ባንዳ ነው  ሁሌም የሚያወራው ስራቱን በመደገፈ ፋኖን በማንቋሸሽ የኦሮሞን ፅንፈኞች በመደገፈ የሚቀባጥረው በጣም ያሳፍራል 	1	1	0	0	0	0
amh_train_track1_715	እግዚአብሔርን መፍራት የዕውቀት መጀመሪያ ነው፤ ተላሎች ግን ጥበብንና ተግሣጽን ይንቃሉ። ምሳሌ 17	0	0	0	0	0	0
amh_train_track1_716	በ ነጠላ የነበረውን ፕራንክ መንገድ ዳር ኣሁን በ ጅምላ ታድለከዋል መድረክ ላይ ይመችሽ ጩሌዉ :::	0	1	0	0	1	0
amh_train_track1_717	መልካም የጭፈራ ዘመን ማይኮ እኮ ደፋር ነህ ነገ ፕራንክ ነው እደማትለን ተስፋ እናረጋለን	0	1	0	0	0	0
amh_train_track1_718	የእስራኤል ወታደሮች ዌስት ባንክ የሚገኝ መስጅድ ገብተው የፈፀሙት ድርጊት መከላከያ ሠራዊቱ አወገዘ	0	0	0	1	0	0
amh_train_track1_719	ኤችአይቪን የሚከላከለው መድኃኒት ውጤታማ መሆኑ በጥናት ተረጋገጠ	0	0	0	0	1	0
amh_train_track1_720	 የሚፈጅእኛ እንፈልገዋለን ቢቀጥል ውሸታም ስም ለጣፊዎች	1	1	0	0	0	0
amh_train_track1_721	መቲ ከባድ ሚዛን ስርአት ሳይለወጥ ትግሬው በ ኦሮሞ ተረኞች ስለተተካ ብቻ ለሀገር ይበጃል ብሎ የሚያስብ ካለ ወይ ዘረኛ ነው ወይ የለየለት አላዋቂ ነው ባንክ ጠቀም ያለ ገንዘብ ያላቸው ሰዎች በግልፅ እየታገቱ ህዝብ በማንነቱ ተፈርጆ እየተጨፈጨፈ ከ አዲስ አበባ ናዝሬት መሄድ የህይወት ዋጋ በሚያሰከፍልበት እገተታ እና ዝርፊያ መንግስታዊ በሆነበት ሀገር የዘር ፖለቲካ ከ መንግስት ቤት ተጠራረጎ ወጣ ይለናል  የደነበረው መንግስት ብዙ ጥፋት ያደ	1	0	0	0	0	0
amh_train_track1_722	አሜሪካ በመርዓዊ ከተማ ሰላማዊ ሰዎችን የገደሉ ለፍርድ እንዲቀርቡ ጠየቀች	0	0	0	0	0	0
amh_train_track1_723	አሜሪካ የጠፋባትን ወታደር ለመፈለግ ወደ ሰሜን ኮሪያ የደወለችው ስልክ አለመነሳቱን ገለጸች	0	0	0	0	0	0
amh_train_track1_724	ሀቀኛ ነች። እንግዲህ የድፍረቱ መጨረሻ እማይነካውን፣ በዚህ ቅጽበት በዚህ ድፍረት ነክቷል። ከእንግዲህ ምንም የቀረን ነገር የለም። በህብረት ቆመን ፈርኦንና ጅ	1	0	0	0	0	0
amh_train_track1_725	never trust deeply disappointment በማሃመድ በግርኛ ግዜ በኢሪትራ እርዳታ ሰሜኑ ኢትዮጵያ ድነዋል ኣጼ ዮውሃንስ ለራእሲ ወልደሚካኤል የኢሪትራ መሪ በጉንደት በነበረ የግብጽ ውግያ ርዳታ ጠይቆ  ተባብሮው ግብጽን መለሶት ከዛ በጋር እንድንሰራ ብሎ ወደ ትግራይ ጋብዞት ወድያው ወደ እስርቤት ውስዶ ደጋማ ኤሪትራ በኣሉላ ኣድርጎ ወሮት ያዙት ኣጼ ምነሊክ በኣድዋ ጦርነት ከሺ ኣማራ ኣንደ ኣበራ ኤሪትራዊ ብለው ሲያበቁ በስለላ ሰላ	0	1	0	0	0	0
amh_train_track1_726	አንተ ያው የ አማራ አለቅላቂ እና የማንነት ቀውስ ስላለብህ እንደተለጠፍክ ሳንቲምህን ሰብስብ። እውነታው የሃገሪቷ መንገዳገድ የአንድ ግለሰብ ውጤት እንደማይሆን ግልፅ ነው።	0	1	0	0	0	0
amh_train_track1_727	የዘንድሮ የወንዶች ትግስት የሚገርም ነው	0	0	0	0	0	1
amh_train_track1_728	እኔ አሁን ኢትዮጵያ ህጂ ብባል እሄዳለው??? ሀገሩ በጣም ተበላሽቷል ሁሌ ግድያ ሰው እንዴት በራሱ ሰው እንዲህ ይጨቅናል ፈጣሪ ምህረቱን ያውርድልን	0	1	0	1	0	0
amh_train_track1_729	ባአንተ ቤት አጋልጠህ ሙተሀል ድል ለሙጃሂዶች ሞት ለይሁዶች	1	1	0	0	0	0
amh_train_track1_730	ሁለቱ መሪዎች የሁለትዮሽ ግንኙነታቸውን ለማጠናከር kkk	0	0	0	0	0	0
amh_train_track1_731	ጉድ አያልቅ ይከ ሁሉ ደረፋቀና ፈጣሪን ለማመስገን ቢሆን እንዴት ደስ ይል ነበር ምድሪቷም ሰላም ትሆን ነበር አባቴ በመበሻሸቅ ውስጥ ሆነክ የፈጣሪ ምስጋ ሊሆን አይችልም እራስን ዝቅ ማድረግ ይጠይቃል ይልቁንስ ንሰሀ ግቡ	0	0	0	0	0	0
amh_train_track1_732	ቁርበት ደና ሠውነት ያላት ይመሥል ኢኚኚኚ ትላለች ኧረ በናትህ አላትማት ጨዉ አደለች አትሟሟሟ አሳፋሪ እኔ ባንቺ አፈርኩ ወዬ ፀባይ የለሽ ወይ መልክ የለሽ ጉማሬ ከንፈር ገጣባ ነገር ነሽ አቦ ስልኬ ነዉ ጠላቴ	1	1	0	0	0	0
amh_train_track1_733	ይሁን እሺ። ደቂቀ እስጢፋኖስ መናፍቃን ነበሩ እንበል። እነሱን መግደል ክርስቲያናዊ ወይስ ሰይጠናዊ? ክርስቲያኖች በምስክርነታቸው ሰማዕት ሲሆኑ እንጂ ሲገድሉ ይታያሉ? Whos	0	0	0	0	0	0
amh_train_track1_734	ኢትዮጵያችን ተስፋሽ ትልቅ ነው ክፋትን ለሚመኙልሽ ባንዳዎች እግዚአብሔር ልብ ይስጥልን	0	0	0	1	0	0
amh_train_track1_735	የለም ተኩስ ጅማ ገገማ ባንዳ ባንቺ ቤት ሽብር መፍጠርሽ ነው አቦስንትገገማ አለ	1	1	0	0	0	0
amh_train_track1_736	ሚሊየኖችን በጅምላ የምትጨፈጭፉ ደመጠጭወች ሰው ሞተ ብላችሁ ስታዝኑ እንደማየት የሚገርም ነገር ይኖር ይሆን	1	1	0	0	0	0
amh_train_track1_737	አቅማቸው ይሄ ብቻ በመሆኑ አይፍረድባቸውም ስጋት ጭንቀት ጉራ ፉከራ ሽሽት ወዘተርፈ የግላቸው ነው	0	1	0	0	0	0
amh_train_track1_738	ፅዮንዚም ከአለም በሽብርተኝነት ተወንጅሎ ለፈፀመዉ የሰዉልጅ ፍጅት የእጁን ሲያገኝ ,የየየአቆብ ልጆች በሰለም ይኖራሉ ሞት እና ዉድቀት ለዘመኑ ናዚ ለሆኑት ፅዮናዊያንና ደገፊዎቻቸዉ	1	1	0	0	0	0
amh_train_track1_739	የሁቲ አማጽያን ቀይ ባሕርን ሲቀዝፍ የነበረ የአሜሪካ መርከብ መምታቸውን ገለጡ	0	0	0	0	0	0
amh_train_track1_740	እንኳን ደስ አላችሁ። በርቱ። አአ ላይ መቼ ነው የምትገድሉት?	1	0	0	0	0	0
amh_train_track1_741	ፑቲን በዩክሬን ላይ ወታደራዊ ጥቃቱ  ተጠናክሮ ይቀጥላል ሲሉ ዛቱ	0	0	0	0	0	0
amh_train_track1_742	ውሸት የበዛበት ዘመን አሁን የመቀለጃ ጊዜነው	0	0	0	0	0	0
amh_train_track1_743	ስድብ ጥሩ አይደለም ኢትዮጵያዊ ባህላችንም አይደለም እንታረም ወደድንም ጠላንም የታላቋ ሀገር መሪ ነው የከፈለው መስዋእትነትም ቀላል አይደለም ሚዛናዊ እንሁን 	1	0	0	0	0	0
amh_train_track1_744	የኦፒዲኦ ሰዎች ድንገት ውረድ እንውረድ ውሥጥ የከተታቸው ነገር ሊገባኝ አልቻለም።የለየለት ቀን ከመጣ ማንም ከማንም አያንሥም ፤ ሆኖም ግፉአን አሸናፊዎች ሥለ	1	0	0	0	0	0
amh_train_track1_745	ከየመሸታ ቤቱ የሚወጣው የሬሳ ብዛት እንደጉድ ነው፤፤ ምንም አይነት መሳሪያ ታጥቆ መግባት የተከለከለ ነው! የሚል ማስታወቂያን እንደማየት የሚገርም ነገር የለም፤፤	0	0	0	0	0	1
amh_train_track1_746	እንዳንተ የሚያስቀኝ ሰው የለም ራስታው።እረ እንደው ጉዴ ደግሞ የምን ዲቃላ ነው ምትለው የተመታህ እኛ ኢትዮጵያውያን ጥርት ያልን እንጅ የተዳቀልን አይደለንም ያንተን አናውቅም ደግሞ እንስሳት ነው ያሳደጓቸው እረ ጉዴ ምኑ ነህ ውይይይ እረ ወዲያ	0	1	0	0	0	0
amh_train_track1_747	ይህን ድራማ ባልጀምር ጥሩ ነበር እንደሚሞቱ አውቃለሁ ግን ማየት ጀምራለሁ 	0	0	0	1	0	0
amh_train_track1_748	ማማማለድ ማለት ምን ማለት ነው? ሊቀ ካህንነት ማለት ምን ማለት ነው? ስሜታዊ ሳትሆኑበእርጋታ እውነቱን ለማየት ሞክሩ፡፡፡ዕብ 9:26-28 ያለውን ተመልከቱ፡፡፡ ምክኒያቱም ስለክርስቶስ አማላጅነት ካልገባችሁ አትድኑም፡፡፡ወይም ስለሀጢያታችሁ ዛሬ በአባቱ ፊት መታየቱን ውለታውን በማወቅም ባለማወቅም ዋጋ ታሳጡታላችሁ ይሄ ጴንጤዎችን መቃወሚያ ጌም አይደለም እውነት ነው በህይወታችሁ አትቀልዱ እየሱስ ትናንት ስለኛ መቶ ዋጋችንንን ከፍሏል ዛሬም ያ	0	0	0	0	0	0
amh_train_track1_749	አይዞሽ እህቴ ለቦጎ ነው ጥንካሬ የሰጠሽ በነገራችን፣ለይ እንደ ሴት ጨካኝ የለም	0	0	0	1	0	0
amh_train_track1_750	የወላይታ ጥላቻ ተቋውሞ እንጂ ሌላ አይደለም ነፍጠኛ ቆይ ዋጋውን እንሰጣቸዋለን	1	1	0	0	0	0
amh_train_track1_751	Leadership mattters የሚባለው እኮ እውነት ነው። ያኔ ጦርነቱም እንዳይለኮስ ሲደረግ የነበረውን ጥረት በእለኸኝነት ያመከኑት መሪዎች ዛሬ ደግሞ ውጤቱን መዝነው ለመማር የተዘጋጁ አይመስልም፣ አይ ኢትዮጵያ እንዴት ውጤቱ እንዲህ ውልሽልሽ እንደሚሆን ጦርነቱን መገመት ያቃተው መሪ የማያፍርብሽ ሃገር ። በሆደ ሰፊነት፣ ጓደኞቹንም ቢሆን ጫማቸው ላይ ወድቆ ማስቀረት ይሚችለውን ጦርነት ፣ይህን ባለማድረጉ የማይፀፀፀት መሪ ፣መሪ	0	0	0	0	0	0
amh_train_track1_752	በጣም ያሳዝናል በቀን አንዴ ደረቅ ዳቦ ለምንበላ አእ ልጆች እዬን ምግብ የምታሳየው ምን ሼ ነው ንቀት ነው ፈጣሪ ተቀመጥ ይልቀቅብክ ሆዳም?	0	1	0	1	0	0
amh_train_track1_753	በጣም ያማል 😥በሠው ሀገር ያለችው እናት ምን ብለሽ ይሆን የኔ ከርታታታ	0	0	0	1	0	0
amh_train_track1_754	የቆሞቀሮች እና ዘረኞች ስብስቦች ሁሌም አይነቁም ሲያስጠሉ	0	1	0	0	0	0
amh_train_track1_755	 እንደዚህ ተማምነሽ የምትፅፊው ባለተፈለገ እርግዝና የወለድሻቸው ዲቃላ ልጆችሽን ልታዘምቺ ነው መጀመሪያ በስነስርዓት መፃፍ ተማሪ ሌላው ደግሞ ማስረጃ አምጪ አሰብ የኢትዮጵያ መሆኑን የተናገርኩሽ በ2 ምክንያት ነው 1 ኤርትራን በስነስርዓት አለመፃፍሽ 2 የክቡር ፕሬዝዳንት ስም ሳትጠቅሺ ሼባ በማለትሽ እድሜ ፀጋ መሆኑን እወቂ 	1	1	0	0	0	0
amh_train_track1_756	አሁን ትክክለኛ ቃል መረትክለት ለብልግና ፓርቲ መሰል አጋንንት እንደ ባቢሎን አልክ	0	1	0	0	0	0
amh_train_track1_757	አማራ ክልል ያየሁት አሪፍ መፈክር! ትጥቅ ፍቱ ሳይሆን ትጥቅ እንፍታ ነው የሚባል ።WarOnAmhara Ethiopian Ethiopia EthiopiaPrevails	0	0	0	0	1	0
amh_train_track1_758	በእውነቱ ትላንት ባሰተላለፋችሁት የውይይይት ፕሮግራም የሰው ሀሳብ መሰማት ክፋት የለውም የዲሞክራሲ ባህላችንም የሚያድገው የሰውን ሀሳብ መሰማት ብቻ ሳይሆን ማክበርም ተጠቢ ነው። ግን እንደ ኤርሚያስ ያለን እርካሽ ሀሳብ ስሰማ አመመመኝ እንዴት አፉን ሞልቶ በሕወሓት ላይ እየተወሰደ ያለው እርምጃ ሰውር ዓላማ የኢትዮጵያ ሕዝብ ለትግራይ ሕዝብ ያለው ጥላቻ ነው ይላል። ዲሞክራሲም ቢሆን ገደብ አለው። ይሄ ከወራዳነት ዝቅ ያለና ሕዝብን ለማጫረስ	0	1	0	0	0	0
amh_train_track1_759	ዘገባው ትክክል ነው ግን በተጨማሪ ትናንት በጋዛ ው የተጋለጠውና በእስራኤል ሰራዊት በቁጥጥር ስር የሆነው በርካታ የጦር መሳሪያ አልጠቀስከውም ሃመስ በጤና ጣቢያ ውስጥ አከማችቶት የነበር በፍርሃት ፈርጥጦ ጠሎት የሄደ ነበርእርግጠኛ ነኘ በቅርቡ ሌላ አደስ የድል ዘገባ በዋሻዎች የተቀበሩት የሃማስ ሽብር ፈጣሪዎች ከፊሎች ወደ አመድ ተለውጠው ከፊሎች እንደተለመደው እጃቸው አንስተው እባካቹህ ማሩን በቃ ተረታን የሚሉበት ቀን ያን ያህል አይረዝምም	0	1	0	0	0	0
amh_train_track1_760	ባልሽን የፈታሽዉ እኮ ሴሰኛ ስለሆንሽ ነዉ ፓስተሩም ሴሰኛ ስለሆነ ነዉ	0	1	0	0	0	0
amh_train_track1_761	የእነ ሲሳይ አጌና እና ስዩም ተሾመን መሞትን አልሰማሁም ነበር እንኮ! ንፍስ ይማር አይ ሰው ከንቱ እንዲኽ እንኮ ነው። 😭😭😭	0	0	0	1	0	0
amh_train_track1_762	ድል ለማን ልበል ሰላም ላለም ሁሉ አውርድልን የእስራኤልንም ንፁሀንንን እባ ስናይ የፍልስጤምንም እባ ስናይ ያማል ፈጣሪ አለምን ሁሉ ሰላም አርግልን ማስተዋልን ስጠን	0	0	0	1	0	0
amh_train_track1_763	በዘመድኩንና በሃብታሙ ጭንቅላት ማሰባችሁን አቁማችሁ አንዳንዴ የራሳችሁን አእምሮም ተተቀሙበት ዝም ብሎ የውሸት ወሬ መንዛት የአማራውን ስቃይ አይቀንስም	1	1	0	0	0	0
amh_train_track1_764	ሁፍፍ ይሄ ፓርት ልብ ይሰብራል የአማራ እናቶች የሚያነቡትን እንባ ዛሬ አነቡ ጀብዴ ምስኪን ልብክ ደማ	0	0	0	1	0	0
amh_train_track1_765	የከባድ ተሽከርካሪ መኪና ሹፌር አማራ ክልል ታግቼ በሞባይል ባንኪንግ 700 ከፍዬ ተፈትቻለሁ ብለዋል የሚል የውሸት ዜና ትለቃላችሁ  በእንደዚህ ዓይነት ወንጀል የተሳተፈ ወንበዴ እንዴት በሞባይል ባንኪንግ ገንዘብ ይቀበላል ተብሎ ይታመናል 	1	0	0	0	0	0
amh_train_track1_766	የዘመናዊ አውሮፓ ሕብረት አባት የሚባሉት ዣክ ደሎር ከዚህ ዓለም በሞት ተለዩ	0	0	0	1	0	0
amh_train_track1_767	ያንተ እንደዚህ መንዘላዘል ግን ግርምት ነው። ሰው ናችሁ ብለን ተከትለናችሁ ነበር የሆነ ጊዜ።	1	1	0	0	0	0
amh_train_track1_768	አሁን ደግሞ የ 4የ 5ወር እርጉዝ እየሆናቹህ መጣቹህ ደስ ይላል	0	0	0	0	1	0
amh_train_track1_769	በጣም ያሳዝናል አይ እግዚአብሔር ይርዳዎት አባታችን	0	0	0	1	0	0
amh_train_track1_770	ዘንድሮ ጦርነት ካወጁ ይሳካላቸዋል ምክንያቱም ጦርነቱ ግብፅና ኦሮሞ ነው ሁሉ ኬኛ የሚለው ኦሮሞ ብቻውን ይዋጋታል እኛም አብይን የምናሶግድበት ወርቃማ አጋጣሚ ይሆናል የአብይን ቅዠት አምኖ ወደ ጦርነት የሚማገድ ጅል ኢትዮጵያዊ የለም	0	1	0	0	0	0
amh_train_track1_771	መሪ ሲያብድ ተከታይ ካበደ አለቀ ማለት ነው	0	0	0	0	0	0
amh_train_track1_772	የአንተን የፖለቲካ የመሀይም መሰበሰቢያ ተቋምህን ቀቅለህ ብላው ተቋሙ በሙያ ብቃት ላይ እና በሀገር ፍቅር ላይ የተመሰርተ ቢሆን ኖሮ እዚህ ውስጥ የተሰበሰባችሁት አዳችሁም አትኖሩም ነበር	1	1	0	0	0	0
amh_train_track1_773	እውነት ኤርምያስ ምን ሆኖ ነው።	0	0	0	0	0	0
amh_train_track1_774	የፈሪ ብትር ሆድ ይቀትር የሚባል ተረት ሲሉ ሰምቼ ነበር ኦነግ ሸኔ ተብዬው ንፁሐንን በተሰደዱበትና በተጠለሉበት የሚገድል ጉድ ጉብዝና ነው ፍርሃት ጭካኔ አልለውም ቂል ፈሪ እንጂ እ	1	1	0	0	0	0
amh_train_track1_775	አንቴ የተራራው ዲቃላ ዝም ብትል አይሻልህም	1	1	0	0	0	0
amh_train_track1_776	ጋዜጠኛው ግን ደንቆሮ ነህ ፈጣሪ አይማኖትን አልፈጠረም	0	1	0	0	0	0
amh_train_track1_777	በኔ እምነት ሙሉ በሙሉ ባይሆንም በአብዛኛው ወደ እስራኤል ያደላ ነው ብዬ ነው የማምነው ይህን ስል ሰለፍልስጤም ከልሰራክም ማለት አይደለም ሌላው ስለ ሶስቱ ታጋቾች ሞት አሳዛኝነት ዜና ስትሰራ ስለ አልጀዚራ ካሜራ ማን ሞትም ብትሰራ ቆንጆ ነበር በነገራችን ላይ ከካሜራ ማኑ ጋር በነበረው መቁሰሉንና በቅርቡ በአየር ጥቃት ሙሉ ቤተሰቡን ያጣ ነው ከዚህ ሌላ እስራኤል ለአልጀዚራ ያላት አመለካከት ወደ ሀማስ ያደላ ከሆነ እስራኤል በዘፈቀደ የምታደ	0	0	0	0	0	0
amh_train_track1_778	ሁላችሁም ለጦርነት ተዘጋጁ እያላችሁ የትግራይን ሕዝብ ለጦርነት ማግዱት ያልታደለ በራሡ ተወላጅ ሞት የተፈረደበት ዛሬን እንኳን እፎይታ እንዳያገኝ እየተደረገ ነው።	1	0	0	1	0	0
amh_train_track1_779	ጌታ ሆየ በጣም በጣም ያሳዝናል 😭😭😭🤔😭😭😭 ዎደት የሄደናዉ ነው 🙄🙄🙄📚🧎‍♂️🧎‍♂️🧎‍♂️😭😭😭 ዘንድሮ ጌታ ሆይ አድነን ኤግዚዮ ማርና ክርስቶስ	0	0	0	1	0	0
amh_train_track1_780	አሜሪካ በሰሜን ኢትዮጵያ ተጨማሪ ተቆጣጣሪዎች እንዲሰማሩ ጠየቀች	0	0	0	0	0	0
amh_train_track1_781	ይሄ ገመድ አፍ አንድ አፍታ መቼ ነው የገባው 	0	1	0	0	0	0
amh_train_track1_782	ድንቄም ፌደራሊዝም ከነ ስሙ ብልፅግና ገዢው ፖርቱ ነው እኮ የሚባለው ጠቅላዩ በየክልሉ ብልፅግና ካልሆነ ኣይመቸኝም እያሉ ኣደለም እንዴ ያሉት የቱጋ ነው የሀይል ክፍፍል ያለው ህገ መንግስቱ ይሻሻል ሲባሉ በፓርላሜንት ለናንተ ሲባል ኣይሻሻልም ነው ያሉት ይህ ማለት ለኔ ተስማምቶኛል ተውኝ ነው ለዚህ ነው ለየኣንዳንዱ ፓርላማ ኣባል እያንዳድሽ ብትመረመሪ ጉድ ስላለባችሁ እምለውን ብቻ ስሙ ባይ ናቸው እንግዲህ እንደዚህ ኣይነት የፓርላማ ኣባል ወ	1	1	0	0	0	0
amh_train_track1_783	ዕወቁ ተጠንቀቁ በዚህ ትውልድ የመጨረሻ ጊዜ መከራ በመከራ ላይ ይደራረብባችኋል። ከምድረ ገጽ ነቅለው ጠራርገው ሊያጠፏችሁ ይፈልጋሉና ።	0	0	1	0	0	0
amh_train_track1_784	ጋሽ ለገሰ መልካም ነገር አይጠላም በመጀመሪያ ሀገር መንግስቱን አጽኑ ከእንግዲህ በኃላ የአብይ ሰርፕራይዝ ይበቃናል እንደ መለስ ዜናዊ ካሳ ተመልሳ እግሩ ስር	1	0	0	0	0	0
amh_train_track1_785	እንዲ የሚሉት መሃይሞች አሁንም አሉ ? አብይ ግለሰብ ነው ፣ ግለሰብ አታምልኪ ! ሃገር በታሪኳ እንደ አብይ ጊዜ መከራ አይታ አታውቅም	1	1	0	1	0	0
amh_train_track1_786	በድርድር ካልሆነ በቀር ነገ ጥለነው ለምንሔደው መሬት መንግስት ለራሱ ሲል የንፁሀንንን ደም ባያፈሱ መልካም ነው ጦርነት መቼም በጦርነት ተሸንፎ አያውቅምና አይይይ	1	0	0	1	0	0
amh_train_track1_787	ሞክሩ እንግዲህ ተበጣጥሳጭሁ በየ ስደተኛ መጠልያ መኖር ካማራችሁ ያው አገሪትዋ በተግባር የለችም ያው የቀረችው ኢትዮጵያ የምትባል በምናባች ሁ ያለችውን ነገር ታጥዋት እና የጦር ጌቶች በየቦታው ኢያስገበሩ ያስተዳድሩዋችውሃል	1	1	0	0	0	0
amh_train_track1_788	ሰበር አሳዛኝ ዜና ዛሬ በአዲስ አበባ ለቡ ባቡር ጣቢያ አካባቢ የኦህዴድኦነግ ፖሊሶች ቤታችን አይፈርስም ያሉ 5 የአዲስ አበባ ኗሪ አማሮችን በጥይት ደብድበው መግደላቸው ታውቋል ለዘብተኛ አማራ ከሆን ገና እጠፋለን	1	0	0	1	0	0
amh_train_track1_789	ሕንድ ታሪካዊ በተባለው ተልዕኮ መንኮራኩር ወደ ጨረቃ ልታመጥቅ ነው	0	0	0	0	0	0
amh_train_track1_790	ባይደን ሀገራችን ላይ ያደረሰውን ጉዳት እያዮ በስውር ስምምምነት አይገባኝም አሜሪካ እስካሁን ሀገሬ ላይ ያደረሰችውን በደል ይቅርታ መጠየቅ እና አለአግባብ ነው ሕውሐትን የደገፈኩት የኢትዮጵያ መንግስት በሕውሐት ላይ የወሰደው ማለት አለበት ይህን ሳይል ስለግንኙነት ማውራት ይሔ ሀገር መናቅ ነው	1	0	0	0	0	0
amh_train_track1_791	የሥነ ዜጋ እና ሥነ ምግባር ትምህርት ከ12ተኛ ክፍል ፈተናዎች መካከል እንዲወጣ ተደረገ	0	0	0	0	0	0
amh_train_track1_792	አንተ ቀውስ እስራኤል ከምድር አትጠፋም አጠፋለሁ ያለ በሞላ ከምድሩ ይጠፋል እና ተረጋጉ በምድር ላይ ታብብ አለች እንጅ እስራኤልን ጥላቶቿ በሞላ ይደመሰስ አሉ ጌታ ይደመስሳቸዋል ስሙ እናንተ ቀውሶች እስራኤል እኮ ይህን ቅጣት የተቀጣች ሀማስ ዳሽ አራጅ ጅሀድ ስላሚ የቀጣት ናታኒያው ከተመረጠ ጀምሮ አሁን ሀማስ ባሰቃቂ ሁኔታ እስከፈጸመው ጅኖሳይድ ድረስ ናታንያውን ቢቢ ከወንበሩ አውርደው ለመጣል ሲታገሉ የቆዩ አውሬዎች ያመጡት ጉድ ነው ታይቶ	1	1	0	0	0	0
amh_train_track1_793	ጠላት ቅቤ እንዲ ቀባን አንጠብቅም ማድረግ ያለብን የዋና ዋናዎችን ዲካ አነፍንፎ ትምህርት መስጠት ጀሌዎችን ወደሠላም መመለስ	1	0	0	0	0	0
amh_train_track1_794	አሁን ኢትዮጵያ ለገባችበት ቀውስ ዋና ተጠያቂ አንተ ነህ ምንም ማንበብ አያስፈልግም ለኢትዮጵያ ህዝብ ምንም የተሻለ ነገር የለህም	1	1	0	0	0	0
amh_train_track1_795	ደደደብ የፕራንክን ትርጉም ሳታውቁ ማበድ፣ ፕራንክ ለፈን የሚደረግ እንጂ እንደዚህ አይነት ትዳርን ሊያበላሽ የሚችል የደደደብነት መገለጫ መሆን የለበትም ነበር፣ ከአሁን በኋላ እንደማታምንህ እወቅ፣ ያስጠላል በጣም	1	1	0	0	0	0
amh_train_track1_796	ሀይ EBC ትሻሻሻላላላችሁ ብለን ስንጠብቅ ሸጎሌ ላይ ህንፃውን ብቻ አቁማችሁ በአደንዝዝዝ ወሬ ትሞሉን ጀመር? የባይደን ውሻ ከቤተመንግስት ተባረረረ አልተባረረረ ምን ይጠቅመኛል ለህዝባችን የሚጨምረው ነገር ካለ ንገረኝ ይልቅ ፋይዳ በሌለው ጦርነት ከአከባቢያቸው የተባረሩትን እነርሱን ሚዛናዊ ሆናቹ ዘግቡ።	1	1	0	0	0	0
amh_train_track1_797	በማለዳ ደስ የሚል ዜና። ፍቅሩ ኮማንዶ አሁን ጥዋት ነው በ2 ሺህ ብር ዋስ ተፈቷል። ቴዲ ከ3 ቀን በፊት ማክሰኞ በ2 ሺህ ብር ዋስ ተፈቷል። አሌክስና ሰሎሞን እያንዳንዳቸው በ10	0	0	0	0	1	0
amh_train_track1_798	ይሄ ሰውየ ልክ እንደ ጓደኛው አብይ ጭንቅላቱ ጨቅላ ነው የኢትዮጵያችን ነገር በጣም ያሳዝናል ወፈፌ ፖለቲከኛና ወፈፌ ጋዜጠኛ 	0	1	0	1	0	0
amh_train_track1_799	ጠሚንስትራችን እሳቤዎት እና ቅንነቶ ወደር የለውም እኛም ብልፅግናን ስንመርጥ የእሮሶን ዕራዕይ አይተን ነው በዕራይዎ መሰረት እየሰሩም ነውከዚህ ብዙ ውጣ ውረድ እና መከራ ጋር በጣም የሚደነቁ መሪ መሆኖትን ሳልገልፅ ባልፍ ንፉግነት ነው ነገር ግን የእርሶን ስራ ህዝብ እንዳያየው እያረገ ያለው እና እርሶም ወደ ስልጣን በመጡ ግዜ ዕፎይታ ለህዝብ ይሰጡበታል ተብሎ የታሰበውን ለውጥ ስላላመጡ ነው ለውጥ ያላመጡበትም እየተከተለ መከራ እያሳየ ያለው	0	0	0	0	1	0
amh_train_track1_800	ምንድነው የህጻናት ግድያ ለምን ህግ ተከታትሎ ለህዝብ አያሳውቅም አንድ ሰሞን ሰለሞቱ ይወራል ነገ ደግሞ በሚያሳዝን መንገድ ሌላ ህጻን በአሰቃቄ ሞታ ትገኛለች ወንዝ ተጨምራ እረ ሁሉም ቤተሰብ ወቶ ሊጠይቅ የሚገባው ጉዳይ የዚች ህጻን እናት አላህ ሰብሩን ይሰጥሽ	1	0	0	1	0	0
amh_train_track1_801	የራሱን ጓደኞች ሳይቀር በግፍ የገደለ ስግብግብ የሥልጣን ጥመኛ አገር አለኝ ብሎ ነው ለአገር ያስባል፣ ይጨነቃል የምትይን!!!	1	1	0	0	0	0
amh_train_track1_802	ለምን ይመጣሉ? ማንም አይፈልጋቸውም ከወላይታ ህዝብ ጋር እንኳን በምድር በሰማይም አንድ አንሆንም ብለው አይደለም እንደ የሄዱት? እባቦች ከሀድዎች/// ለእነሱ ዩኒቨርስቲ የሰጠ ህዝብ፣ በቋንቋ በባህል አንድ አይነት የሆነ ህዝብ፣ ያስተማራቸውን ያገለግላቸውን ህዝብ ላይ ክህደት ፈፅመው ጭራሽ በቋንቋ በባህል የማይገናኝ ህዝብ ጋር ነው የሄዱት።	1	1	0	0	0	0
amh_train_track1_803	አባቴ ለምን ጭንቅ ጥብብ ይልሀል በምታቀው ቋንቋ ብትጽፍኮ ላንተም እረፍት ነው እኔም ምን እያወራህ እንደሆነ የገባኝ ነበር። ሙከራሽን ግን ሳላደንቅ አላልፍም?	0	0	0	0	0	0
amh_train_track1_804	Sintayehu Yalllew አሁንም ሦስቱን መ ዎች መጠቀም ነው አንርሳ በስንቱ እንቀጣ ስለዚሕ የዘነጋ ነገር ነው እይታችሁ መልካም ነው ጎበዝ እንንንቃ ድምፅ የለውም ።።።	0	0	0	0	0	0
amh_train_track1_805	ባለስልጣናቱም ክልላችሁን ህዝባችሁን አሳልፋችሁ ሰጥታችሁ በአንድ ሰው ሞት በከባድ መሳሪያ በታገዘ ጦር የክልሉን ህዝብ ሽብርና ጭንቀት ውስጥ ከታችሁ ከምትኖሩ ሀላፊነት ወስዳችሁ ወደፊ	1	0	0	0	0	0
amh_train_track1_806	ቬንዝዌላ የአውሮፓ ኅብረት አምባሳደር አገሯን ለቀው እንዲወጡ አዘዘች	0	0	0	0	0	0
amh_train_track1_807	ሰዎች በረሃብ እየሞቱባት ነው የተባለችው ሰሜን ኮሪያ	0	0	0	1	0	0
amh_train_track1_808	የሰው ልጅ ትኋንን ማጥፋት ያልቻለበት ምክንያቱ ምንድነው?	0	0	0	0	0	0
amh_train_track1_809	በኢትዮጵያ አወዛጋቢ የነበረው ሬማ ለንደን ላይ ባቀረበው የሙዚቃ ዝግጅት መነጋገሪያ ሆነ	0	0	0	0	0	0
amh_train_track1_810	እንኳን ደስ አላችሁ ኢቢሲዎች ጠቅላይ ሚኒስትራችን በሄዱበት እጃቸዉን ለሰምታ ሲዘረጉ ሲያሳቅቋቸዉ እያየን ስንናደድ እናንተም ለሰዉ የምታቀርቡት ምስል አጥታችሁ ስትሳቀቁ ቆይታችሁ ዛሬ ጥሩ አቀባበል ስጣ ደስ አላችሁ አሷኑ ሙሉዋን ፕሮግራም አደረጋችኋት እሰይ አሰይ ደስ ብሎናል አንኳን ደስ አላችሁ አረ እንዳዉ ቀን ሙሉ ሌሊትም ጭምር አሳዩት	0	0	0	0	1	0
amh_train_track1_811	የትኛው ህግ? ለቤት ማፍረስ ብቻ ሳይሆን ለቤት መስራትም መስራት ነበረበት! እኔ እያወራሁ ያለሁት ይኸም ቢሆን አሁን ሰወችን ከረሀብና ሞት የምንታደግበት ጊዜ እንጅ	0	0	0	0	0	0
amh_train_track1_812	ኡፍ ጦርነት ጉዳት እንጂ ጥቅም የለውም አምላኬ ሆይ እባክህ ስለሚስኪኖች ስትል ሰላሙን አውርድልን😭🙏	0	0	0	1	0	0
amh_train_track1_813	እናቶች የሚጸልዩለት ቃል ቦምቡ እኔን ይብላኝ ግን መሪዬ ዳነወይ ብሎ የጠየቀው ቦምቡን የቀለበውና አካለ ስንኩል ሆኖ የቀረው ወጣት ያመነው ቃል ሕዝባችን ያመነው ቃል የዋህነትንና ቅንነትን የተላበሰ ቃል ነው ወይስ እጅግ አደገኛ አዘናጊና አታላይ ቃል ይሆን	1	0	0	1	0	0
amh_train_track1_814	ድል ለከሌ ድሌ ለ ___ እያላቹ የምትኮምቱ ድል ይንሳቹ አያሳዝኗቹም ምንም የማያውቁ አዛውንት ህፃናት ሲያልቁ ምድረ ደንቆሮ ሰላሙን ያውርድላቸው 🙏	1	1	0	1	0	0
amh_train_track1_815	በድርጊትህ ምክንያት ቤተሰብህ እየደማ ነው። ለድርጊትዎ ዘላለማዊ ህመም ይሰማቸዋል እንባ ወደ ደም ፈሰሰ የተሰማቸው ህመም ሊቋቋሙት የማይችሉት ይሆናል በቅርቡ ብቻህ	0	0	0	1	0	0
amh_train_track1_816	የትዊተር ተጠቃሚዎች ማየት የሚችሉት ‘ትዊት’ መገደቡን አለቃው ኢላን መስክ ገለጠ	0	0	0	0	0	0
amh_train_track1_817	እናት ሁሌም ደስ ይበላት እድሜ ከጤና ጋር ይስጣቸው	0	0	0	0	1	0
amh_train_track1_818	ክብር ለመከላከያ ሰራዊት ነብሱን ሰውቶ ሀገርን ለሚያፀናው በዘራፊው ፋኖ የክልላችን ገበሬ እየተንገላታብን ነው	1	1	0	1	0	0
amh_train_track1_819	አንተ እንዲህ ስትል መስማት የሚገርም ነው በትግራይ ላይ ያወጅከውን ረስተህው ይሆን የሚያማርርር ሰው የተሻለ አያገኝም የባሰ ነው ደግሞም ምኞትህን ነው የሰጠህ አትፍረድ እንዳይፈረድብህ	0	1	0	0	0	1
amh_train_track1_820	እውነትም መስቀል አለባት ለሌላውም ማስተማሪያ ይሆናል እሷ ስው ሳትሆን ስይጣን ናት ልብ ይነካል ያማል በስማም ፈጣሪ ብርታቱን ይስጣችሁ	0	1	0	1	0	0
amh_train_track1_821	ክፋት ተንኮል ጥፋት የጨለማ ስራ ሁሉ ምንም ያህል ከፍታ እና እውቅና ቢያገኝ የተደበቀን የተቀበረን እውነት አያሸንፍም ። እናንተን ያሳደጉትም ከዚህ	1	0	0	0	0	0
amh_train_track1_822	ድሮ ልጅ እያለን የሚመቸኝ መዝሙር ? 10 ?አረንጓዴ ጠርሙዝዞች በግድግዳ ላይ ድንገት 1 ወድቆ ቢሰበር 9 ይቀራል Amhara ፋኖ NoMore ጲሪሪም።	0	1	0	0	0	0
amh_train_track1_823	መንግሥት አጭበርባሪ ቀጣፊ ሌባ ገዳይ ጨፍጫፊ ነውዋናው ዋሾው ህፃኑ ጠምሩ ራሱ ነው	1	1	0	0	0	0
amh_train_track1_824	ስለሚገባን ሳይሆን እንዲሁ ስለወደደን ከዘላለም ሞት ሊያድነን ፀጋውን ላከልን እያስተማረን እየረዳን እስከ ፍፃሜው ሊያደርሰን እግዚአብሔርን እንድንመስል ፀጋው ነው የሚረዳን	0	0	0	0	0	0
amh_train_track1_825	በሐዋሳ ከአንዲት ሴት ከ2 ሺህ በላይ የሐሞት ከረጢት ጠጠሮች በቀዶ ህክምና መውጣቱ ተገለጸ	0	0	0	0	0	1
amh_train_track1_826	አሁን አብይ ድንገት ተነስቶ ትግራይ ላይ ጦርነት ብያውጅ፤ የእሁዱን ሰልፍ ሰርዘው፥ ለቅሶውን በፉከራ ተክተው ወደ ትግራይ ለመዝመት ይተማሉ! ታሪክ ደጋግሞ ያስተማረን ሃቅ ነው! ጉዳ	1	1	0	0	0	0
amh_train_track1_827	እውነት ለመናገር ሱማሊያ እውነቷን ነው አሁን በኢትዮጵያ ውስጥ አንድ ክልል ከሌላ ከውጭ ሀገር መንግስት ተፈራርሞ የኢትዮጵያን መሬት ቢሰጥ የፌደራል መንግስቱ ዝም ይላል የኢትዮጵያ መንግስት ህገ ወጥ ስራ ነው መስራት የያዘው ሀገር ውስጥ ያለው ችግር አልበቃ ብሎት አሁን ደግሞ ከዉጭ ሀገር ጋር ጦርነት ሊጀምር ነው ህዝባችንን እረፍት አልሰጥም አለ ይሄ ነገረኛ መንግስት  አስፋው መሸሻ የኔ አባት በቃ እውነት ሆነ 	1	0	0	1	0	0
amh_train_track1_828	በሕዝብ ልብ ተወዳጂዋ ደራርቱ ከእውነት ጋር ብቻ ትቊም አብይ አህመድ አሊ እብድ ቀውስ ስው ከመሬት ተነስቶ በኢትዮጵያ ኦርቶዶክስ ቤተክርስትያን ላይ ጦርነት አውጇል እግዚአብሄር ዋጋውን ይስጠዋል	1	1	0	0	0	0
amh_train_track1_829	ኢትዬጵያን ያስተዳደረ ጀግና ህዝብ አማራ ነው፣በኢትዬጵያ ግንባታ ወቅት ሱሪ ያልነበረው ከከብት ጋር ከብት የሆነ ሌላ እንትን ነበር፣ዛሬ ድንገት ስልጣን ላይ ቁጢ	0	1	0	0	0	0
amh_train_track1_830	በጀርባ የሚወጉ አጭበርባሪ እናተ የህዝብ ተወካይ ተባዬች የሚያደርጉትን ግፍ እያወቃችሁ ዝምታን መረጣችሁ  ህዝብ ወክሏችሁ እና ተናገሩልኝ ብሎ እናተ ግን ዝም አላችሁ ሆዳችሁ አምላክ ሆነ ታማኝነታችሁ ለማን እንደሆነ ታይቷል ዎጋ ትከፍላላችሁ 	1	0	0	1	0	0
amh_train_track1_831	የሜክሲኮ ዕፅ አዘዋዋሪ ቡድን አሜሪካዊያንን ገድለዋል ያላቸውን አባላት ለፖሊስ አስረከበ	0	0	0	0	0	0
amh_train_track1_832	እያልኩ ፈራ ተባ ቃሌን እየያዝኩት ደፍሬ ያንተ አርገኝ የኔ ሁን ያላልኩት ልቤን አንድ ነገር እጅግ አሳስሮታል ካንተ ጎሎ አይደለም ልቤን ቀን ሰብሮታል	0	0	0	1	0	0
amh_train_track1_833	ክሪስቲያኖ ሮናልዶ የባይናንስ ማስታወቂያ በመሥራቱ የ1 ቢሊዮን ዶላር ክስ ተመሠረተበት	0	0	0	0	0	0
amh_train_track1_834	ጋዜጠኛነት እንዴ ኢትዮጵያውያን ጋዜጠኞች ቢሆን በጣም አሪፍ ነበር አንብብብ የተባልከውን ማንበብ አለ አይደል ደደደብ መሆን ለምን ብሎ አለመጠየቅ	0	1	0	0	0	0
amh_train_track1_835	ቨድዮ እየቀረፅ ፕራንክ ዉይይይ🤣🤣🤣 ትግስቱ	0	0	0	0	0	0
amh_train_track1_836	ለመሆኑ ተረድተሽ ነው ወይስ እንደው ዝም ብለሽ የገደል ማሚቱነትሽን ወደሽው ነው? አቦ ራስሽ ላይ ወ አርከፍክፊብት ድንገት ቢረጥብ።	1	1	0	0	0	0
amh_train_track1_837	አይዞሽ እኔም ሶስት አመቴ ነው ግን ለቤተሰብም እየረዳሁኝ አባቴን አስታምሜ ቀበርኩኝ  ግን አራት መቶ ሽብር አለኝ 	0	0	0	1	0	0
amh_train_track1_838	እፍፍፍ በጣም ያሳዝናል 😭😭😭💔💔💔	0	0	0	1	0	0
amh_train_track1_839	እግዝአብሔር ይባርካችሁ ፍቅር ተመግቦ ያደገ ቤተሰብ ይመስላል አልፎ እኛም ደስተኞች ነን ስለ መልካምነታችሁ	0	0	0	0	1	0
amh_train_track1_840	ተፈታዊት አለቆችሽ አንጥፈው የ አብይን እግር እየሳሙ ነው ቻይው	0	1	0	0	0	0
amh_train_track1_841	ታዋቂው የቴሌቪዥን ፕሮግራም አቅራቢ አስፋው መሸሻ ከዚህ ዓለም በሞት ተለየ	0	0	0	1	0	0
amh_train_track1_842	እንኳን ደቡብ አፍሪካ ወይም ደደብ አፍሪካ አለም ቢጮህ ለውጥ አያመጣም አረብ ሀገራት መጮህ ብቻ ናቸው ተግባር ያስፈልጋል መጋጠም ከእስራኤል ጋር ልብ ይጠይቃል እየፎከሩ ጋዛን ማስጨፍጨፍ አይደለም ዝም ይሻላት	1	1	0	0	0	0
amh_train_track1_843	ጃዋር መሐመድ ሐገራችን ካፈራቻቸው ድንቅ ፖለቲከኞች አንዱ ነው ጃዋር መሐመድን እንደብቃቱ የሚያደንቁት አሉ ብዬ አላምንም በስሜት የሚያደንቁት ዕልፍ እንደሆኑ እየካድኩ አይደለም  እንዳለው እምቅ አቅምና ብቃት እሱ ከተገኘበት ብሔር ውጪ የሆኑ አድናቂዎች ሊኖሩት የሚገባ ጂኒየስ ፖለቲከኛ ነው ጃዋር መሐመድ ኢትዮጵያ የስርዓት ለውጥ ስታደርግ በፕሬዝዳንታዊ ስርዓት መመራት ስትጀምር የታላቋ ኢትዮጵያ ፕሬዝዳንት ይሆናሉ ከምላቸው ጎምቱ ፖለቲከኞች 	0	0	0	0	1	0
amh_train_track1_844	ጠያቂዋ በጣም ጀግና የዘመኑ ሰው ምን ችግር አለው እያለ ነው ሁሉንም ህግ የሚያቃልለው ስለዚህ አንቺም ጉዳዩ ለዳግም ጥያቄ እንዳይነሳ አጥብቀሽ መላልሰሽ ግልጽ እስከሚሆን ድረስ መጠየቅሽ በሙያሽ ያለሽን ብቃት ነው የሚያሳየው መምህራችን ቃለ ሕይወት ያሰማልን	0	0	0	0	1	0
amh_train_track1_845	የመንግስት ሚዲያ ነን የምትሉም የግል ሚዲያዎች እስቲ ይሄንን የፋኖ ምርኮኛ ገና ዘሎ ያልጠገበን ልጅ ምን እንዳለ ስሙና ዘግቡ እንዲሁም አብይ የሚባል የኢትዮጵያውያን ፀር ምን ቀን መጣብን የሚያሰኝ ስለሆነ አሁንም ስልጣኑን ለማስጠበቅና አማራን ለማጥፋት ቆርጦ የተነሳን ሰይጣን ፓርላማውን እኔን ለማቆየት ብላችሁ ወደ ጦርነት ገብታችሁ ሙቱ በሚል ቤተመንግስት መገንባታችንን አቁመን አማራን ለመጨረስ ከጎኔ ቁሙ ብሎ ማለት ምን ማለት ነው  ብላች	1	1	0	0	0	0
amh_train_track1_846	እኔኮ የሚገርመኝ አገር የሚመራው አብይ ነው ፌስ ቡክ ላይ የምትሳደቡ ሁሉ አገር እንድትፈርስ የምትፈልጉ ደደደቦች እንደሆናችሁ የሚያረጋግጥ እንደሇነ ግልፅ ነው ትንሽ ሰከን ብትሉያዋጣል	1	1	0	0	0	0
amh_train_track1_847	ሊቨርፑል በሜዳው ቼልሲን ሲረታ ድል የቀናው ማንቸስተር ሲቲ ሁለተኛ ደረጃን ከአርሰናል ተረክቧል	0	0	0	0	0	0
amh_train_track1_848	የዓብይ ቸልተኝነት ለነዚህ ጅላጅሎች ሰርግ ኦና ምላሽ ሆኖላቸዋል።	0	1	0	0	0	0
amh_train_track1_849	አረ ንግድ ባንክ የሆነ ወረዳ የሄድኩ ነው የሚመስለኝ መታወቂያ ለማውጣት ገንዘብህ ለመውሰድ ማጉላላላታቸው	1	1	0	0	0	0
amh_train_track1_850	የሁቲ አማጺያን በአሜሪካና አጋሮቿ የመጨረሻ ማስጠንቀቂያ ተሰጣቸው	0	0	0	0	0	0
amh_train_track1_851	ዓረብ ሊግ ከዚህ የተለየ ውሳኔ ይኖራቸዋል ብሎ ማስብ ባይቻልም እየሆኑ ያሉት ነገሮች ኢትዮጵያ ምን ያህል ታላቅና ይተፈራች የተከበረች ለመሆኟ ትልቅ ማሳያ ነዉ እላለሁ ኢትዮጵያ የጠየቀችው  ታላላቅ ነን የሚሉትን ጭምር ምክንያት ያሣጣ የተዛባውን ፍርደ ገምድል የሆነውን የቅርብ የሩቅ ሀገራት ጠላቶቻችንን የውስጥ ባንዳዎቻችንንም ፍንትው ብለው እንዲገለጡ ያደረገ ክስተት ነዉ ሳይወዱና ሳይፈልጉ የተከበረችየተፈራችናታላቅ ሀገር መሆኗን በድርጊታቸ 	1	0	0	0	0	0
amh_train_track1_852	የኔ እናት ብርቱካንዬ ናፍቀሽኝ ነበር በእውነት በእመቤቴ ትቅረብሽ እውይይ የእኔ እናት ነገር  የሚገርም ፍቅር መከባበር ጥንካሬ ፍጹም የኾነ በጎነትን ያየኹበት ቤተሰብ እግዚአብሔር ያክብርልን እግዚአብሔር ይስጥልን በእውነቱ አባታችን እግዚአብሔር ፈጽሞ ይማረዎት 	0	0	0	1	1	0
amh_train_track1_853	“በአምላክ እና በመንግሥት እጅ ላይ ወድቀናል...” የትግራይ አርሶ አደሮች	0	0	0	1	0	0
amh_train_track1_854	ኢትዮጵያ አዲስ የታጠቀቻቸው ጄት እና ድሮን አቅማቸው ምን ያህል ነው?	0	0	0	0	0	0
amh_train_track1_855	የእርስዎ አስማቶች ሳይስተዋል አይሄዱም ፣ የአጋጣሚ ነገር ተግባራትዎ መከራዎ ወደሚመጣበት ወደ ትልቅ ባዶነት ይመራዎታል ፡፡ መቼም ያደረጉት	0	1	0	0	0	0
amh_train_track1_856	አንድ ነገር አላሰተዋላችሁም በህግ አምላክ አዘጋጆች ከመቼ ወዲህ ነዉ እስር ቤት ዉስጥ ድኝጋይ እንጨት በረት የሚገባዉ  ከእወነታ የራቀ አለማስተዋል ብየዋለሁ ድራማዉ በጣም አሪፍ ነዉ ግን እየተስተዋለ 	1	0	0	0	1	0
amh_train_track1_857	እፍረተ ቢስ በቃ ወረራ ምንቀኝነት እግዚአብሔር የሰጠህን ሰፊ ለም መሬት ሩብ ያክል ሳታለማ የሰው መመኘት ምን ማለት ነው ረሃብ እርዳታ ጦርነት ወረራ በቃ ያሳዝናል	1	0	0	1	0	0
amh_train_track1_858	በጣም ጥሩ ሃሳብ ነው።እንዴት ነው ግን ሁሉን ነገር ኮርጀው ይችሉታል እንዴ? ዲጂታል ወያኔ ነበር አሁን ደግሞ ዲጂታል ማን እንደምለው ግራ ገብቶኝ ነው እንጂ	0	1	0	0	1	0
amh_train_track1_859	በሕንድ ሴቶችን የማስረገዝ ‘አዲስ የሥራ ዕድል’ የተጭበረበሩት ምን ይላሉ?	0	0	0	0	0	0
amh_train_track1_860	ሃብታሙ ዋሽንግተን ዲሲ ድንገት ተሰናክሎ ቢወድቅ የአብይ አህመድ ስራ ነው ሳይል ኣይቀርም። ?	0	1	0	0	0	0
amh_train_track1_861	በስመአም እንዲህም ያለ ጨካኝ አለ ውይ ፅናቱን ይስጣችሁ	0	0	0	1	0	0
amh_train_track1_862	በተፈጥሮ መዛባት የደረሰ አደጋ ስለሆነ ያሳዝናል እረ ምን ጉዶች ናችሁ ጥጋብ ወጥሮዋችሁ እናትና ልጅን እንደ ዶሮ እያረዳችሁ ለሰው ልጆች አሳቢ ለመመሰል አታታሉን የ	1	0	0	1	0	0
amh_train_track1_863	ድል ለፋልስጤሞች ሽፈትና ዉርደት ለአይሁዶች ያማል በተቀደሰች ምድር ላይ የጨምላቆችን ባዲራ ማየት አላህ ሆይ የሉጥን ህዝቦች ያሰመጥህ ገታየዘመናችን ፊርአዉን አይሁዶችንም አጥፋልን	0	1	0	1	0	0
amh_train_track1_864	እረ የኔ እህት አስለቀሽኝ ኡኡኡ ይከብዳል እናት	0	0	0	1	0	0
amh_train_track1_865	እኛ ምንም አንልህም ለይቶክ ይምታክ ከማለት ውጭ😁😍	0	1	0	0	0	0
amh_train_track1_866	ተከታዮቹን 1 ሚሊዮን ዶላር ገደማ ያጭበረበረው ናይጄሪያዊ ፓስተር በቁጥጥር ስር ዋለ	0	0	0	0	0	0
amh_train_track1_867	ዉዴ አስተዉይ አብይ አንድ ሰዉ ነዉ ወታደሮቹ የኢትዮጲያ ወታደሮች ሀገር ናቸዉ አስተዉይ እሺ መልካም ነገር አስቢ ዉዴ	0	0	0	0	0	0
amh_train_track1_868	የስንት ሚሊዮኖች ሞት እና መፈናቀል ነው የሚያስተምራችሁ ? ጋሼ ረጋ ይበሉ ፣ በ21 ዘመን ሰው እንደ ቅጠል እ	1	0	0	1	0	0
amh_train_track1_869	እግዚአብሄር ትዕቢትን ሲያስተነፍስ አይተናል። ይህንንም ያያል። ያለፈው የ27 አመትን ስቃይ የረሱ ናቸው ሲያጓሩ የነበሩት። የዘር ነጋዴ ሞት እንጂ ሕይወ	0	1	0	0	0	0
amh_train_track1_870	ጭቅላታችው በሰበስ ወራዳ ባዳዎች	0	1	0	0	0	0
amh_train_track1_871	ኤርትራ እኮ በነጻ መጠቀም ወደቡ መቼ እምቢ ኣለች ያ እብድ ኣቢ እኮ ነው የኣሜሪካ እና የምእራባውያን ኣጀንዳ ለማስፈጸም ባህር በር መተንፈሻ ምናምን ብሎ ብቅ ያለዉ ለወያኔ ስግብግብ ጁንታ ኣላቸዉ ኣሁን ደሞ ይህች ፓራላይዝድ የሆነች ወያኔ ስም ታውጥለት እንግዲህ ካገኘችለት	1	1	0	0	0	0
amh_train_track1_872	እኔ በበኩሌ የትርሀስ ሀሳብ ያስማማኞል ይሄ ወሮበላ ዱርዬ ሱሰኞ ነው በሽታዋን የሚያብስባት እራሱነው ደሞ አይወዳትም ሊጠቀምባት ብቻነው የሚፈልጋት ትርሀስ እግዚአብሔር ይጠብቅሽ እውነተኞ ጋዜጠኞ ነሽ መፀሀፍ ቅድስ እራሱ ከተበዳይ ጎን ቁሙነው የሚለን 	1	1	0	0	0	0
amh_train_track1_873	ትክክል ቀጥታ የሆነውን ነው የሚታየው አላህ ይድረስላቸው የአረብ መንግስቶችኮ 	0	0	0	1	0	0
amh_train_track1_874	ካድሬነት በዚህ ልክ መሆኑ ያሳዝናል አቃጥሮ ከመኖር ሞት ይሻላል ለሆድ ማደር ዋጋው የከፋ ነው	1	0	0	1	0	0
amh_train_track1_875	በዚህ ዓለም ዝና ለማግኘት የማይፈነቅሉት ድንጋይ የለም። የኢትዮጵያ ጠቅላይ ሚኒስትር የሚገርም ሰው በየቦታው መዝናኛ ቦታ ከመፈጠሩ በፊት ሰላም አይቀድምም። ሰላም በሌለበት አገር ማን ለመጎብኘት ይመጣል?	1	0	0	0	0	0
amh_train_track1_876	የጀግኖቹ ተዋጊ ክፍሎችና የስታፍ ድጋፍ ሰጪ ክፍሎችን የማዕረግ ዕድገት ማልበስ ስናይ ደስ ይለናል!ተዋጊ ክፍሎች ተልዕኳቸውን በላቀ ብቃት እንደሚፈፅሙ የስታፍ ድጋፍ ሰጪ ክፍል ሚናው	0	0	0	0	1	0
amh_train_track1_877	እግዚኦ ምኑን ነው የሰማሁት በጣም ያሳዝናል 💔😥	0	0	0	1	0	0
amh_train_track1_878	አህያ እዛ የወገን ሞት ባላበቃበት ነው ስለ ልማት ምታወራው ቅድሚያ የአይምሮ ሰላም እና መረጋጋት ይቀድማል	1	1	0	0	0	0
amh_train_track1_879	በንባብ የዳበረ አዕምሮ ለሃገር ትልቅ ዋጋ አለው በማንነትህ ሞት እቤትህ ድረስ እየመጣልህ ነው ከስደተኛ ጋር አብሮ የተሰደደው ብሔራዊ ሃብት መጠኑብዛቱ ስንት ነው	1	0	0	0	0	0
amh_train_track1_880	አይ የብልፅግና ደጋፊ ነውረኝነታችሁን የምታሳዩት እውነቱን የሚነግራችሁን በመሳደብ ነው በማጣጣል ነው በስድብ አገር አይመራም በውቀት ነው በምኞትም አይመራም አውነቱን መቀበል መሸነፍ መስሏችሁ የምትሄዱበት መንገዱ ሌላ ቀውስ እያዋለ ቀጥሏል ስለ እናንተ ለማውራት የግድ ታምር አያስፈልገውም ይችን አምስት አመት ማየት በቂ ነው ከበቂም በላይ	1	1	0	0	0	0
amh_train_track1_881	ኔታንያሁ ሐማስ ያቀረበውን የተኩስ አቁም ስምምነት  ቅድመ ሁኔታ ውድቅ አደረጉ	0	0	0	0	0	0
amh_train_track1_882	እህቴ ሆይ political conspiracy የሚባል ነገር ትችያለሽ? ድንገት ያልተጣረቁት ወደው ሌላ እቅድ አቅደዉስ ቢሆን እንደ መላምት? በዛሬ ጊዜ ሞኝ አ	0	0	0	0	0	0
amh_train_track1_883	አይዞሽ እህቴ ፈጣሪ አሁንም ጥንካሬውን ይስጥሽ ሌላ የምለሽ የለም የውነት ቃላት አጠረኝ ስሰማሽ የውነት ያማል ፈጣሪ ከደዚህ ያለ ቤተሰብ ይሰውረን	0	0	0	1	0	0
amh_train_track1_884	ምን ይመስላሉ በእግዚአብሔር ሲያያቸው ራሱ እኮ የዲያቢሎስ መፈንጫ ነው የሚመስሉት ሶስቱም እግዚአብሔር ይመልሳችሁ ካበደ ጋር ሰው እንዴት ያብዳል እሷ የእንግሊዝ ፓውድ ነው ያሳብዳት	0	1	0	0	0	0
amh_train_track1_885	የዘመኑ ዘማሪ ተብዮዎች ጥቁርና ነጭ ሲያዩ ዐያሽቃብጣሉ፣፣፣ጥርግ በሉ ከመድረኩ	1	1	0	0	0	0
amh_train_track1_886	ይህ ውሳኔ በፈለስቴም እስራኤል ታሪክ የመጀመሪያ ከባድ ውሳኔ ነው ከአረብ እስራኤልእንግሊዝ አሜሪካ ጦርነት ቦኋላየአቅም መገዳደርን ያሳያል 	0	0	0	0	0	0
amh_train_track1_887	የኢትዮጵያ ችግሮች ሁሉም ዘረኝነት እምነት እና ፖለቲካ አቅላቅሎ ማየትና እኔ ብቻ የሚል በድን ነው ዜግነት መቼ ነው የሚከለከለው	0	0	0	0	0	0
amh_train_track1_888	ትግራይ መቼም ነፃ አትወጣም።ሕወሓት እስካለ ሞት ተንኮል ጦርነት ይኖራል። እሺ መንግስት ለገደለዉ አለቀሳችሁ ወያኔ ለገደላቸዉ ለእነ መምህር የማኔ ኮቦሮ ኮቦሮ ኮቦሮ ትላላላችሁ?	0	1	0	0	0	0
amh_train_track1_889	የማንደግፍህ ትክክለኛ ዘርኛ ውሽታም አጭበርባሪ ስለሆንክ እንጠለሃለን በነተ ግዜ አማራው ተስቃየ ከቤቱ ተባርሩ ሞተ ተስደደ እና ምን አይተን እንደግፈ የሳዝና	1	1	0	0	0	0
amh_train_track1_890	ለአንድ ወገን ወግነህ የኢትዮዽያ አዳኝ አፍራሽ መቁጠር የሚገርም ነው። Ermias go a head!	1	0	0	0	0	1
amh_train_track1_891	እግዚያብሄር ለኢትዮጵያ የሰጠው ድንቅ መሪ አሁንም ፈጣሪ ማስተዋል እና ጥበብ ይስጥህ የታመንከው አምላክ ደግሞ ይረዳሀል ኢትዮጵያ ትበለጽጋለች	0	0	0	0	1	0
amh_train_track1_892	በጣም ያስደነግጣል ያሳዝናል ምን አገኘው ፈጣሪ ነፍሱን ከቅዱሳን አጠገብ ያኑረው ወንድሜ ሞትክ መራራራ ነው	0	0	0	1	0	0
amh_train_track1_893	(የማርቆስ ወንጌል 13፥337) ?ጊዜው መቼ እንዲሆን አታውቁምና ተጠንቀቁ፤ ትጉ፤ ጸልዩም። ድንገት መጥቶ ተኝታችሁ እንዳያገኛችሁ ስለዚህ ትጉ።ለእናንተም የምነግራችሁ ለሁሉ እላለሁ፤ ትጉ	0	0	0	0	0	0
amh_train_track1_894	ድል ለፍልስጤም ያርልብ አላህ ያጥፍቸ እስራእርሎችን የአላህም ቁጣ ይዉረድባቸ ያረብ	1	1	0	0	0	0
amh_train_track1_895	ሽኽ ኣቢይ ኣሕመድ ዕሊ ስንት ኢትዮጲያውያን በሳኡዲ አስር ቤት አየተሰቓዩ አያለ መሬት ለአርሻ አሰጣቹኣለሁ ብሎ ይቐደዳል ጎበዞች ጥሩ ስራ ነው	0	1	0	0	0	0
amh_train_track1_896	ደመቀን የትራንስፖርት ሚንስቴር አርጎ ሰርፕራይዝ ያረገዋል የሚል ግምት አለኝ ?	0	0	0	0	0	1
amh_train_track1_897	ኤልሳቤት ማለት ትግሬዎች ምትለው ብትሰተካከል ምክንያቱም የትግራይ ህዝብ እንዳችው እናትና አባት ኢትዮጵያ ውሰጥ የተፈጠረ ኢትዮጵያዊነቱን የሚወድ ነው ለንግግርሽ ለከት ቢኖረው ።	1	0	0	0	0	0
amh_train_track1_898	ሚድያ ኣገኘው ብለህ የመንደር ወሬ ኣታውራ ውሸት ጥሩ ኣይደለም ሻዕቢያ ማለት ህዝብ ማለት ነው ቱልቱላ ወሬ ብቻ	0	1	0	0	0	0
amh_train_track1_899	አንተ ቆሻሻ በዳ እንደዚህ ከሆነ ዜጎች በማንነታቸው ብቻ እየተለዩ ሲገደሉ።ሲፈናቀሉ።ቤታቸው በላያቸው ላይ ሲፈርስ።የሚበሉት አጥተው ሜዳ ላይ የወደቁት በአራት ኪሎው አባገነን መሪ ችግር ነው።	1	1	0	0	0	0
amh_train_track1_900	ልዩነቱን መሃንዲስ ሆነው ከቀረፁት ኦህዴድ ኦነጋውያን ይልቅ ይህን አደገኛ ሴራ የተፋለሙትን ታወግዛለህ ልጓም ያጠለቀለት ሁሉ የሚጎትተው እዚህ ሠፈር የለም	1	1	0	0	0	0
amh_train_track1_901	ሲማይ ኩዚ እማወጣበት ቀን ነብር የምጠብቀው ደስ አለኝ የተነካይ ኡፍ አበቃ ወደድሮማነንትሽ ተመለሽ ሸፋፋ ኩዚ እኮነው ልጅ አላወቀችውም ደሞ ታስፈራራለች	0	0	1	0	1	0
amh_train_track1_902	እውነቱን ሳላውቅ ሳልረዳ በውሸታም የሚዲያ ነጋዴ ተመርቼ ማንንም አላወግዝም እንደ ጠቅላላው የህይወቴ መርህ ሰው መግደል ሳይሆን ሰው መጥላት ነፍሰ ገዳይነት ነው እዛ	1	0	0	0	0	0
amh_train_track1_903	መርት በስተመጨረሻ ደስተኛ ሆነ ተመስገን ነዉ ከፈተና ቡሀላ ደስታ አላ በሂወታችሁ ቡዙ ፈተና የተፈተናችሁ ተስፋ አትቁረጡ	0	0	0	0	1	0
amh_train_track1_904	የኢትዮጵያ የደህንነትና እንደ ሀገር የመቀጠል ዋነኛው ስጋት ጠቅላይ ሚኒስትሩና የሚመሩት መንግስት ነው።	0	1	0	0	0	0
amh_train_track1_905	ሥራው ይኸው ከሆነስ? ማገዳደል! ለማበታተን ግብዓት የሚሆነውን ሁሉ ማስፈፀም ሥራዬ ብሎ እንደያዘው ድንገት አጣሽው እንዴ?	1	1	0	0	0	0
amh_train_track1_906	😂😂😂ምንም አይገርምምም የሚጠበቅ ነበር ይብላኝ ሀገሬን ብሎ ለተሰዋ	0	0	0	0	0	0
amh_train_track1_907	በእውነት አወ እኔም በጣም ነው የገረመኝ ምን አለበት ቢያሰሯት ጡረ ነበር	0	0	0	0	0	1
amh_train_track1_908	አድዋ የታላቋ ኢትዮጵያ ታላቅ ድል  የአፍሪካ ኩራት  የመላ አለም ጥቁር ህዝብ መመኪያና አሸብራቂ ብርሃን ነው  ለአዲሱ ትውልድ የወደፊት ድል የጀርባ አጥንት ሆኖ በታሪክ ሲታወስ ይኖራል  ለኢትዮጵያና ኢትዮጵያዊነት የተከፈለ ክቡር መስዋእትነት ነው	0	0	0	0	1	0
amh_train_track1_909	ነፍጠኛ ዘረኝነትን የሚጠየፍ ዘረኛ ነው	0	1	0	0	0	0
amh_train_track1_910	ወራዳ ሲሞት እንኳን ሞተ ብለህ ውስኪ ከፍታችሁ ሰትረጬ አልነበረ የሱ ሞት ይሻላል ቆመህ ከምትሄደው	1	1	0	0	0	0
amh_train_track1_911	መንግስትን ለማሳመን ወይም የአለምን ትኩረት ለመሳብ ተብሎ በንጹሀን ላይ በሚደረጉ ዘግናኝ ጭፍጨፋዎችና መንግስትም ጆሮ ዳባ ብሎ ለሚያስገድላቸው እንዲሁም ራሱ በቸልተኝነት ለሚቀጥፋቸው ነፍሳቸውን ይማር ቤተሰባቸውን ያጽና ሰው ከእንስሳ የተካከለበት ዘመን	0	0	0	1	0	0
amh_train_track1_912	እና ምን አገባን በመጀመርያ ምንፈልጎመጣምንሰ አሰቦነው እደዝህብለሺ ማሰብየለብሺም እደትሰ ወደድሺው ባልእያለሺ አትወጂውምነበር ማለትነው ለማንኛውም አይዞሺ😁😢	0	0	0	1	0	0
amh_train_track1_913	ተመስገን ፈጣሪ አግራችን ሳትፈርስ የ3ኛ አመት 4ኛ መደበኛ ጉባኤ ሲካሄድ ማየቱ የልብ ኩራት የሚሰጥ ነው መልካም ቀጣይየስራ ዘመን	0	0	0	0	1	0
amh_train_track1_914	ንቁም በበህላዌነ እስከ ንረክቦ አምላክነ የፈጠረንን አምላክ እስክናውቅ ድረስ በያለንበት ፀንተን እንቁም ቅዱስ ገብርኤል የፅናትና የብስራት መላዕክ!	0	0	0	0	0	0
amh_train_track1_915	ሚሊዮን ኤፍሬም ለካሥ አንደርሦ ያለ ሰው አለወይ የዶክተር አብይን ድንቅ ሰው መሆንና ድንቅ የተረዳ በጣም የሚገርሙ ኖት እርሶም የተከበሩ ኖት ለፃፉት ግጥም አናመሠግኖታለን እግዚአብሔር ይባርኮት የሚገርም ግጥም ነው 	0	0	0	0	1	1
amh_train_track1_916	b d hayru እውነት ስታም ወደ ስድብ ትዞራለች ደስ የሚለው ሃይማኖቴ ስድብ አላስተማረኝም	0	0	0	0	0	0
amh_train_track1_917	በህወሓት ላይ የተጣለው የሽብርተኝነት ፍረጃ መነሳት የገጠመው ተቃውሞ	0	0	0	0	0	0
amh_train_track1_918	"ወሰንሰገድ ገብረኪዳን፡ ""አዶኒስ አስካሁን ከሰራው በላይ ወደፊት ሊሰራ ያቀደው ነበር ያጓጓኝ"""	0	0	0	0	0	0
amh_train_track1_919	ለሕዝባችን መፈናቀል, ሞት, ሰቆቃ እና እርሃብ ተጠያቂው አብይ ነው ወያኔን 👈አጠፋለሁ እያለ እንደገና እርዳታ የሚአቀርብላቸው እሱው እራሱ አይደል እንዴ❓🤔 ለድሀው ምንም ለማያውቀው ሕዝባችን ግን አንድም ቀን እርዳታ ሲአደርግ አላየነም። አብይ አውነተኛ ሰው ቢሆን ኖሮ👈ወያኒ የሰጠውን ሕገመንግሥት አቅፎት አይተኛም ነበር። ታዳያ መንግሥት እራሱ በወያኔ ስርአት የሚመራ ከሆነ👈👈👈 እንዴት ነው ወያኔን እየታገል	1	1	0	0	0	0
amh_train_track1_920	በቃ አሁን ደግሞ አብረን እንተኛ ብትለው ዳኒ የሚያለቅስ የሚመስለኝ እኔን ብቻ ነው	0	1	0	0	0	0
amh_train_track1_921	እስርልኤል ማን ነዉ አሽካናዚ ይሁዳዉያን ናቸውን ወይንስ ኦርቶዶክስ ultra ይሁዲዎች ናቸውን ወይንስ ኢትዮጵያዊ ይሁዳዉያን ናቸዉን በእርግጥም መፅሃፍ ቅዱስ እስራኤልን የሚነካ በገዛ አይኑ ስንጥር እንጨት እንደ መጨመር ነው በእርግጥም ይህ ጦርነት ሰው ሰራሽ ነዉን ወይንስ መንፈሳዊ ውግያ ነዉን ብቻ ከባድ ነው ህፃናትን ሰላማዊ ሰዎችን ግን ከፍልስጤምም ይሁን ከእስራኤል ማንም መሞት የለበትም ሞት ለሃማስ ድል ለእስራኤል	1	1	0	0	0	0
amh_train_track1_922	እንደዚች አይነት ሤት ማግኘት መታደል ነው ምክንያቱም እራሧን መሥላ የምትኖር ጀግና ሤት ናት ምክንያቱም ብዙ ጊዜ በኛ ሃገር አለባበሧ ሙሉ ቀሚሥ የለበሠች ዝምተኛ ደርበብ ያለች ሤት ሁኔታዋ ይናገራል ይላል ግን ልብ ካልን ምንም ለትዳር አቶንም ቀውስ ነገር የሚባልላት ሤት እትዳሯ ላይ በጣም ጠካራ ያፈቀረችውን ሰው አክብራ የምትኖሮ በሱ ድርድር የማታውቅ ታማይ ናት ሠው ባያምናት ለራሧ ግን ታማኝ ሥለሆነች ሠውንም ታምናለች ሦ ለቤቷ ሥትል ምን	0	0	0	0	1	0
amh_train_track1_923	አንተንማ አይደለም መምታት መግደል ነው ያለበት 😁😁😁	0	1	0	0	0	0
amh_train_track1_924	ከዚህ በፊት የጉራጌ ማህበረሰብ እራሴን በራሴ ላስተዳድር በማለት ህገ መንግስታዊ ጥያቄውን ማቅረቡ የሚዘነጋ አይደለም በዝያም ምክንያት ጥርስ የተነከሰበት ይመስላል አሁን ደግሞ በአቃፊነቱ እና በታጋሽነቱ ብዙ በደል እየደረሰበት ነው	1	0	0	0	0	0
amh_train_track1_925	ይህንን ትዊተር የተመለከተ ማንኛውም ሰው ለእነሱ የሚሄድለት ነገር አይኖርም ፣ ይህን በማንበብ ሁሉም ይጠፋሉ ፣ እሱ እየፈራ ነው ፡፡ ጀርባዎን ይመልከቱ ፣ በዙሪያዎ ይመልከቱ ፡፡ በጥላዎች ጥልቀት ውስጥ አጋንንት ይደበቃሉ	0	0	0	0	0	0
amh_train_track1_926	እረ የምን ተራ ነው ተራ ቢኖርማ ጥሩ ነበር ቢያንስ የተወሰነው ይዘጋጅ ነበር ! በሁሉም ቦታ እረፍት እንዳይኖረን አድርገው በአራቱም አቅጣጫ ተናበው እየጨፈጨፉን ነው!	1	0	0	0	0	0
amh_train_track1_927	በሕገ-ወጥ መንገድ ሰው ሲያዘዋውር ነበር ተብሎ የታገተው አውሮፕላን ሕንድ አረፈ	0	0	0	0	0	0
amh_train_track1_928	ወይኔ ወይኔ ያማል በጣም ምን አይነት አውሬ ሰው አለ	0	0	0	1	0	0
amh_train_track1_929	ያራዳ ልጅ! ያየህበትን አንግል ሳላደንቅ አላልፍም አባቱ !	0	0	0	0	1	0
amh_train_track1_930	በመግደል የሚያምን ፓለቲከኛ ጠቡ ከ እግዚሐብሄር ጋር ስለሆነ የትም አይደርሱም !የኢትዩጵያ ህዝብ አስብ ግን አትጨነቅ ! የበላይ የመሆኛው መንገድ ፍቅር ይ	1	0	0	1	0	0
amh_train_track1_931	አያስፈልግም ደግሞ ለእስራኢል ለየውዳ የዓለም ፀር ኢ/ያ አይመለከታትም ንፅዋን ገዳይ አረመነዎች ከዓለም ገፅ መወገድ አለባቸው 75 አመሜት ጨፍጭፋ ዛሬም እየገደለች ??? እንት ሆኖ ትደገፋለች ይቺ አረመነ የስው ልጅ ጠላት ... ህፃናትን ሴትን ሽማግሌን እየጨፈጨፈች ... ኦስፒታል እየመታች ቤቴ ህምነት እየመታች የስራዋን ይስጣት የሱ ይበልጣልና ...	1	1	0	0	0	0
amh_train_track1_932	በአንተስ ቁስል ተፈወስኩኝ ጌታ በፍቅርህ ተማረኩኝ ሞቴን ሽረኸው በአንተ ሞት ይኸው አቆምከኝ በሰው ፊት	0	0	0	0	1	0
amh_train_track1_933	እግዚኦ መኃረነ ክርስቶስ ምን አይነት ጭካኔ ነው በመድኃኒዓለም 😭😭😭	0	0	0	1	0	0
amh_train_track1_934	ዘንድሮ የመዋረጃ ዘመናቹ ያርገው ፈሪ ሁላ ድእናንተየተማመናቹት መሳሪያቹን አሜሪካንንን ነው እነሱግን ሁንሲለው የሚሆንለትን የሰማይና የምድር ፈጣሪ አላህን ነው አላህ ትልቅ ነው፡፡፡	1	1	0	0	0	0
amh_train_track1_935	የተናገርኩት ደረሰ በዚያች ጭንቅ ወቅት አንድ ወዳጄ ዛሬ ደስ ብሎኛል፤ ብጀል ተፈራ የአማራ ልዩ ኃይል ሆኖ ተሾመ ሲል ደስታውን ገለፀልኝ። እኔም ፈገግ ብዬ	0	0	0	0	1	0
amh_train_track1_936	የሠፈር ውሻ በሰፈሩ መጮህና ድንገት የተዘናጉ የዋሆችን ነክሶ መሸሹ ነው። እርግጥ ነው፣ ከተኛ አንበሳ የተልከሰከሰ ውሻ ግዜያዊ ጉዳት ሊያደርስ ይችላልና ጠንካራ ሠንሠለት አንገቱ ላይ	1	1	0	0	0	0
amh_train_track1_937	የ ናዚው ጭፍጨፋ አይቀርላቹሁም ...	1	0	0	0	0	0
amh_train_track1_938	አንተ የምትለዉ እስራኤል ከምትለዉ በተለይ ነዉ የምትቀደደዉ በስተ እርጅናህ ላንተ የሚሆን የቤት ድለላ ነዉ	1	1	0	0	0	0
amh_train_track1_939	Negev መሀመድ ማለት ውሸታም አራጅ አሸባሪ ፀረ ሰላም ሸርሙጣ ነበር	0	1	0	0	0	0
amh_train_track1_940	እንዲህ እንደጓጓይ ኩም ብትል ጥሩ ነበር 	0	1	0	0	0	0
amh_train_track1_941	አቶ ጌታቸው ረዳ በመጀመሪያው ጋዜጣዊ መግለጫቸው ምን አሉ?	0	0	0	0	0	0
amh_train_track1_942	ከሁለት ያጣ ላለመሆን የምታደርገውን ጥረት ሳላደንቅ አላልፍም እሷማ አንተን እንኳን block ልታደርግህ በቅጡስ መች ተቆጣችህ ምክንያት ራሷ ሰጥታ ፀጥ አለች ?	0	0	0	0	1	0
amh_train_track1_943	የኢትዮጵያ ህዝብ ለሀገሩ ካለው ፅኑ ፍቅር እና ከህግ አክባሪነቱ የተነሳ ዘር ሃይማኖቱን ሳይጠይቅ የሰጠውን አመኔታ ከሞኝነት ቆጥሮ በበደል ላይ በደል ሲፈፅም የከረመው የበሻሻው ጮሌ፥	0	1	0	0	0	0
amh_train_track1_944	ይሄ ግሩም ዜና ነው ደግሞም በጠዋት በሲሳይ አጌና አንደበት በመስማቴ ቀኔን ልዩ ያደርገዋል የምንገዳደልበት እንቆቅልሽ በዚህ መልኩ ከተፈታ ሌላው ቀላል ነው	0	0	0	0	1	0
amh_train_track1_945	የዩክሬን ምርኮኞችን የያዘች ጄት ድንበር አቅራቢያ መከስከሷን ሩሲያ ገለጠች	0	0	0	0	0	0
amh_train_track1_946	አይ ዘመነዊናት ሰዎቹን ምን ነክቷቸው ነዉ አሁን አሁንማ ሥልጣኔ መስሎን እንደ መሰለኝ ደሰላኝ መናገሩን አያይዘናዋል ወገኖቼ ይሄ ስህተት ነው እኛ ክርስቲያን ነን ካልን ዋልካችን የሁሉ ነገር መመዘኛችን መጽሐፍ ቅዱሳችን ልናደርገው ይገበናል ቆይ በየትኛው መጽሐፍ ቅዱስ ላይ በየትኛው ሳይንሳዊ ጥናት ላይ ወይም ደግሞ በየትኛው ባህለችን ነው ለሴትም ሆነ ወንድ best friends ልኖረቸው ይገባል የምለው ወይስ የትኛው የሃይማኖት አባት ነው እ	1	0	0	0	0	0
amh_train_track1_947	ዝምብሎ በይሆናል ከመባዘን የነገር መስማት መልካም ነው። እኔ ወይም እኛ ወስጥ ገብተህ መረደትህ ይገርማል ፣ ይሄ ቀርቶ እራስህን ማወቅህን እጠራጠራለሁ። መ	0	1	0	0	0	1
amh_train_track1_948	እንዳንቼ አይነቱ የደም ነጋዲ ነው ሀገር የሚያጠፉው ዳቡ ልቅምቃሚ ሲወረውርሽ የስው ሞት እና መከራ ምንም ሳይመስልሽ በውሽት ትርክት ህዝቡን የሚያስጨርስ ሊባች እ	1	1	0	0	0	0
amh_train_track1_949	ከሕዝቡ ተወልዶ ሕዝቡን ለመጨፍጨፍ ወንበዴ የሚያደራጅ ግለሰብ ሊፈታ አይገባም	1	0	0	0	0	0
amh_train_track1_950	መነገሩ አይደለም ትልቁ ትርጉሙ የራሱ መፃፊያ አለው እንዴ በታሪክ ስተት የራሱን ፊደል ያልተጠቀመ ቋንቋ ነው።	0	0	0	0	0	0
amh_train_track1_951	ይገባሻል እናት እኮ ነሽ ከማንም በላይ ነሽ ልጆች ደግሞ ወልዳችሁ በልጆቻቹ ተደሰቱ እኔ በጣም ነው ደስ ያለኝ ለኔ የተደረገ ያህል ተባረኩ ዘመናቹ ይባረክ አሜን ።	0	0	0	0	1	0
amh_train_track1_952	በቡድን ጋንግሪን፣ በ መሪዎች እብሪት የቀጠለው አገር ከመሠረቱ የማናጋት ዕቅድ አስፈሪ ምዕራፉን ቀጥሏል! የማይጠፋ ቀውስ ምንጩ የተዳፈነ ዝምታ ነው!	0	1	1	0	0	0
amh_train_track1_953	ተባርክ እረጅም እደሜ ጤና ይስጥ	0	0	0	0	1	0
amh_train_track1_954	ልክ ነው ያሳዝናል ማንም መሞት የለበትም። ግን እናንተ 300 እና 400 ሰው በአንድ ጉድጓድ ሲሞት እና ሲቀበር ባልሰማ ፀጥ ስትሉ እና አሁን ሀዘን የገደላችሁ ስትመስሉ አያሳፍርም?	1	0	0	1	0	0
amh_train_track1_955	Ethiopia በህዝብ ተጠልተን ልንወድቅ ነው የጠቅላዩ ያልተጠበቀ ንግግርና ማስጠንቀቂያ! (From Phoenix App)	0	0	0	0	0	0
amh_train_track1_956	በ12ኛ ክፍል ፈተና በተደጋጋሚ ለተመዘገበው ዝቅተኛ ውጤት ምክንያቱ ምንድን ነው?	0	0	0	0	0	0
amh_train_track1_957	ዋዉ ፋኖዬ አባይ ግድብንም ተቆጣጠር እኛ አዲስ አበቤዋች ያንተዉ ነን እየመጡ ነዉ	0	0	0	0	1	0
amh_train_track1_958	አስፐርቴም የተሰኘው የለስላሳ መጠጦች ማጣፈጫ ካንሰር ያመጣል? የዓለም ጤና ድርጅት ምን ይላል?	0	0	0	0	0	0
amh_train_track1_959	በምስራቅ ጎጃም ዞን ደብረ ኤልያስ ወረዳ የግልና የአካባቢ ንጽህናን በዘላቂነት ለመጠበቅ በየደረጀው የሚገኘው አካል በትኩረት መስራት እንዳለበት የወረዳው ጤና ጽቤት ገለፀ፡፡	0	0	0	0	0	0
amh_train_track1_960	FYI ኦርቶዶክስ ተዋህዶ ቲቪ ህዝቡን እንዲህ እየቀሰቀሱ ነው ?	0	0	0	0	0	0
amh_train_track1_961	እኝ ኢትዮጵያን በዚህ የሚገርም ነገር የለም በዲባይ አየር ሀይል ቢያንጃብብ ቢገላበጥ ለኢትዮጵያውያን መፍትሄ አይደለም ይብላኝ ለሆዳሞቹ ለብፅግና መንግስቱ ያመኑትና ሆዳሞች ለማን እንደሚ ጠብና ለማን እንደ ሚሰፍ ይህ ህዝባዌ መሆኑ ረስቶታል ከህዝብ ጋር መጋጨት ቀላል መስሎ ታይቶታል መጨረሻው ሩቅ አይሆንም	1	1	0	0	0	0
amh_train_track1_962	አተ ውሻ ባንዳ መከላከያን ነው ማለቅ አለበት የምትለው? ሞክራታ ውጭ ቁጭ ብሎ መፎከርና መሬት መሆን የተለያዩ ናቸው ልክ ትገባለህ ደሞ	1	1	0	0	0	0
amh_train_track1_963	ድል ለአማራ ድል ለፋኖ!!! ታላቁ የአማራ ህዝብ በተረኛው የኦሮሞ ኦነግ መንግስት ሰራዊት ላይ የጀመረውን ጥቃት በሁሉም ቦታ አጠናክሮ ይቀጥል !!! የአማራ እና የኦርቶዶክስ ቁጥር 1 ታሪካዊ ጠላት የሆነው የኦሮሞ መንግስት በጀግናው የአማራ ህዝብ ትግል እንደ ዳይኖሰር ከምድረገፅ ሊወገድ በጣት የሚቆጠሩ ቀናቶች ብቻ ቀርተውታል!!! አማራ 1000 % ያሸንፋል !!!	1	0	0	0	0	0
amh_train_track1_964	አብሽሩ ወገኖቻችን እድሜና ጤና ለወሎ ህዝብ ፍቅርና አብሮነት	0	0	0	0	1	0
amh_train_track1_965	በጣም ምርጥ ነው ቀጡሉበት እናመሰግናለን ቅዳሜና ኡሁድ ለምትለቁልን 	0	0	0	0	1	0
amh_train_track1_966	በጣም የሚገርም ምጡቅ ሰው ነው! ሌላም አለ አሁንም ጣሊያን አለ ያለበት ሌላ ጊዜ ፖስት አደርገዋለሁ አብይ እኮ ደንግጦ ና ተበሳጭቶ ነው ይህን ድራማ ያስቋረጠው ራሱን እሁድ እሁድ ማየት አስበርግጎት ?	0	1	0	0	0	1
amh_train_track1_967	የገረመኝ ይህ ነው ለምን ሰፈሩ እየተቀረፀ መሆኑ ገርሞኛል	0	0	0	0	0	1
amh_train_track1_968	የተመድ ኤጀንሲዎች በጋዛ ሰብዓዊ የተኩስ አቁም ስምምነት እንዲደረስ ጥሪ አቀረቡ	0	0	0	0	0	0
amh_train_track1_969	ወነአምን በአሐቲ ቅድስት ቤተክርስቲያን እንተ ላዕለ ኵሉ ጉባኤ ዘሐዋርያት ከሁሉም በላይ በምትሆን ሐዋርያት በሠሯት በአንዲት ቅድስት ቤተክርስቲያን እናምናለን ጸሎተ ሃይማኖት	0	0	0	0	0	0
amh_train_track1_970	ጃርማሮ አሁን ከመንግስት ጋር ካልታረቀ የሚቀጥለው መንግስት እረቅ ብሎ እንደማይጠይቅ እሄን ጠንቅቀው ይወቁ ዶክተር አብይን ከስልጣን አውርዳቹ ጃዊሳን ቤተመንግስት ለማሰገባት ነው ኦሮሞ ኦሮሞን የምታስገደል በጣም ያሳዝናል የነጃርማሮ ነገር እሄ የመጨረሻቹ እርቅ ነው አስቡበት 	0	1	0	1	0	0
amh_train_track1_971	? ደስ ሲል ትናንት መጥተህ በምድራችን እየኖርክ ምቀኛ ስትል ምንም አይሰቀጥጥህም አይደል?	1	1	0	0	0	0
amh_train_track1_972	አማራው አልሞ ተኳሽ ብልት ለይቶ መች ሀይል አለው! ፋኖ!ነገር ግን አልሞ ተናጋሪ፤ የፖለቲካ ብልቶችን ጠንቅቆ የሚያውቅ ፤አሁናዊ የአማራ ህዝብ ችግሮች ምን ያክል አሳሳቢ እንደሆኑ የ	0	0	0	0	1	0
amh_train_track1_973	 woww የሚለው ቃል አይገልፀውም የታርክ ፍሰት የአርቲስቶች ትወድና የድምፅንስ የቪዲዮ ጥራት ዋውው ዋውው የውጪ አገር ድርማ የማየው እየየሰለኝ ነው የኢትዮጵያ የአርቲ ብቃት የሚገልፅ አቅም ያለው ተከታታይ ድራማ በህግ አምላክ ግሩም ናችሁ ታላላክ ተወዳጅ አርቲስቶች ለዘመናት ባካበቱት ልምድና እውቀት ድራማ ሆነ ፍልም መሰራት ካልቀረ እንደዚህ ነው እንጂ የመክፈቻ ና መዝጊያ ሙዝቃ ሳውንድ ጥራትና ምርጫ ዋው ነው	0	0	0	0	1	0
amh_train_track1_974	ወይኔ እኔን ውይ ያማል ስንት አይነት አረመኔ አለ😭😭😭	0	0	0	1	0	0
amh_train_track1_975	የደቡብ አፍሪካው ፕሬዚዳንት ከሙስና ጋር በተያያዘ ክስ ሊመሰረትባቸው ይችላል ተባለ	0	0	0	0	0	0
amh_train_track1_976	የአማራ ክልል ግጭት ሳይሆን ጦርነት ነው ደግሞም ወገኑን የሚጨፈጭፍ ሠራዊት መከላከያ አይባልም	1	0	0	0	0	0
amh_train_track1_977	ፍቅረኛውን የገደለው አሜሪካዊ ታዳኝ ከኬንያ የፖሊስ ቁጥጥር ስር አመለጠ	0	0	0	0	0	0
amh_train_track1_978	አረ ግን commment የምታረጉ ሰወች ጤነኞች ናችሁ ድል ለፍልስጤም ድል ለስራኤል እያላችሁ የምትሉት ሰው ነው እኮ እየሞተ ያለው ምን ጥቅም አለው ጦርነት ፈጣሪ አለምን ሁሉ ሰላም እዲያደርግልን መፀለይ ነው የሚያዋጣን	1	0	0	1	0	0
amh_train_track1_979	በዚህ መከራ ጊዜ ሰለቤተክረትያን ዝም ማለት ከጠላት ወገን እንደ መሰለፍ ነው	1	0	0	0	0	0
amh_train_track1_980	የሐማስን የጥቃት ዝግጅት ቀድመው ሪፖርት ቢያደርጉም ሰሚ ያላገኙት የእስራኤል ‘ዐይኖች’	1	0	0	0	0	0
amh_train_track1_981	ፖለቲካ ማለት እንደዚህ ከሆነ እጅግ የሚያሳፍር ነው፡፡ሚሊዮኖች እንዲሁ በከንቱ አለቁ፡፡እነሱ ግን ተጨባበጡ፡፡ስልጣን እንኳን አለቀቁ	1	0	0	1	0	0
amh_train_track1_982	በጣም አደገኛ ጌምድሆችን የበለጠ ድሃ ያደረገሱሰኛአድርጎወደስፍራየሚያስሮጥ ሕልመኛ የሚያደርግላም አለኝ በሰማይ አስወግዱት ትውልድ ቀጣፊና አጥፊ ጌም	1	0	0	0	0	0
amh_train_track1_983	የእናንተ ዘረኝነት ጥግ አይደለም የኦሮሚያ ቤተክህነት ተመስርቶ ቀርቶ ኢትዮጲያ ኦሮሚያ ናት ከነገ ጀምሮ ብትባሉ እንኳን አትረኩም፡፡	0	1	0	0	0	0
amh_train_track1_984	በጣም ያሳዝናል  በጣም ልብ ይሰብራል እግዚኦ ማሀርነ ክርስቶስ አቤቱ የሃነብን አስብ አምላኬ	0	0	0	1	0	0
amh_train_track1_985	እኔ ምለው እነዚ ከሃዲ ሁላ በማርያም በድንግል አግዢኝ እናቴ እያሉ ስፀልዩ ያድጉና የፈለጉበት ደረጃ ሲደርሱ ከጨለማ ወደ ብርሃን ሲሉ ትንሽ አያፍሩም😎 መልካም የ መንከባለል ዘመን😅	1	1	0	0	0	0
amh_train_track1_986	ወይ ጉድ የእኒህ ሴትዮ ችግር እስካሁን አልተፈታላቸውም እንዴት ያሳዝናል እንደው ግን ነጣቂዋ በሰላም ተኝታ ማደሯ	0	0	0	1	0	0
amh_train_track1_987	ቆይ ግን ብዙ የእስራኤል ጥላቻ ፎቢያ ያለባቹ ሁሉ ለምን ግን ፖለቲካንና እምነትን ትደባልቃላቹ የማይገናኙ ሁለት የተለያዩ ነገሮችን ባታገናኙስ ሰማያዊውን የከበረ ከምድራዊው የረከሰ ነገር ጋር ባታጣምሩ መልካም ነው እናተ በምትመለከቱበት እሳቤና መንገድ አደለም የእስራኤል ፍልስጤም ጦርነት የርስትና የታሪክ እንጂ ይሄ ማለት የናተ እርስት እንደፈረደብን እዚሁ ክልል1 ክልል2 ክልል4 እያልን ብንባላ ይሻለናል የማያገባንን ባንገባ 	1	0	0	0	0	0
amh_train_track1_988	ኢትዮጵያዊ ነው ሲያምር እሱ ልጅ እራሱፕራንክ እድርጎናል 🤣🤣🤣	0	0	0	0	1	1
amh_train_track1_989	በጣም አስፈሪ ግዜ ለይ ነው ያለነው ጌታ ከንቺ ጋር ይሆንልሽ	0	0	1	1	0	0
amh_train_track1_990	ይሄን ሁሉ እያወቅ ለም ነው ኣንተ ለተሳዳቢዎችና ጦርነት ቀሽቃሾት ጋዜጤናዎች ሽልማት የሰጥሃቸው	1	0	0	0	0	0
amh_train_track1_991	በሰው አንጎል ውስጥ የሚገጠመው ‘ቺፕ’ ምንድነው? ለምንስ ዓላማ ይውላል?	0	0	0	0	0	0
amh_train_track1_992	ባህር በርና ወደብ ለይተህ አውራ ሌሎች ሀገራት ላይ አትንጠላጠል ንቀት አትበል አዋራጆች ተዋርዳችሁ አዋረድችሁን ደሞ ንቀት ትላለርህ ለይትኛው ክብራችሁ ነው	1	1	0	0	0	0
amh_train_track1_993	ሰበርዜና መብረቃዊ አብይ ደረቀ ፕር ብርሃኑ ጨከነ በቃ ካሁን በኋላ ግዜ አናባክንም ያልተጠበቀ ሙሉ መግለጫ ይ via 	0	1	0	0	0	0
amh_train_track1_994	ሰው መሆን ከእምነት ይቀድማል። ምርጥ ሰው ነሽ እምነትሸን ማንም ካንቺ አይወስደውም። ጥልቅ አስተሳሰብሽን ሳላደንቅ አላልፍም።ከታላቅ ምስጋና ጋር።	0	0	0	0	1	0
amh_train_track1_995	ትላንት 4ኪሎን በአቋራጭ የያዙት ኦነጎች፥ ዛሬም 5ኪሎን እንዲሁ በአቋራጭ ለመያዝና ሀገር ለማፈራረስ ከተራ ብልጣብልጥነት እስከ ውንብድና፣ ክህደትና ሽብር በመፈፀም ላይ ናቸው። ግፈኛ	1	1	0	0	0	0
amh_train_track1_996	አሜሪካ ሚያሚ ውስጥ ከተደረመሰው የመኖሪያ ህንጻ ህይወት ለማዳን ጥረት እተደረገ ነው	0	0	0	0	0	0
amh_train_track1_997	የሷ እያረረረባት የሰው ታማስላለች ሚባለው ሚድያ Ethiopian Broadcasting Corporation's እውነት እውነት ምትሆንበት ጊዜ ይመጣል ያኔ ልጆቻችሁ ያፍራሉ የናትን ዘገባ እና ታሪክ እያዩ እስኪ ለህዝብ ኑሩ ስናዳርነት ይብቃ ሆድ እንደሆ ያው ነው	1	1	0	0	0	0
amh_train_track1_998	እንደማይል ይታወቃል። እናንተ ታጠቃችሁም አልታጠቃችሁ ለኦሮሞ ሕዝብ ስጋት መሆን አትችሉም። የኦሮሞ ሕዝብ ለአማራ ወገኑ ከፍተኛ ክብር አለው። እንደናንተ ያለውን	1	0	0	0	0	0
amh_train_track1_999	የኔ እናት 😭😭😭ኡፍፍፍ ያማል በእውነት 💔	0	0	0	1	0	0
amh_train_track1_1000	አንተ ሰው በላ መሀይም ፋኖን ፈርተህ አባቶች ላይ ተሰቀልክ ገብርኤል የቁም ስቃይህን ያብዛው ሞትን ሳይሆን ስቃይህ ይብዛ ወገኔን ከትልቅ እስከ ትንሽ ደም ጠጣህ	1	1	0	0	0	0
amh_train_track1_1001	የኔ ድጋይ ራስ እንደ ጂያን ካላፈቀርከኝ አልፈልግክክም	0	1	0	0	0	0
amh_train_track1_1002	የኦሮሚያ ክፍለ ሀገር ስለ ኦነግ ሸኔ ያወጣው መግለጫ እጅግ በጣም የሚደገፍና የኢትዮጵያውያንን ሰቆቃ የሀገሪቱን መቆርቆዝ የህዝብን እምባ የሚያብስ ሠላማዊ ጥሪ ስለሆነ ኦነግ ሸኔም የህዝብን ሠቆቃ ችግር እርስ በእርስ መተላለቅ ቆሞ ሠላም እንዲፈጠር የራሱን ሚና እንዲወጣ ህዝባችን ጥሪ ያቀርባል ይብቃን በሠላማዊ ትግል ሀገራችንን እናልማ 	0	0	0	0	1	0
amh_train_track1_1003	የድርስ ለስፊው ለተከበርውና ሲገፉት ለማይገፋው ለጀግናው ህዝባችን አሳምንው እንደንገርን መጭው ዘመን ለአማራ ህዝብ ከ500 መቶ አመት የከፋ ያጋጥመናል ብሉን ነበር እይሁን ያለው	0	0	0	0	0	0
amh_train_track1_1004	አለም ግራ ገብቶት አንተ ትቀባጥራለህ ይሁዳ ያው ይሁዳ ነው ይጥፉ	0	1	0	0	0	0
amh_train_track1_1005	‘ተዉኝ ልኑርበት!’. . . ዜጎች መረጃ ለመስጠት ያለባቸው ስጋት እና የመገናኛ ብዙኃን ፈተና	0	0	0	1	0	0
amh_train_track1_1006	ወይ መከራ የኔናት አላሕ በደልሸን የምትረሸበት በደሰታ የሚቀየር ዘመን ይሑንልሸ ውዴ	0	0	0	1	0	0
amh_train_track1_1007	wow jawer mohamed በጣም ነው ማደንቅህ ድንቅ የፖለቲካ ኣቅም ነው ያለህ ጋዜጠኛውንም ሳላደንቀው ኣላልፍም በጣም ጎበዝ ነው ይችላል ኣይገልፀውም	0	0	0	0	1	0
amh_train_track1_1008	በጣም አሳዛኝ እና ልብ የሚሰበር ዜና ዛሬ ከደርሳ ጊታ ሰማን! ተቀብሮ የነበረ በፈነዳው ፖምብ የሶሰት ስው ህውቱን ማልፍና አራት ሰው ጉዳት እንደደረሰ ሰማን! ፍትህ ለደርሳ ጊታ	0	0	0	1	0	0
amh_train_track1_1009	በጣም ያሳዝናል ነብስህ በገንት ያኑርልን ለመላው ቤተሰብ በሙሉ መጽናናቱን ይስጣቸው	0	0	0	1	0	0
amh_train_track1_1010	በጨዋ ደንብ ነው ለሰጠንክ አስተያየትም ትችትም መልስ የሰጠኸን ለዚህም እናመሰግናለን የጎደለ ነገር ነበረ የአድማጭ ተመልካች አስተያየት አይቶ መልስ መስጠት የጋዜጠኝነት የሙያ ስነምግባርን መከተል ነው በተረፈ አለምነህ የፖለቲካ እይታህ የሚገርም ነው እኔ እንደ ግል አንተን የማልከታተልበት ጌዜ የለም በተረፈ የሀማስ ጦርነት ላይ ትንሽ የእስራኤልን አቅም አጉልተህ ትመለከት ነበር የዜና ምንጮችህ ምን ያህል ገለልተኛ ናቸው ይሆና አንተ ታውቀዋለ	0	0	0	0	1	0
amh_train_track1_1011	በትክክል፣ በጣም አሳዛኝ ነው!	0	0	0	1	0	0
amh_train_track1_1012	ኢላን መስክ፤ ከዛከርበግ የሚገጥመው ቡጢ በኤክስ በቀጥታ እንደሚተላለፍ ተናገረ	0	0	0	0	0	0
amh_train_track1_1013	እውነት አልሰማም ብሎ አምሮ ከመታገል በፊት ይኸው የአማራ ሕዝብ መከራ ስቃይ ሆነ እጣው ፋንታው	0	0	0	1	0	0
amh_train_track1_1014	ያለ እውቀት ያለ መረጃ ማውራት ያስገምታል ክፍለ ሐገር በነበረበት ዘመን ሁሉ አሰብ ኤርትራ ክፍለ ሐገር ውሰጥ ነበረች በመነጋገር መጠቀም እንዲቻል ዲፕሎማሲ ዋንኛ ነው በሐይል ያለው አብይ ነው ካልሆነ በሰላም የት ነው የኢሳያስ መንግስት ስለ ጦርነት ያወራው ሚዛናዊ መሆን ጥሩ ነው ጋዜጠኛው ሳላደንቅህ አላልፍም	0	0	0	0	1	0
amh_train_track1_1015	ቆጭጨኝ ልቆጭጭህከሶማሊያ ጋር ግልጽ ጦርነት አውጃችሁ ማለት ነው	1	0	0	0	0	0
amh_train_track1_1016	በቃ ፖለቲካ ሠራችሁ ማለት ነው። ብልጽግና እንደተባለውም የርኩስ መንፈስ የተጠናወተው፤ የሰውን ልጅ ደም ካልገበረ አንድ ቀን እንኳን ማደር የማይችል አደገኛ ስብስብ መሆኑን ከ5 ዓመት	1	1	0	0	0	0
amh_train_track1_1017	ፈሳም ሁላ መቸም ጋፋርሳን በእግርህ አትረግጣም እንኳን አአ የዘመነ መሳፍንት ናፋቅ ሁላ ገደል ጉቡ የአህያ ምላስ  ሁላ መቸም ቢሆን አይሳካላቹም ድል ለብሔር ብሔረሰቦች ልጆች ይሁን ሞት ሀገር ለከዳው የአማራ እህያው ፋኖ እና መሰሎቹ ይሁን ድል ለኢትዮጵያ መከላከያ ሰራዊት ይሁን ፋኖ ፈሳም የትም አይደርስም	1	1	0	0	0	0
amh_train_track1_1018	ኢትዮጵያ ክፍ ብላ እንድናያት መልካም ምኞታችሁና ባቅማችሁ ትብብርም አይለያት አደራ	0	0	0	0	1	0
amh_train_track1_1019	ኢትዮጵያን በሰላም ማስተዳደር በተሳነው ብልጽግና እና በአክራሪዎች ከሞቀ ኑሯችሁ ተፈናቅላችሁ በየጥሻው በየጎዳናው በየመጠለያው ለወደቃችሁ ወገኖቼ እንዲሁም በየቤታችን ላለን መልካም የ	0	1	0	1	0	0
amh_train_track1_1020	እረ ሳሪና ልክ አይደለሽም ።ኢህአዲግ እኮ ምንም ነገር ሰጥቶን ባያቅም ሠላምን ግን ሰጥቶን ነበር ። ድንገት በሆነ ዕድል ሀገረመንግስትጅቱን የመምራት አጋ	1	0	0	0	0	0
amh_train_track1_1021	አማራን መጥላትህን ለማሳየት ሁሌ መከራ ትበላለህ ? ቤተክርስቲያን ለሰው ብለህ የምትሄድ አስመሰልከው አይ የአንድነቱ ኃይል ወገኞች ናችሁኮ	1	1	0	0	0	0
amh_train_track1_1022	ሱብሀንአላህ እሰከ መቼ ይህ አረመኔው አይሁድ አንደዚህ አይነት ጭካኔ በሰው ልጅ ላይ ሲፈፅም በዝምታ ይታያል።	1	0	0	1	0	0
amh_train_track1_1023	ሁለት ማሕፀን ያላት አሜሪካዊቷ እናት በሁለት ቀናት ሁለት ልጆች ወለደች	0	0	0	0	0	1
amh_train_track1_1024	የተሳሳተ ቤት ገብተህ አንዳይሆን? ?	0	0	0	0	0	0
amh_train_track1_1025	ምን ግችግር አለው ብሎ ጥያቄ አለ እንዴ ትእዛዙ እኮ ከእግዚአብሄር ነው አትብሉ ከተባልን እንበላም መብላት የፈለገ ደግሞ ያ የራሱ ምርጫ ነው እንዳሳማ ያገኘውን መብላት ይችላል	1	0	0	0	0	0
amh_train_track1_1026	ድሮ ህወሃት ይመስለኝ ነበር ዘረኛ እና ሰይጣን ግን አሁን ላይ የአብይን አገዛዝ ስመለከት ከመለስ ጋር የሰማይ እና የምድር ልዩነት አላቸው አረ መለስ ይማረኝ ባይሆን አንድን ዘር ባተኮረ አልጨፈጨፈም 😪	0	1	0	1	0	0
amh_train_track1_1027	አለም ምን ያሳዝናል እስራኤል ህፃናትን እንደ ቀላል ነገር አይደል እንዴ እየገደለች ያለው ምናልባት ጭካኔ ሊመስል ይችላል ግን እስራኤል ውስጥ እራሱ ህፃናትን መግደል ቢቻል ደስ ይለኛል ዜጎቿ ህመሙ እንዲገባቸው	1	0	0	1	0	0
amh_train_track1_1028	ሀሊዴይ ምን አባሽ ነዉ የምትይዉ እዳዉም ልጄ ለማለት ዛሬ አጋጣሚዉን አገኘሽ አች ከሌ	1	1	0	0	0	0
amh_train_track1_1029	ከጃዋር የበለጠ እሂ ለውጥ እንዲጨናገፍ ያደረገ አለ እንዴ አሀዳዊ ስርአት መጣ እያለ በሚዲያው በህዝብ ላይ ጦርነት ያወጀው ማን ሆነና ከአባቶቻቸው የሚለው የናንተ የአሸባሪዎች ልቅሶ ግን ገደል ግቡ ቆሻሻዎች	1	1	0	0	0	0
amh_train_track1_1030	በፊሊፒንስ አንድ ዲጄ በቀጥታ ሥርጭት ላይ ሳለ ተገደለ	0	0	0	1	0	0
amh_train_track1_1031	እኔ ከሁሉ ነገር የሚያሳብደኝ አስቀያሚ ሴት ይዤ አስቀያሚ ነገር ስትሠራ ነው የእንግሊዝ ንጉሥ ቻርለስ ሚስቱ ፈታው ተደብቃ ከዐረብ ጋር ስትሸረሙጥ ሁለቱም በመኪና አደጋ ሞቱ ደሙ	1	0	0	0	0	0
amh_train_track1_1032	የኢትዮጵያ ፖለቲካ ስረ መሰረቱ ይሄው ነው! በአማራ ህዝብ ፍላጎት ተቃርኖ ላይ የቆመ ነው። ወያኔና ኦነግ ሆነው በ 34 አመታት የተገለፀ መከራ ህዝባችን ላይ ወርዷል! ዛሬ የሁለ	1	1	0	0	0	0
amh_train_track1_1033	ብስል የመሆን አላለም 😂😂😂 ምድረ ጥሬ	1	1	0	0	0	0
amh_train_track1_1034	ኦሮሞዎች የሰው ስጋ የሚበሉ ማለት ናቸው ግማሾቹ በከተማ ያርዳሉ ይደፍራሉ ይሰውራሉ ጫካ ያሉት ደግሞ ንፁሃንን እርጉዝ ሴት ሆድ ይቀዳሉ ያቃጥላሉ በአሜሪካም በእንግሊዝም በካናዳም ያሉ ኦሮሞዎች በጠቅላላ ሊባረሩ ነው ምክንያቱም የሰው ስጋ የሚበሉ ናቸው በውጭም ያሉት በወንጀል የተጨማለቁ ናቸው 	1	1	0	0	0	0
amh_train_track1_1035	ምርጥ ተተተኪ የለለለሽ ደንቆሮ እኮ ነሽ ሮቶ አፍ	0	1	0	0	0	0
amh_train_track1_1036	በባልደራስ ላይ ያለኝ ቅሬታ ይህ ነው። አዲስ አበቤ በአማራነቱ እንዳይደራጅ እንቅፋት ፈጥሯል ብዬ ሁሌ አስባለሁ። አሁንም አልረፈደም! AmharaRevolution	0	0	0	1	0	0
amh_train_track1_1037	ቂርቆስ ክከተማ እራሱ ከግለሰቡ የበለጠ አጭበርባሪ አይደል እንዴ አብሶ እራሱ ወረዳ 02 ግለሰቡ ከነሱ የተማረውን ነው ክብርት ከንቲባዋ አዳነች ለአቅመ ደካሞች ሰጠሁ የሚሉት የነቀበሌ ቤቶች ቁልፍ  ስንት ምስኪን አስለቅሶ ጉቦ የተከፈለበት እንደሆነ አያውቁም እንዴ	1	1	0	0	0	0
amh_train_track1_1038	ሌባ ባንተ ልክ ያግበሰበሰና ሰው ያፈናቀለ ማን አለ? ሁሌም ጭንቅ ሲመጣባችሁ አገር አገር እንደምትሉ ተባኖባችኋል	1	1	0	0	0	0
amh_train_track1_1039	ሀብትሽ ቀጣይ ዉድድር መልካም እድል እንዲገጥምህ እመኛለሁ በርታ	0	0	0	0	1	0
amh_train_track1_1040	ኢትዮጵያ በሃሩ የኔ ነው ብላ ከአመነች መውሰድ ነው በቃ የምን ፈራ ተባ ያለበለዚያ አፈቹን ዝጉ	1	1	0	0	0	0
amh_train_track1_1041	እንደ እሳት በተንቦገቦገው የኑሮ ውድነትና የምጣኔ ሃብት ቀውስ በቀጣይ ቀናቶች ከፍተኛ የሆነ ህዝባዊ አመፅና ትርምስ በአዲስ አበባ እንዳሁም በክልል ከተሞች ሊከሰት ይችላል ተባለ	0	0	1	0	0	0
amh_train_track1_1042	አይዞሽ ኤሄንንን አስታሳሴብ ይዜሺ ፈጣሪም አይጢልሺም እትዮጲያ ህዚብ ያግዚሻል ያሁሉ በደል ተበዲሌሺ አሁንም ለእናትሺ ያሎዉ ፊቅሪ ጌሪሞኛል	0	0	0	1	0	1
amh_train_track1_1043	አዎ አስፈሪ ሀገር በመፍጠር ያንቺ አይነቱ የተባበረበት ስራ ነው።	1	0	0	0	0	0
amh_train_track1_1044	ስለ አዲሶቹ ተሿሚዎች አቶ ተመስገን እና ዲፕሎማቱ አምባሳደር ታዬ የምናውቀው	0	0	0	0	0	0
amh_train_track1_1045	ሳይቅም ያለማቋረጥ ቀውስ በቀውስ ያደረግን ቢቅምማ ምን ይውጠን ነበር ?	0	0	0	0	0	0
amh_train_track1_1046	ፌስቡክ ላይ ሰዎች ራሳቸውን ሊያጠፉ እንደሚችሉ የሚጠቁም ‘ፖስት’ ስናይ ምን እናድርግ?	0	0	0	0	0	0
amh_train_track1_1047	መልሱ ቀላል ነው ከተማ ገብታችሁ ሱቆች ስለምትዘርፉ ሴቶች ስለምትደፍሩ ያልታጠቁ ንጽሃንን በየመንገዱ ስለምትረሽኑ ሰብሎችን እየለኮሳችሁ ስለምታቃጥሉ ነው የዲያቢሎስ ስራችሁን የመንግስት የሰብዓዊ ኮሚሽን ራሱ ያረጋገጠው ነው ክፉና የወንበዴ ስራችሁን በፋናና በኢቲቪ ውሸት መሸፈንና በደም ኡተጨማለቀ እጃችሁን ማጠብ አትችሉም ህዝብ እውነተኛ ማንነታችሁንና ለህዝብ ሳይሆን ለአንድ አምባገነን ሰው እንደወገናችሁ አይቷል ህገመንግስቱን ጥሳችሁ ድንበር	1	1	0	0	0	0
amh_train_track1_1048	የባንዳነት ኩራት ዘር ከልጓም ይስባል ማለት ይሄ ነው።	0	1	0	0	0	0
amh_train_track1_1049	በእኛ ህዝብ ይላል ጀዋር የኛ ህዝብ የሚለው የኦሮሞን ለማለት ነው የገረመኝ ይህ አንጋፋ ጋዜጠኛ እንደጀዋር ያሉትን ብሄርተኛችን  ቃለመጠይቅ ለማድረግ ኬንያ ድረስ ፍለጋሽመሄዱ ነውውርደት ነው ሀገራችንን ለዚህ ሁሉ ችግር ያደረሱንን ብሄርተኞች ምን ኬንያ ድረስ አደከመህ  አዲስ አበባ  ነፍ ናችው በጣም ነው ይህን ጋዜጠኛ ቁልቀል የዘገጥው	1	1	0	0	0	0
amh_train_track1_1050	አማራ ገድዮ ጉራጌ ኮሬ etc ቆይ እስከመቼ ነው ከየኦሮሙማ ጭቆና እፎይታ የምናገኘው?	1	1	0	0	0	0
amh_train_track1_1051	አንተ ንፍጥ ጭንቅላት ደንቆሮ ማንበብ ሳትችል የሠፈር ወያላ	0	1	0	0	0	0
amh_train_track1_1052	ሁላችንም ማፈር ነው ያለብን ሃይማኖት ዘር የለውም አበቃ ሰው እንዴት በገዛ ሀገሩ በእርስቱ ባይተዋር ስደተኛ ይሆናል ሙስሊም ነኝ ካልክ ዘር ብሎ ነገር የለም ክርስቲያን ነኝ ካልክ ዘ	1	0	0	1	0	0
amh_train_track1_1053	ድል ለፍልስጤም የምትሉ ሙስሊሞች ለማልቀስ ትንሽ ቀን ነው የሚቀራችሁ ግን ግን ጦርነት ለማንም አይበጅም ሰላም ለሁሉም	0	1	0	0	0	0
amh_train_track1_1054	ዋሸሁ እንዴ፤ አይደለም እንዴ? ህወሀት ቢሆኑ ኖሮ ይፈቱ ነበር፥ እንደ ስብሀት ነጋ አማራን ኦርቶዶክስን አከርካሪውን መታን ቢሉ ይከበሩ ነበር እንደ ጌች ህዝብን አጋንንት ቢሉ	1	1	0	0	0	0
amh_train_track1_1055	ኢትዮጵያዊት ተፈጥሮአዊ ህግጋት መሻራቸው ትክክል ከስህተት እምነት ከክህደት ክፋት ከደግነት መገለባበጡ እቺን ልጅ መስማት በቂ ነው በራስ መተማመንዋን ግን ሳላደንቅ አላልፍም።	0	0	0	0	1	0
amh_train_track1_1056	ዝም አትያቸዉም! በቆሎ እሸቱን ከነቆረቆንዳዉ ወቅጠዉ ሚበሉ ሰዎች ናቸዉኮ አማራ ጠላን ብቻ ሳይሆን ሁሉንም ነገር ያስተማረ ድንቅ ህዝብ ነዉ	1	0	0	0	0	0
amh_train_track1_1057	ለውጥ መጣ ከተባለበት ጊዜ ጀምሮ አላባራ ያለው የአማራ ሞት የጠነሰሰው ማን ሆነና ነው ይህንን ሰው በላ የምታቀርቡትደግሞ ምን ቀርቶት ይሆን	1	1	0	0	0	0
amh_train_track1_1058	ጀዋር ትለያለህ ብዙ የተናገርከው ሁሉ ሆነዋል ጥሩ ተንታኝ ነህ አልሰማ ብለው ይሄው እያየነው ነው	0	0	0	0	1	0
amh_train_track1_1059	እንኳን ፕራንክ ሆነ ያለችው አማርኛ አንጀቴን በላው በጣም ትወደዋለች ፕራንኩ በጣም ከባድ ነው	0	0	0	1	0	0
amh_train_track1_1060	አዲስ አበባ፣ የካቲት 3፣ 2015 (ኤፍ ቢ ሲ) ትናንት ምሽት ባጋጠሙ ሁለት የእሳት አደጋዎች በንብረት ላይ ጉዳት መድረሱን የእሳትና አደጋ ስጋት ስራ አመራር ኮሚሽን አስታወቀ፡፡	0	0	0	1	0	0
amh_train_track1_1061	ጠንካራ የተባለ የወታደር እርምጃ የላትም ንፁሀን መግደል እንድህ ያስብላልደ ሀማስን እርምጃ ብትወስድበት እቀበልህ ነበር በህዝቡ ጥቆማ ከዋሻ እየወጣ መምታት የቻለው ሀማስ ብቻ ነው እስራኢል በጦርነቱ ውጤት የላትም	1	0	0	0	0	0
amh_train_track1_1062	ከ2020 ጀምሮ የሚሰማው ዜና ራስ እሚያዞር ለመስማት እሚዘገንን ድንገት ሞት ጦርነት ኮሮና ድህነት መፈናቀል ጭካኔ አንዳንድ ጊዜ ሳስበው የአለም መጨረሻ እየመሰለኝ ነው	1	0	0	1	0	0
amh_train_track1_1063	እግዚአብሔርን መፍራት ዘመንን ታረዝማለች፤ የኀጥኣን ዕድሜ ግን ታጥራለች። ምሳሌ 10፥27	0	0	0	0	0	0
amh_train_track1_1064	የፌስቡክ ባለቤት ዛከርበርግ፤ ኢላን እንቧቀስ ያለው “የምሩን አይደለም” ሲል ወቀሰ	0	0	0	0	0	0
amh_train_track1_1065	እነዚህ እህትማማማቾች ወንድማቸዉን የመግደል ወንጀል መፈፀማቸዉ ከተረጋገጠባቸዉ የእስራት ቅጣት ብቻ በቂ አይደለም። በስቅላት ሞት መቀጣት አለባቸ።	1	0	0	0	0	0
amh_train_track1_1066	በየቦታው የጦር ፍርድ ቤት አቋቁመህ እየፈረድክበት መንፋት ነው	1	1	0	0	0	0
amh_train_track1_1067	የፍሬንድስ ፊልም ተዋናዮች በማቲው ፔሪ ሞት ልባችን ተሰብሯል አሉ	0	0	0	1	0	0
amh_train_track1_1068	🇵🇸🇵🇸❤️❤️❤️🇵🇸🇵🇸🇵🇸🇵🇸🇵🇸🇵🇸🇵🇸🇵🇸❤️❤️❤️❤️❤️🇵🇸🇵🇸🇵🇸🇵🇸🇵🇸❤️❤️❤️🇵🇸🇵🇸❤️❤️❤️🇵🇸 🇵🇸🇵🇸❤️❤️❤️🇵🇸❤️ እስራኤል ሕጰናትን ስትጨፈጭፍ አሸባሪ አያስብልም አሸባሪ እናተናችሁ	1	1	0	0	0	0
amh_train_track1_1069	ማስረጃው ያኔ ህውሀቶች ወታደሮቻችንን ሲያጠቁ የአማራ ልዩ ሀይል ፋኖና ሽፍታዎች ጭምር ወደ ጦርነቱ መግባትና አሁን ያለው ችግር ነው። እርግጥ ነው የኤርትራ	1	0	0	0	0	0
amh_train_track1_1070	አብይ አህመድ ለስልጣኔ ስጋት ነው ብሎ የሚያስበውን አባሮታል። በስራ አፈጻጸም ቢሆን ኖሮ ታከለ ከሌሎች ሚንስትሮች ቢልቅ እንጅ አያንስም ነበር። አሽቃባጭዋ	1	1	0	0	0	0
amh_train_track1_1071	እኔ የቀልዴነው ሰርዘኝ አተ ንፍጥ ጭቅላት ማዳም ስጮህብኝ ነው ለመደበሪያ የምመጣው ሆ	0	1	0	0	0	0
amh_train_track1_1072	አንተ ማን መሆኑን ያወከው ጠንቋይ ቀላቢ ስለሆንክ ነው የእርሱን ማንነት ለማወቅ ወይም ሳይቲስት መሆን አይጠበቅብንም ንግግሩንና ተግባሩን ማየት ማመን ብቻ ነው በእናንተ በዘረኝነት በጥላቻ በጨቀየ ጭንቅላት የእርሰን ቻመጥፎነት ሰባካ ለራስህና ለመሰሎችህ መልሰህ መላልሰህ ንገረው አብይ ሰው ነው ሲቀጥል በታሪክ አጋጣሚ የኢትዮጲያ መሪ ሆኖል ለዛውም ህዝብ በሚገባ መርጦት ካልተስማማው ህዝብ ይጥለዋል አከተመ ሃቁ ይሄ ነው ቢመርህም ተጋተው 	1	1	0	0	0	0
amh_train_track1_1073	ኦሮሞን በደንብ ትፈጥራላችሁ አዎመፍራትም አለባችሁ	0	1	0	0	0	0
amh_train_track1_1074	ከባድ ነዉ እግዚአብሔር የሟቹን ሞት የማይወድ አምላክ ለሁሉም ንፁሃን ይድረስላቸዉ በርግጥ ሃማስ የተባለ አሸባሪ ዋጋ መክፈል አለበት ዳግም ይሄን መሰል ተግባር ወደማይፈፅምበት ደረጃ ላይ ማድረስ ያስፈልጋል ንፁሃን ህፃናት ግን ያሳዝናሉ	0	0	0	1	0	0
amh_train_track1_1075	በኢየሩሳሌም የነገሠው፣ የዳዊት ልጅ፣ የሰባኪው ቃል፤ ሰባኪው፣ “ከንቱ፣ ከንቱ፣ የከንቱ ከንቱ፤ ሁሉም ነገር ከንቱ ነው” ይላል። ከፀሓይ በታች ከሚለፋበት ተግባር ሁሉ፣ ሰው ምን ትርፍ ያገኛል? ትውልድ ይሄዳል፤ ትውልድ ይመጣል፤ ምድር ግን ለዘላለም ጸንታ ትኖራለች። ፀሓይ ትወጣለች፤ ትጠልቃለችም፤ ወደምትወጣበትም ለመመመለስ ትጣደፋለች። ነፋስ ወደ ደቡብ ይነፍሳል፤ ወደ ሰሜንም ይመለሳል፤ ዞሮ ዞሮ ይሄዳል፤ ዘወትርም ወደ ዑደቱ ይመለሳል። ወ	0	0	0	0	0	0
amh_train_track1_1076	የኦሮሞው መንግስት ለምን አማራውን መምታት ፈለገ? ከአቶ ግርማ የሺጥላ ሞት ጋር ተያይዞ የጸጥታና ደህንነት የጋራ ግብረ ኃይል ሰሞኑን	0	1	0	0	0	0
amh_train_track1_1077	መንግሰት እነኚህን የግል ሚዲያዎች አሠራራቸዉን መፈተሽ አለበት ዛሬ የመንግሰት ኮሚኒኬሽን መሥራቤት በርካታ የአማራ ክልል ከጦርነት ቀጠና ነት ወደ ሠላማቸዉ እየተመለሱ ነዉ እጅግ በጣም ጥቂት አካባቢዎች ላይ እሱም ወደ በርሀዉ አካባቢ መሆኑንና እሱንም የማሰተካከል ሥራ እየሠራ መሆኑን ዛሬ መግለጫ እየሠጠ ባለበት ሠአት የአባይ ሚዲያ ዜና ደግሞ በክልሉ ጦርነቱ ተባብሶ ቀጥሏል የሚል የዘገባ ዜና ሠርቷል እነኚህ የግል ሚዲያዎች ላይ ክትትል ቁጥ	1	0	0	0	0	0
amh_train_track1_1078	እና በምን እጦት ነዉ እዳዋን የማከፍለዉ ኢቶቢያ ዶላሩን ቆጣሪዶላሩን መሳሪያገዝቶበታል አማራን ለመግደል ይሄ ጨካኝ አረመኔ ጪራቅ አብይ አላህ አሳብዶ ይዳዉ ሞትም አይደለ	1	1	0	0	0	0
amh_train_track1_1079	ወገንስ አላችህ በኢትዮጵያ አንድ ሀገር አንድ ኦርቶዶክስ ሀይማኖት አንድ ቆንቃ አሱም አማርኛ ስልጣኑም የአማራ አንዲሆን ሁሉ ነገርክ የምትሰጥ የጋዜጠኛ ፖለቲከኛ ነክ በትግራይ ጦርነት አብይ ደግፈክ ቁመክ ነበር ላደረከው ጥፋትም ይቅርታ አልጠየክም አሁን ስለፍልስጤም አስራኤል ሞት ያሳዝናል ብትሉ ከልብ ሳይሆን ቢዝነስ ነው ለተጋሩ ኢትዮጵያን ሳታዝኑ ሌላ ማ ሰብአዊነት ሊሰማችህ አይችሉም የጋዜጠኛ መርህም አናንተ የለም	1	1	0	0	0	0
amh_train_track1_1080	አይ የመሀይማን ጥርቅም እናንተም ብሎ አዋቂ ሙስሊም ሆኖ ሀቅ ቢያወራ ጥፋት ነው ኦርቶ ከሆነ ግን ሰውንም ቢገድል ፃዲቅ ነው ፡፡፡ወይ ሀገር!!!	1	1	0	0	0	0
amh_train_track1_1081	የትግራይ የኢትዮጵያ እና ኦርቶዶክስ ጠላቶች መቼም ይቅር አይባሉም ከትግራይ የመጡ ዘረኛ አረመኔዎች ዋጋቸውን አግኝተዋል ግን ለኛ የዘሩት መርዝ ለራሳቸውም ተርፏል	1	1	0	0	0	0
amh_train_track1_1082	እንዲህ ዓይነት አባባልም አገር ያፈርሳል ።ጥያቄያችን መሆን ያለበት ለአገር ስጋት የሆኑ ኃይሎች ቅድሚያ ትጥቅ ይፍቱ ነው ።ተዋጋ ተዋደቅ አገር ያፈርሳል ከዚህ ዓይነት አስተሳሰብ እንውጣ ።	1	0	0	0	0	0
amh_train_track1_1083	ሂትለሩ አበይ እና ተከታይ ባንዳወች ወደ ማይቀረዉ ሲኦል መሸኘታችሁ የማይቀር ነዉየማይነካዉን የተኛዉን አንበሳ ነካክተህ ነካክተህ የትም አታመልጥምንፁሀንን በማንነታቸዉ ጨፍጭፈህ የዘር ማፅዳት ፈፅመህ አፍነህ በአሰቃቂ ሁኔታ እንደ እስሳት እያረድክ እየዘረፍክ እያሰርክ አርሶ እንዳይበላ አዝመራዉን እያወደምክ ከብቶችን በጅምላ እየገደልክ የቻልከዉን እንደ አዉሬወች ዘርፈህ እየበላህ የሰዉ ልጅ የማይፈፅመዉን ዘግናኝ ሰይጣናዊ ስራ እየሰራህ ማን ቆ	1	1	0	0	0	0
amh_train_track1_1084	አይ መንግስት ከስንቱ አጣላቹን እኮ እሌኒን ምን ስትሉ ነበር ከዚህ በኋላ እናንተ አሸባሪ ያላቹትን ህዝቡ በተቃራኒው ወዳጄ ነው ማለት ያለበት እምነት ተስፋ ደና ስራ የላቹም	1	0	0	1	0	0
amh_train_track1_1085	አምላክ ስለ ሰው ፍቅር ከመላእክት እንኳን ሳይቀር ማነሱን፥ እነርሱ እንኳን በባህሪያቸው የሌለባቸውን መራብ እና መጠማት እንዲሁም መታመም ገንዘብ አድርጎ፥ በሁሉ የመላ ሆኖ ሳለ	0	0	0	1	0	0
amh_train_track1_1086	ምነው ስድቡ ቀደመ አሳብ ሳይኖርህ የእውቀት ድርቅ እና ጭንቀት ሲመጣ እንደዚህ ነው ለማንኛውም ጥፍራም ከሆንህ ደውልልኝ	0	1	0	0	0	0
amh_train_track1_1087	ትመቸኛለህ ግን በጣም ኦሮሞን የሚዉድ ዘረኛ ነው	0	1	0	0	0	0
amh_train_track1_1088	ሞት ሚስጥር ነው ድንገት ነው ከች የሚለው ያለ ቀጠሮ እኛ ብዙ እናልማለን ብዙ እናቅዳለን ብዙ እናስባለን ሞት ግን ሁሌም ከጎናችን ነው ድንገት ከች ይልና ወደ ሌላኛው ዓለም እንጓዛለ	0	0	1	0	0	0
amh_train_track1_1089	በእርግጥም ሂትለር አርቆ አሳቢ እንጂ ጨካኝ አልነበረም !!!	0	0	0	0	0	0
amh_train_track1_1090	ለረጅም ግዜ ቆየሁኝ አለ ከዛ 5 ደቂቃ አለ አይ እድሌ በርግጥ የሰውልጅ ሞት ያሳዝናል ያማል ነገር ግን አተ ተከበብኩኝ ብለህ ጥቅምት 12 ቀን 2012 አመተ ምህረት ያስገደልካቸው 84 አተ ያስገደልካቸው ሕፃናት አዛውንት እርጉዞች የነሱ ሞቶ እደሞት አይቆጠርም አይደል እእ አተ አስመሳይ ጋዜጠኛው አስመሳይ አተ አስመሳይ ናችው ሆሆ	1	1	0	0	0	0
amh_train_track1_1091	እግዚኦ ማረነ ክርስቶስ የፈጣሪ ያለህ እናት ምነው በልጇ የዚህን ያክል ጭካኔ አረ ኡኡኡ አቤት ጥንካሬሽ	0	0	0	1	0	0
amh_train_track1_1092	“ኢትዮጵያ ከሶማሊያ ጋር የመዋጋት ፍላጎት የላትም” ጠቅላይ ሚኒስትር ዐቢይ	0	0	0	0	0	0
amh_train_track1_1093	አሜን የፃዲቁ በረከትና ሬድኤት ከሀገራችንና ህዝባችን ጋር ይሁን መልካም ቀን	0	0	0	0	1	0
amh_train_track1_1094	ጃዋር የሰጠውን ትንታኔ ሳዳምጥ በጣም ነው የገረመኝ ለካ እድሜ የማያስተምረው የለም የህ አቋሙ ከልቡ ከሆነ አሁንም ለአገራችን አሌረፈደም ፖለቲከኞቹ ተቀራርበው ችግራቸውን በውይይት የሚፈቱ ከሆነ ህዝቡ ሰላማዊና ያለስጋት ሰርቶ ለመኖር የሚፈልግ ነው እናም ቃሉን የሚኖር ያድርገው	0	0	0	0	1	1
amh_train_track1_1095	ይሄ ሙዚቃዊ ሳይሆን ስሜታዊ ንፅፅር ነው የ Musical excellence comparison ካነሳን ደሞ ካስማሰን ከሁለቱ የተሻለ የሚያደርገው ነጥብ አይታየኝም	1	0	0	0	0	0
amh_train_track1_1096	ባይደን የግብፁን አል ሲሲ የሜክሲኮ ፕሬዝዳንት ማለታቸው መነጋገሪያ ሆነ	0	0	0	0	0	0
amh_train_track1_1097	እራሱ በድል እራሱ አለቀሰ ሲጀመር ሃገሪቷ ለአድዋ ጦርነት ያስገባት እራሱ ፈርሞ	0	1	0	0	0	0
amh_train_track1_1098	ወገን ስትፅፉ ተጠንቀቁ በመጀመሪያ ይህ መንግሥት በብቸኝነት የሚጠቀምበት ሚዲያ ነው ስለዚህ የመንግሥት ደጋፊዎች የሚያንፀባርቁት ሀሳብ ነው አብዛኞቹ ነፃ ሀሳብ የሚያራምዱ ሚዲያዎች ተዘግተው ጋዜጠኞች ህዝብ ተወካዮች ታስረዋል ስለዚህ በሀገር ያለውን ዋና ጉዳይ የህዝብ በደል ረሀብ ጥፋት ሳይናገሩ ትኩረት ለማስቀየር በየጊዜው አጀንዳ የሚፈጥር ስለሆነ ብዙ ትኩረት አይስጡት	1	0	0	0	0	0
amh_train_track1_1099	ድል ለፅዮናዊታ ሀገረ ለእስራኤላውያን ሞት ለጅሀዲስቶች 	0	1	0	0	0	0
amh_train_track1_1100	EBC post beragew news የታዘብኩት ነገር ቢኖር እና አሜ*ስን የተጠራቀመ ጥላቻ ና መርዛቸውን እየተፏ ነወ።	0	1	0	0	0	0
amh_train_track1_1101	የነውረኛው እና የወንበዴው የአብይ አህመድ ቡድን በጋዜጠኛ ገነት አስማማው ላይ የፈጸመው እጅግ አሳዛኝ ድርጊት ከቢሮዋ ሲወስዷት በስልክ የተቀዳ የድምጽ ቅጂ 	0	1	0	1	0	0
amh_train_track1_1102	 እግዚአብሔር ምህረቱን ያውርድልሽ እንደዚህ አይነት ጥላቻ ያአይምሮ በሽታ ነው ከምሬ ነው	1	0	0	1	0	0
amh_train_track1_1103	እስሬኤል ኢየሰስ የተፈጠረበት አገር ናት አሰልፎ አይሰጠትም ።	0	0	0	0	0	0
amh_train_track1_1104	አማራ ቀጥሎ መጣ እንጂ ሰሜን እዝ ከTPLF ጋር የወገነው ሳይጨምር ሲደመሰስ ኤርትራ ባይደርስ ምን ይኮን ነበር። ለኤርትራምኮ ስጋት ስለ ነበረ ው። እውነት አይደለም?ግን ይሁዳ ምን አገባህ?	1	1	0	0	0	0
amh_train_track1_1105	በመላው ዓለም አሳሳቢ እየሆነ ስለመጣው ኩፍኝ ሊያውቋቸው የሚገቡ ነጥቦች	0	0	0	0	0	0
amh_train_track1_1106	እግዚአብሔር ቸሩ አምላክ ለሀገራችን ሰላም ይስጥልን አሁን ኮ ኢትዮጵያ ውስጥ ያለው የእርስ በእርስ ጦርነት የኦርቶዶክሳዊያን ሞት በኀጢአታችን ምክንያት የመጣብን ነው ንስሐ ገብተን እንጻእንጸልይእናልቅስ	0	0	0	1	0	0
amh_train_track1_1107	1///ኮንደም አላውቅም መባሉ ውሸት 2ተ///ልጅ ውልዶ እንደዝ ሰራ እብደት ነው ፍራንክ ብሆን ውሸት በዛ ግነ ///ሸፎርና ኮንዶሞ አብሮ መካይድ ነው	0	1	0	0	0	0
amh_train_track1_1108	እኛ እንደ ወያኔ እንደ ሳሙና በ አንድ ቅርጽ አልተሰራንም! በገበራችሁት ዘግናኝ የህይወት መስዋትነት መቃብር ላይ ቆማችሁ	1	1	0	0	0	0
amh_train_track1_1109	በጣም የሚገርም ፓስተር ቢኒያም እግዚአብሄር ይስጥህ በእውነቱ አቶ ሶፎንያስ ምነው አንተ ማስታረቅ ወይም አንተ ፃድቅ ሁነህ ለሰው ፀልየህ ማዳን ከቻልክ የአምላክ እናት ንፅህይት ቅድስት የሆነችዋን እንዲያው ያማችኋል ስሟ ሲነሳ	0	0	0	0	0	1
amh_train_track1_1110	አሜን አሜን እሺ መልካም ቀን ለሁላችንም	0	0	0	0	1	0
amh_train_track1_1111	ዛሬ በጣም የገረመኝ ደረጀ የሚባል የ ዮቲዩብ ጋዜጠኛ የአቶ ታዬ መታሰር ለኛ በጣም ጥሩ ነዉ ብሎ ሲዘግብ እሱ ከልጆቹ ጋር ሆኖ ልጆቹን አቅፎ እያደረ ልጆቹን ትምህርት ቤት እያደረሰ የታየ መታሰር በጣም ጠቃሚ ነዉ ብሎ ሲዘግብ በአይነ ሐሊናው የታየ ልጆች ይታዪት ይሆን አቤት ሕሊናቢስነት መሆን	1	0	0	1	0	0
amh_train_track1_1112	ሳምሪየ የኔ ጨዋ እግዚአብሔር ይባርካቹ የእናትን ደስታ ማየት ደስ ይላል	0	0	0	0	1	0
amh_train_track1_1113	ታዋቂው ካርቱኒስት ኔታንያሁን በጋዛ ላይ በሚያሳየው ካርቱን ምክንያት ከሥራው ተባረረ	0	0	0	0	0	0
amh_train_track1_1114	ሸኔ ወለጋም ተንቀሳቀሰ ሸዋ ከመንግስት ጋር ሳይሆን ፀቡ ህዝብን መግደል ማረድ ማገት ነው ሼኔ የዳቦ ስም እራሱ ብልፅግና ነው	1	1	0	0	0	0
amh_train_track1_1115	በረራ ላይ ሳለ ካፕቴኑን በሽጉጥ እመታለሁ ሲል የዛተው አሜሪካዊ አብራሪ ተከሰሰ	0	0	0	0	0	0
amh_train_track1_1116	ዓለም አቀፉ የስደተኞች ተቋም ፈቃደኛ ኢትዮጵያዊያንን ከየመን ወደ አዲስ አበባ ማምጣት ጀመረ	0	0	0	0	0	0
amh_train_track1_1117	ስላንተ አላወራም አንተ ጀግና ሰው ነክ የጨነቀለታ ድረስልን ያሉህክ ስምክ ይናገራል ጠላት የሚፈራክ የጤንነት ጉዳይ ትንሽ ቢያስቸግርክ ድንገት እንኳን ብታልፍ ፈጣሪ ከጠራክ ታሪክክ ይፃፋል ይዘከራል ገድልክ	0	0	0	0	1	0
amh_train_track1_1118	የ ዘግናኝ ሌክቸሮች ያላዛጉት የህብረተሰብ ክፍል ይገኛልን?	0	1	0	0	0	0
amh_train_track1_1119	ድሮስ መናፍቅ እኮ አመሉ ነው ስሞ ያቃጥለዋል ለኛ ግን ሰላማችን ነው	0	1	0	0	0	0
amh_train_track1_1120	ጅማ የጅማ ፖሊስ አቦ ይመቻችሁ አኮራችሁኝ? ፖሊስ እንዲህ ከህዝቡ ጎን ሲሆን ደስ ይላል። ሌላውም የኦሮሚያ ክፍል የምትገኙ የህግ አካላት የ ጎ ጃ ሙን ጠምጣሚ አጋንንት ቀ	0	0	0	0	1	0
amh_train_track1_1121	አረ ምን መዋጋት ያስፈልጋል ተዋግተን ያተረፍነው እልቂት ስደት መከራ ቂም ጥላቻ ነው ያ መንገድ ስላላዋጣን ሌላ የፍቅር የሰላም የመከባበር የሥራ ጎዳናውን እን	1	0	0	1	0	0
amh_train_track1_1122	እንደሰው ስታወራ ለናንተ የማይጠረቃ የስልጣን ሱስ 1 ሚሊዮን ወገን ቅርጥፍ ካደረግክ በኋላ ሞት ወደናንተ ስትቀርብ በአቦ በስላሴ ብለህ ወደ እርቅ የገባህ ራስ ወዳድ አትመስልም!	1	1	0	0	0	0
amh_train_track1_1123	ይሄ ሰውዬ የሚያሳየው ባህሪ ከ666 ወጣ ያለ ነው። ድንገት 6667 ይሆን?	0	1	0	0	0	0
amh_train_track1_1124	You will never walk alone ብቻህን አትሄድም 120 ሚሊዮን ሕዝብ ከጎንህ ነው። የክፍለ ዘመናችን ታላቅ እና ድንቅ መሪያችን!	0	0	0	0	1	0
amh_train_track1_1125	እንቅፋቱን ለመጠራረግና ወደ ዋና ትኩረቱ ለመመለስ ጦርነት ውስጥ ገብቷል።አሁን ሳይወድ በግድ ጦርነት ውስጥ የከተተውን ዳግም የሐገራችን ስጋት በማይሆንበት ሁኔታ ላይ ነው ቀጣዩ ይህን	1	0	0	0	0	0
amh_train_track1_1126	ኘራንኩ ለሚስትህ የሚመጥን አይደለም በጣም ጨዋና የተባረከች ሚስት ከሚያምር ልጅ ጋር እያለህ ሚያስነውርና አስተማሪ ያልሆነ የህጻን ጨዋታ... ብቻ ይቅርታ አድርግልኝና ይኸ አይነት ጨዋታ ልብ ይሰብራልና ብትማርበትና ባትደግመው እላለሁ።	0	0	0	1	0	0
amh_train_track1_1127	ስፅሁፍ ሳይሆን Live እየዋሽ ስላየሁት ብቻ አስጠላኝ እንጂ ህገመንግስትም የፃፍ ሰዎች አሉ ። እና ምንም የሚገርም ነገር የለም ። ትዝብቴ ግን ብዙ ሰዉ አያነብ	0	0	0	0	0	1
amh_train_track1_1128	በቃ በፖለቲከኞች ምክንያት ንፁሃን ሰዋች ሲሞቱ ሲሰቃዩ ማየት እንዴት ያማል ልብ ይሰብራል 	0	0	0	1	0	0
amh_train_track1_1129	አርሶአደሩ ከዚህ አፋኝ ጨቋኝ አስርበህ ግዛ ከሚል የኦነግ መሪ ለመላቀቅ ታጥቀህ ተነስ ነፃነትክን አስከብር	1	1	0	0	0	0
amh_train_track1_1130	ድል ለእስራኤል ለፍልስጤም የምትሉ ቆሻሾች አሁን እንኳን የማትነቁ ጌታ ሆይ ይቅር በለን ምን አይነት መዝቀጥ ነው ሰው ናቸው እኮ ሁለቱም የሞቱት ህፃናት ህዝቡን አታዩም ባለጌዎች አስቀያሚ ዎች እግዚአብሔር ይፍረድባቹ ነታባታቹ ታቋቸዋላቹ ድድድብና ነው እንጂ ሀገራቹ ዞር ብላቹ እዩ	1	1	0	0	0	0
amh_train_track1_1131	የኢትዮጵያ ስጋት (ስጋት ከተባለ) እግዚአብሔርን የሚያውቅ የሚያመልክ የመሰለ ነገር ግን ጣኦት አምላኪ ሐይማኖተኛ ነው።	0	1	0	0	0	0
amh_train_track1_1132	በዛ ዘግናኝ ጦርነት የኔ የሚላቸዉ ኦሮሞዎች እንኳን ለዛ ጩልሌ ሰዉየ ሂድ አፍንጫህን ላስ ብለዉታል። እናንተ ግን እንዲህ አሽቀንጥሮ ሊጥ	1	1	0	0	0	0
amh_train_track1_1133	ፍርሃት ጭንቀት ምጥ ያሲያዛቸው የኦሮሞ ብልጽግናዎች የሚይዙትን የሚጨብጡትን ያጡት፣ መሪ አልባውን አማራ ማለቂያ ባጣው ጭፍጨፋ ንብረት ማውደም ማፈናቀል ማጎሳቆልና ማንገላታት ስለአላረ	1	1	0	1	0	0
amh_train_track1_1134	መርከብዋ ለምን ኤርትራ እንደገባች ባላውቅም እንካ ለኔ እንደ ኤርትራዊ የእናቴን መርዶ ማለት ሞት እንደተነገረው ሰው ነው ልቤ የደረቀ ምክንያቱም ኤርትራ ከኢትዮጵያ ምንም ኣይነት ግንኝነት እንዲኖራት ስለማይፈልግ	1	0	1	0	0	0
amh_train_track1_1135	የሚያሳዝነው ተጠያቂው ገንዘብ የሚያገኝበት ከመሰለው መገለባበጥና ማስመሰል ማወረድ ልማዱ ነው ጠያቂው ይህን ግለሰብ ማቅረቡ የሚገርም ብቻ ሳይሆን ለወጣቶች ክህደትና ውሸት ማስተማሪያ መሆኑ ያሳዝናል።	0	0	0	1	0	0
amh_train_track1_1136	ትኩረት ቢሰጥ ወይም ቢታሰብበት መልካም ነው! ኑሮ ውድነቱን መቋቋም አልቻልንም ።	0	0	0	1	0	0
amh_train_track1_1137	ግብፅ ከአፍሪካ ዋንጫ ውድድር ውጪ ሆነች	0	0	0	0	0	0
amh_train_track1_1138	የዩቱብ ሽቀላ ሲቀንስ ቢዝነስ ቀየርካ በርታ። ከዛ ወደ ፍቅር ሲስም ከተሰት	0	1	0	0	0	0
amh_train_track1_1139	አሜሪካ ለሕንድ የ4 ቢሊየን ዶላር ድሮን ሽያጭን አጸደቀች	0	0	0	0	0	0
amh_train_track1_1140	ምሽትህ አታስደግጣት በጣም ጥሩ አይደለም እኔ ውሸት ይሁን ብየ ነው የጦለትሁት ይቅርታ ብቻ	0	0	0	0	0	0
amh_train_track1_1141	ዝህብን እየጨፈጨፍችሁ ምስጊኑን ህዝብ ከቤት ንብረቱ እያፈናቀላች አስመሳይወች ለነገሩ እናተ ምን ጎደለባች እና ችግርን ሀዘን ሰቆቃ ይገባችሖል እግዜያብሔር ይፍረድባችሁ	1	1	0	0	0	0
amh_train_track1_1142	አይ እንዲህ ነው ንጉስ እያልክ እያዘመርክ አንተ እንደ ንጉስ ትገባ ጀመር ውይይይ እግዚአብሄር ለስሙ ቀናተኛ ነው መስሎሀል ጅሉ	0	1	0	0	0	0
amh_train_track1_1143	እይዞህ እነሱም በትላንትናው ሀዘን እየተዕናኑ ነው ደረት ካለህ ነፉ አርገህ ውጣ	0	0	0	0	0	0
amh_train_track1_1144	ሰላም ምክንያት አይፈልም፤ ሰላም የተለየ ጊዜም አይፈልግም ! ጦርነት ያወድማል፣ ይገላል፣ ያፈርሳል፤ ሰላም ያለማል፣ ያበለፅጋል፣ ወጥቶ መግባትን በቀለለ መንገድ እንዲቻል ያደርጋ	0	0	0	0	0	0
amh_train_track1_1145	አላህ የውረደት እቾ ሌባ ነብስ በለ ነአትድል ለፍልስጤን ነብየትን ገድየለሁ የምትል ሰው በላ ድል ለፍልሊስጤን 	0	1	0	0	0	0
amh_train_track1_1146	የስኩይድ ጌም፡ ዘ ቻሌንጅ ተሳታፊዎች በቀረጻ ወቅት ደረሰብን ላሉት ጉዳት ካሳ ጠየቁ	0	0	0	0	0	0
amh_train_track1_1147	ሚዲያ በመዝጋት የሚመለወጥ ነገር አይኖርም ።ካለፈው የጦርነት ስህተት ብንማር መልካም ነው።እብሪት እና ድንፋታ የድሃ ልጆችን ለማጨራረስ ካልሆነ ለማንም አይጠቅምም ።ማን አህሎኝነት የ	1	0	0	0	0	0
amh_train_track1_1148	ሕዝበኝነት ምንድን ነው? ለዲሞክራሲስ ጠንቅ ሊሆን ይችላል?	0	0	0	0	0	0
amh_train_track1_1149	እውነት ከሆ ስልኩን የጠለፈው ማን ነው መቼም ድንገት አይጠለፍም እንዴት አላዳኑትም ባይሆን እንኳ እስካሁን ለምን አልተያዙ ያው ዱዝ ካልሆንክ መጥለፍ ምን እንደሆነ ታውቃለህ ብዬ ነው	0	1	0	0	0	0
amh_train_track1_1150	የእውነት ኮቪድ አሁን ባለበት ሁኔታ ስጋት ሆኖ ሳይሆን የውጭ አገራት መጣያ ሲያጡ በእርዳታ መልክ የላኩትን ክትባት ላለመጣል ነው። እኛ መጣያ አይደለንም።	1	1	0	0	0	0
amh_train_track1_1151	አቶ ተፈራ የአንተ እንባ	0	0	0	1	0	0
amh_train_track1_1152	ብዙ ሰዎች ለጋሱን ያቈላምጣሉ፥ ስጦታ ለሚሰጥም ሁሉ ወዳጅ ነው። ድሀን ሰው ወንድሞቹ ሁሉ ይጠሉታል፤ ይልቁንም ወዳጆቹ ከእርሱ ይርቃሉ። እነርሱንም በቃል ቢከተላቸው አንዳች አይረቡትም። [መጽሐፈ ምሳሌ 19 6 7]	0	0	0	0	0	0
amh_train_track1_1153	በሆነ ባልሆነ በጊዜውም አለጊዜውም አታለቃቅስ! ኢትዮጵያ ስላልክ የሴራ ፖለቲካ መጫወቻ መሆን አለብህ ማለት አይደለም! ህገ መንግሥቱን አቅፈህ፣ ክልል ሳታፈርስ	1	1	0	0	0	0
amh_train_track1_1154	ይሄ ፕራንክ የሚባል በሜን ስትሪም ሚዲያ ጭራሽ ወዘቢሶች	1	1	0	0	0	0
amh_train_track1_1155	መድሃኒያለም ይቅር ባይ ነው ፍቅር ምህረት ከቦት በሰማያት ቢኖር እያመመው አባቱን እየጠራ አይቻለው ለሚገድሉት ሲራራ።	0	0	0	0	1	0
amh_train_track1_1156	ጭዌው ተቀየረ ጠረጴዛው ዞረ ደነበሩ እነጌች አሪፍ ይዘውታል አሜክስ ሱሪዋ ላይ ልትለቀው ነው	0	1	0	0	1	0
amh_train_track1_1157	ይህ ግፍና መከራ እየደረሰ ያለው በትግራይ ህዝብ የህወሓት የመለስበኢትዮጵያ ያደረሱት መከራ ነው እየከፈሉበት ያለው አሁንም መፍትሄው በትግራይ ህዝብ እጅ ነው ያለው	1	0	0	0	0	0
amh_train_track1_1158	ደነዝ እንደሞጣ አይነት መሀይም ግን አለ?	0	1	0	0	0	0
amh_train_track1_1159	አንተ እንኩቶ የወያኔ ግልገል አንተ ተቆጥረህ ነው 100 ሚሊዮን ያለፍነው ? ያሳዝናል በዛ ላይ የወያኔ ቫይረስ ተሸካሚ ውርጋጥ ነህ	0	1	0	1	0	0
amh_train_track1_1160	ቅስናንማ እንደ አንድ የስራ መስክ ነው የሚያዩት ? 	0	1	0	0	0	0
amh_train_track1_1161	comment የኢትዮጵያ ኢኮኖሚ የተንሰራፋው በስራ ፈጣሪዎቿ እና በፈጠራ አድራጊዎቿ ቴክኖሎጂ በመጠቀም ፈጠራን በመቀበል እና በተለያዩ ዘርፎች ላይ አሪፍ ለውጦችን በማድረስ ነው በሚያስገርም ሁኔታ ፈጣን እድገት እያስመዘገበ ያለው የኢትዮጵያ ኢኮኖሚ ስብራትን ከማስተካከል ጋር ተመሳሳይ ነውበመቋቋም እና በመላመድ መካከል ጥንቃቄ የተሞላበት ሚዛን የሚጠይቅ በመሆኑ ህዝቡ ተግዳሮቶችን እንዲያሸንፍከውድቀት እንዲማር እና በዕድገት ጉዞው ላይ ተጠናክ	0	0	0	0	1	0
amh_train_track1_1162	በአንድ ሰው ሞት የአማራ ህዝብ የሚሸበርበት ምክንያት የለም፡፡ በሺ የሚቆጠሩ የወገኖቹ ንፁሀን ሞትን እያየ ሀዘንን ተለማምዶታል፡፡ የሀሳብ የበላይነት ወዘተ የማ	1	0	0	0	0	0
amh_train_track1_1163	መቼ ነው የኢትዮጵያ መንግሰት የሚማረው ከወገን ህዝብ ጋር ላደረገው ጦርነት እውቅና የሚሰጠው አንድ ላይ ለጨረሳቹህት ጂኖሳይድ ለፈፀማቹህት በህግ ሰትጠየቁ እግዚአብሔር ያሳየነል የንፀሀን ደም ፈሶ አይቀርም	1	0	0	0	0	0
amh_train_track1_1164	የኤርትራ ሰውበላ መንግስት ከአማራ ሰውበላ ክልላዊ መንግስት መሰረታዊ ባህሪያቸውን አጣመራቸው ። እንደ ማግኔት ስበት እብሪትም የተፈጥር ስበት አለው ለካ የሚገርም ነው የኤርትራው የራ	1	1	0	0	0	0
amh_train_track1_1165	አይ ሀብቴ ለአማራ ህዝብ ጠላት እየፈለፈልክ ነው	0	1	0	0	0	0
amh_train_track1_1166	ደቆሮ ነህ በርግጥ ለሸዋ ኦሮሞ ያላቸው ንቀት ይገርመኛል	1	1	0	0	0	0
amh_train_track1_1167	በሂወታችሁ ተስፊ እዳትቆርጡ የመዳም ቅመሞች አብሽሩ ሂወት ይቀጥላል በተለይ በፍቅር በቤተሠብ ሞት በህመም የምትሠቃዩ ልባችሁ ለዘላለም የተሠበረአብሽሩ አላህ አለ የፈጠረን ጌታ አለ ነገ ሌላ ቀን ነው ተስፉ ይኑራችሁ ኢሸአላህ ያረብ ለሁላችንም መልካም ነገር ይወፍቀን በሉ አሚ ንን ያረብ አሚንን	0	0	0	1	1	0
amh_train_track1_1168	ስንዴ ኤክስፖርት የምታደርግ አገር ዜጋ ሆኜ እንቅልፍ አለመተኛቴ ያሳዝናል ደግሞ ስጋቴ ስለስንዴው መሆኑ ነው።በከባድ መኪና ጭነውት ሳይ ወደ ሞያሌ ሲሄድ ሸኔ ከመንገድ ያቃጥለው ይሆ	0	1	1	0	0	0
amh_train_track1_1169	ሰፊው የኦሮሞ ህዝብ ሆይ ኦ ኦ ኦ በአንተ ስም በኦሮሙማ ጭንጋፎች ስንት ግፍ ተሰራ ይድረስ ለኦሮሙማ ጭንጋፎች ታሪክ ታሪክ ነው አይለወጥም አይቀየርም አይበረዝም አይከለስም ታሪክ ነዋ የእናንተ የኦሮሙማወቹ ጭንጋፍች የሆናችሁት ታሪካችሁ ምንድን ነው የእናንተ የታሪክ አሻራ የት ነው ምንስ ነው ለነገሩ ለታሪክ የሚበቃ አሻራስ አላችሁን እባካችሁ ከብቶች ተሸጡላችሁም እናንተው ሰረቃችሁም ብቻ ተማሩ አትቀደዱ 	0	1	0	0	0	0
amh_train_track1_1170	መንግታዊ አሸባሪ ማለት እስራኤል ናት ድል ለፍልስጤማውያን	1	1	0	0	0	0
amh_train_track1_1171	የሰው ሀዘን መቀማትን ብንማር በድሎ ተበዳይ ሆኖ መቅርብ ዋሽቶ እውነተኛ ሆኖ መቅርብ ከናንተ መማር ነበርብን የራስን ያልሆነ ነገር የራስ የማርግን ባህሉ ያደርገ ህብረተሠብ ?	0	1	0	1	0	0
amh_train_track1_1172	የፈራሁት እሡን ነዉ እደኔናትወሠድ መለሥ ያረጋታል	0	0	1	0	0	0
amh_train_track1_1173	ስጀምር ለእዚህ ስግብግብ ፖስተር ያለው ማነው ክክክ ቅጀት ነው ጌታን አማላጅ እየሱስ ብቻ ነው !	0	1	0	0	0	0
amh_train_track1_1174	Tdf Tigray Prevail ይህንንን ሁሉ ችግር ያመጣው ስልጣን ላይ የነበረው አማራ ጠሉ ህወሃት ነው። ጦርነቱንም ቢሆን የጀመራችሁት እናንተው እንጂ እኛ አልደረስንባችሁም። ወልቃይት እና ራያ ደግሞ የጥንት የጥዋት የአማራ ርስት ናቸው። ለማንኛውም አማራ ላይጨርስ አይጀምርም፣ ለአማራ ጦርነት ሰርጉ ስለሆነ በቅርቡ ወራሪውን የአብይ ጦር እና የህወሓት የመከለያ አመራሮች መንጥሮ ወደ ቀድሞ ዙፋኑ ወደ ሚኒልክ ቤተመንግሥት የሚገባባባት ቀን ሩቅ	0	1	0	0	0	0
amh_train_track1_1175	ሁሉንም ትተህ እንደ ሰው ግን ፖለቲካም ምንም ሳያሳስብህ የሰዎች መንገላታት ያማል የምር። ይቺም ምን ሆና ለ2 ተከፈለች? ቤቱ ሳይፈርስም እየኖሩ አልነበረም	0	0	0	1	0	0
amh_train_track1_1176	?የህግ የበላይነት ለኢትዮጵያ ህልውና!? ተጠያቂነትና የህግ የበላይነት ለኢትዮጵያ ህልውና እጅግ ወሳኝ ስለሆነ ህዝቡ በወንጀሉ የተሳተፉ አካላት ተለቅመው ለህግ ሲቀርቡና እንደየወንጀ	1	0	0	0	0	0
amh_train_track1_1177	በጣም ገራሚ መልእክት አለው አእምሮ ላላላቸው ወንዶች፤ ግን 90% የእኛ አገር አባቶች ዘግናኝ ፍጡር ናቸው(ይቅርታ)፤ እንደዚህ ያስባለኝ ነገር አለ ግን ይበልጥ ደግሞ እርቅ መአድ ፕሮግራም ላይ የሚነገሩ ታሪኮች ናቸው።	0	1	0	0	0	1
amh_train_track1_1178	ውድ አንጋፋ ጋዜጠኛ በዚህ ጉዳይ ለማብራረራት ፕሮግራም ማዘጋጀታችሁን በጣም ተደስቻለሁ የብዙ አመት የጋዜጠኛነት ሙያህን በዘርና በሐይማኖት እንዲሁም በጥቅም የማትገዛ ለህሌናህና ለሙያህ የምትኖር ማንም አንተን ሆኖ ማቅረብ የማይችል ተወዳጅ አንጋፋ ጋዜጠኛ ነህ በርታ እኔም አዳምጥሐለሁ እንዲሁም ኮመንቶችን አነባለሁ ሁኖም እኔንም ይገርመኛል ይህን ያክል አእምሮ ጠባብነት ወይስ እስካሁን በጉጥኝነት በጨለማ አለም ያሉ ህዝቦች እንዳሉ ነው የሚያሳ	0	0	0	0	1	0
amh_train_track1_1179	አዎ ብዙው ነገር ይገርማል። ለማንኛዉም ብዙ ብልግና መናገር ስለሚደብር እንጂ ብዙ ነበር ግን ምን ያደርጋል ተዉት።ብቻ ቤተሰቡ የሚገርም እስክንድርም ሰርካለምም ልጆቹም በቃ ትልቅ ሰው ትልቅ ነው ትልቅ ሰው ትንሽ ሚስትም ትንሽ ቤተሰብም አይኖረው ፱	0	1	0	0	1	0
amh_train_track1_1180	አዎ ሀሜስ አይጠፋም በእስራኤል አረመኔያዊ ጭፍጨፋ አሁን ሀማስ ህዝብ ሆነ ህዝብ ደግሞ አይጠፋም	1	1	0	0	0	0
amh_train_track1_1181	ታሪክ ተሰራ በርካታ አመራሮች የባህርዳሩን ስብሰባ ረግጠው ወጡ ተናነቁ አብይ አበደ ያልተጠበቀ ሸዋ ውጊያው ተቀጣጠ via 	0	1	0	0	0	0
amh_train_track1_1182	ለንፁሀን የማይጨነቅ ጨካኝ አረመኔ ነው ጥጋብ ለፍርኦንም አልሆነ በግፍ ያሰራቸውን ፍልስጤሞች ከለቀቀ ታጋቾቹ ይስጠዋል ከዛ መቀጠል ይችላል ጦርነቱን  ሀማስ አይጠፋም ገና ገፍርስራሽ የወጡት ሀማሶች ናቸው  ዩክሬን እርምሺን አውጭ ሌላ ሀገር የሚጣላ ብታገኝ አሜሪካ እስራኤልንም ትታ ወደ አድሱ ጦር ትረዳለች	0	1	0	0	0	0
amh_train_track1_1183	ፈጣሪ እኔም እናቴን ሳ ላስደስታት ሞት እንዳይቀድመኝ አደራህን አምላኬ ዉይ	0	0	1	1	0	0
amh_train_track1_1184	የሚገርመው ማንኛውም ሀገር ኢትዮጵያን በህዝቦቿ በኩል አሸንፎ አያውቅም በመሪዎቿ ነው እንጂ ለአሜሪካም ከህዝቡ አብይ ነው የቀለላት	0	0	0	0	0	1
amh_train_track1_1185	እባክሽ...የሃይለስላሴ...አገዳደል.እስቲ ጠይቂው	0	0	0	0	0	0
amh_train_track1_1186	አላህ አንተንም ዘር ማንዘርህን ይጠብቅ አኛ ምን ታመጣለህ ብለን አንደምንጠባቡቀው ያአኺ ጭንቀታችንን ስለተጋራህን ከዱኒያም ከኣኺራ ጭንቅ ይጠብቅህ አ ወንድሜ አህመድ ያአላህ ስማኝ	0	0	0	0	1	0
amh_train_track1_1187	እውነት እግዚአብሔር እንዴት እንደሚሰማኝ ከአእምሮዬ በላይ ነው ገና እየነገርኩት ይመልስልኛል ለሱ ምስጋና ያንስብኛል?	0	0	0	0	1	0
amh_train_track1_1188	ለዚህ ተራ ሰው በእውነት እንኳን ደስ አለሽ ኢትዮጵያ ይባላል ? በጣም ያሳዝናል የዚህን እምነት ነቢያት ከጊዜ ወደ ጊዜ የሚሉት ነገር እንኳን ለሰው ቀርቶ ለሰይጣንም ይከብዳል እያየነው አሳፋሪ የሆነ የሰዎች መጫዎቻ ሆነ ገና ብዙ እና ያለን	0	1	0	1	0	0
amh_train_track1_1189	የተከበሩ አቶ አለሙ ስሜ ሰልፉ እጅግ የሚገርም ነበር እንወደቾኣል ገነ ህቀራል እስከ ይህዎት መስወትነት ነዉ	0	0	0	0	1	0
amh_train_track1_1190	የዝን ሰውየ የምሰማ ጀሮ ይታዝነለታል ሁሌም ውሸት ውይ አይሰለቸውም እንዴ ለምን ወንድ ኮሆነ አገር ገበቶ አይዋጋም የድሃ ልጅ ለማመገድ ያ ሁላ ውሸት	1	1	0	0	0	0
amh_train_track1_1191	ወይኔ አይኗን ለማየት ፈራት ደነገጠ 😭😭😭ያፈቅራታል ግንኮ ወንድ ለወንድ ምንሊያረጉነው😂😂😂	0	0	0	0	0	0
amh_train_track1_1192	አላህ የበዳዮቹን ዋጋ በሁለቱም ሀገር ያዋርዳቸው ወላጅ ሆይ አንች ስደተኛዋ እህቴሆይ አላህ ሶብሩን ይስጥሽ እንድሁም ለመላው ቤተሠባችሁ ወላሂ ያማል 😭😭😭	0	0	0	1	0	0
amh_train_track1_1193	ህይወት ውበት ፍቅር ትዝታና ተስፋ በsunset ውስጥ ጎልተው ይታያሉ ሁሉን ፈጣሪ ይመስገን	0	0	0	0	1	0
amh_train_track1_1194	ጋዜጤኛ ነው አለምነክ የቀረበውን ዜና ተርጉሞልሽ ነው ማነው ጥፋተኛው የጀመረው ነው ጥፋተኛ የመልስ ምቱ አደገኛ እና ህዝብ አልቋል እንዲጠፉ ህዝቡ የፈለገው አማስ ነው ተንኩሶ ዞር ያለው ምን ያክል እሮኬት እንደተኮሰ ታይቷል	1	0	0	0	0	0
amh_train_track1_1195	የኢትዮጵያ ኦርቶዶክስ ቤተክርስቲያን አቡነ ጴጥሮስ ወደ አገር እንዲገቡ እንዲፈቀድ ጠየቀች	0	0	0	0	0	0
amh_train_track1_1196	ድል ለፈሊሰጠማዊያን የአለም አሸባሪ አሜሪካ እና እስራኤል ማብቂያቹህ ተቃርቧል	0	1	0	0	0	0
amh_train_track1_1197	የራስን ዜጎች እስር ቤት ከቶ ለውጭ ዜጋ መጨነቅ አየ ብልፅግና?	1	0	0	0	0	0
amh_train_track1_1198	ሐሽማል ፍቅር እስከ መቃብር ኦሮማይ መርበብት የሱፍ አበባ ማማ በሰማይ	0	0	0	0	0	0
amh_train_track1_1199	በእግዚአብሔር ያማል ያማል ያማል። ፈጣሪ ለትልቅ ደረጃ ያብቃሽ የኔ ውድ እህት።	0	0	0	1	0	0
amh_train_track1_1200	ምስጢራዊ መረጃ ለመለዋወጥ ተመራጩ መተግበሪያ የቱ ነው?	0	0	0	0	0	0
amh_train_track1_1201	አባቷ አሜሪካም አፍጋኒስታንንን ለበርካታ አመታት ወራ ስትገል ስትጨቁን በስተመጨረሻም ታንክ ና መድፏን እየጣለች ነው የሸሸሸችው ኢስራኢልም ከዚህ የከፋ ሽንፈት ነው የሚገጥማት ምክንያቱም ህዝብን ጦርነት ገጥሞ ያሸነፈ የለም ። ግዜው ሊረዝም ይችላል	1	0	0	0	0	0
amh_train_track1_1202	እስካልተነቀለ ድረስ ተመልሶ መጣቱ አይቀርም እህቴ እዴዚህ ብላ ብላ አሁን አስነቅላ አተፈች ብታስነቅይ ይሻላል በመጣ ስአት ስቃይ ነው የሚሆንብሽ	0	0	0	0	0	0
amh_train_track1_1203	እስከ አሁን መቆየታቸውም የሚገርም ነው ለማንኛውም በዛ ለሚሰሩ ወገኖቻችን አዝናለሁ	0	0	0	1	0	1
amh_train_track1_1204	ተረጋግ ⵑ የተረጋጋጋ ያረጋጋጋል የዛሬ ቤተ ክርስቲያንቱ ፈተና ስሜታዊ አገልግሎት ነው:::	0	0	0	0	0	0
amh_train_track1_1205	ግንባሩን ንቀሱት አጋዩት ሸኙት አበቃ የማንም ንፍጣም ጭንጋፍ ኩታራ መጫወቻ መሆን ይብቃ ነጭ ሽብር ይፋፋም አብዮት ይቀጣጠል ስር ነቀል ለውጥ የሽግግር መንግስት ማቋቋም አስፈላጊ ነው	1	1	0	0	0	0
amh_train_track1_1206	ሳሮን ቴዲኮ በአደባባይ በኦሮሞ ህዝብ ላይ ፍጅት እንዲፈፀም በዜማ ቀስቅሷል እኮ ባልቻንም ድንገት ጎንደሬ መስለውት ይሆናል እንጂ ለኦሮሞ ህዝብ ጥልቅ ጥላቻ እ	0	1	0	0	0	0
amh_train_track1_1207	hussen ቆሻሻ ሰው በሰላም ሲኖር ዓይናቹህ ሚቀላ	1	1	0	0	0	0
amh_train_track1_1208	አራጅ ኦነግን አፍንጫቸው ድረስ አስታጥቀው ዛሬ ፋኖ ትጥቁን ካልፈታ እያሉ ማላዘን ይቁም ? ለዚህ ውርደት ቀውስ ተጠያቂው እራሱ አማራው ነው እወቁት ? ባለቤቱን ካልናቁ አጥሩን አይነ	1	0	0	0	0	0
amh_train_track1_1209	አይ የኛ ነገር ዓለም በሙሉ ጦርነት ይሁን መች ይሆን ሰላም ፍቅር በዝቶ የምናየዉ በየሀገሩ ጦርነት ሌላኮ አይሰማም ግን ለም ግን ለም እፉፉፉ ይህን ሁሉ መከራ ግፍ ያላየ ያልሰማ በዚህ በዚህ ዘመን የለለለ ታድሎ	0	0	0	1	0	0
amh_train_track1_1210	ባይናንስ፡ የዓለማችን ግዙፉ ክሪፕቶከረንሲ መገበያያ  ኃላፊ በሕገ-ወጥ የገንዘብ ዝውውር ጥፋተኛ ነኝ አሉ	0	0	0	0	0	0
amh_train_track1_1211	So what! አንተ ለጦርነት ስትዘጋጅ ቁጭ ብለው ይጠብቁህ? በምን ጭንቀት ነው ግን የምታስቡ !	1	0	0	0	0	0
amh_train_track1_1212	የዛሬው የጦጣ ንክሻ ይለያል ክክ አይ ፊሊፖስ አንተ ጅማታም እንድህ ቅጥል ስትል ደስ ይለኛል 	0	1	0	0	1	0
amh_train_track1_1213	ከዚህ የከፋ ምን እንዳይፈጠር ? የሰው ልጅ እንደ ሰው ተፈጥሮ እንደ ሰው መኖር የሚሳነው እንስሳዊ ባሕሪይው ስለሚያይልበት ነው። ጉማሬ በልልኝ	1	1	0	0	0	0
amh_train_track1_1214	የተመጣጠነ እርምጃ ምን ማለት ነው ቀድሞ ለኩሶ ከዛ ህፃናት እና ሴቶች መሀል የሚደበቅ አውሬ ብድን ነው ለህፃናቱ ና ለሴቶች ተጠያቂው እራሱ ሀማስ ነው እግዚአብሔር ነብሳቸውን ይማር ለሁለቱ ጦረኞች ግን ቁጣ ይውረድባቸው	1	1	0	1	0	0
amh_train_track1_1215	በጣም የሚገርም ነው ያኔ የኢትዮጵያ መንግስት ስያስራት ምድረአማራ በጠባብነት መንግስት ላይ ሲጮሁ ነበረ አሁንም ሁላችንም ካገራችን መንግ	1	1	0	0	0	0
amh_train_track1_1216	ምትናገረውና ምትሰራው አንድ ቢሆንልን ምነኛ ደስ ባለን	0	0	0	1	0	0
amh_train_track1_1217	ዘር ማህበረሰብ አቀፍ የልማት ድርጅት(ACDO) ከፌድራል ሲቪል ማህበራት ድርጅቶች ኤጀንሲ በአዋጅ ቁጥር 1113/20111 ፍቃድ የተሰጠው ማህበረሰብ አቀፍ የልማት ድርጅት ነው። የአቢ-ዘር አላማ አቢ-ዘር ትኩረት አድርጎ የሚሰራው በወላጆቻቸው ሞት ምክኒያት ችግር ላይ የወደቁ ህፃናት በችግር ምክኒያት ከ ትምህርት እንዳይቀሩ አላማ ይዞ የሚሰራ ነው። «የአቢዘር የስራ ልምድ » ወላጆቻቸው በሞት ያ	0	0	0	0	0	0
amh_train_track1_1218	ታጋቾች ወደ ጋዛ ሆስፒታል መወሰዳቸውን ከስፍራው የተገኘ ቪዲዮ ማሳየቱን እስራኤል አስታወቀች	0	0	0	0	0	0
amh_train_track1_1219	ሠርጎ ገቦች ድንገት ካሉ ሳይሆን፣ በስንት አሉ ብለን ሱባዔ መግባቱ ይቀላል ግልፁን ነገር? ባይሆንማ በግራዚያኒ ዘመን ያልተደረገው አብያተክርስትያናት	1	0	0	0	0	0
amh_train_track1_1220	እህህህ በጣም ያሰለቅሳል በጣም አላህ ቀሪ ዘመንሺን መልካም ያድረግልሺ	0	0	0	1	0	0
amh_train_track1_1221	እንዲህ አይነት የሚገርም የሚያስደንቅ ውብ ምስል የምስል ውብ ዝማሬ የምስል ውብ አንድነት የምስል ውብ ድምቀት የምስል ውብ ውበት ያለበት በዕድሜየ አይቼ አላውቅም። ሌላ ዕድል ፈጣሪ	0	0	0	0	1	1
amh_train_track1_1222	የሶማሊያው ፕሬዝዳንት ሐሰን ሼኽ ሞሐሙድ አዲስ አበባ ገቡ	0	0	0	0	0	0
amh_train_track1_1223	በዚህ ዘመን በእግሩ ያለጫማ የሚሄድ ህብረተሰብ በጠራራራ ፀሃይ ጋቢ ሚለብስ ደሃ ገበሬ በሞላበት ሃገር ቤተመንግስት መገንባት ያሳዝናል ራበን እያሉ ወገኔ ባላወቀው ጦርነት ተሳትፎ ለረሃብ አበቁት	0	0	0	1	0	0
amh_train_track1_1224	ሚኒሊክ ባንተ አፍ ይቀፋል አንተ ጉማማ ቀፋፊ ነገር አሁን ለራስህ እንደ አዋቂ ነህ ትቦ	0	1	0	0	0	0
amh_train_track1_1225	የኢትዮ ኤርትራ ጦርነት ሲከፈት የኤርትራ መንግስት የኢትዮጵያን ንብረት በአሰብም ይሁን በምፅዋ ያለንውን ያልምንም ሕግ ወርሶ ብዙ ግለሰቦች ንብረታቸውን አጥተዋል ለምሳሌ በወቅቱ ጋዜጣ ላይ በጭውውት መልኩ የወጣ ካርቱን ላይ አላሙዲን ወደብ ላይ ያጣውን ንብረት አክስቱን ኢትዮጵያን ይጠይቃት ብሎ ኢሲሳያስ ተሳለቀ የሚል ጭውውት አንብቤያለሁ ይህ ጭውውት ይምሰል እንጂ ውስጡ ብዙ ቁም ነገርም አለ ለመሆኑ ዳግም ግጭት ተነስቶ ሕዝብ ወደብ ላይ ንብ	1	0	0	1	0	0
amh_train_track1_1226	የኦሮሞን ጉዳይ ሚፈታው እግዚአብሔር ብቻ ነው ምን አልባት መሬት ተከፍታ ልትውጣቸውም ትችላለች ብዙ የንፁሃን ደም ፈሶባታል የምር በጣም ያስፈራል ፍፃሞው	0	1	0	1	0	0
amh_train_track1_1227	ሩስያ መሳርያ ለሐማስ ብትሰጥ ማን ልጠይቃት ነዉ እስራኤል ማለት አሜሪካ ተማምና አንጂ ምንም ናት ሩስያ ግን 2የአለም ጦርነት 50ፐርሰንት ያሸነፈች ናት እወቅ አንተ ሁሌም የአይሁድ አለቅልቅ አለምን ሁሉ በእነሱ ነዉ ሰላም ያጣው	0	1	0	0	0	0
amh_train_track1_1228	አብይ ለራሱ ስልጣን ሲል ነው ጦርነት ውስጥ የገባው ። ወያኔ 4ኪሎ መጥታ ትሰቅለው ነበር ኦነግን በሽግግር ጊዜ ጨፍጭፈው እንዳባረሩት።	0	1	0	0	0	0
amh_train_track1_1229	ነገሩ አንተ እንደምታወራው አይደለም የ እስራኤል ከፍተኛ ማረግ ያላቸው ወታደሮች የዉሻ ሞት ሙቷል አንተ በደስታ የእስራኤልን ድል ብቻ ታወራለህ ዲቃላ ድል  ሞት ለእስራኤልና ለደጋፍዋ	1	1	0	0	0	0
amh_train_track1_1230	ዓይናችን ወደ አምላካችን ወደ እግዚአብሔር ነው። 3፤ ማረን፥ አቤቱ፥ ማረን፤ ንቀትን እጅግ ጠግበናልና፤ 4፤ የባለጠጎች ስድብና የትዕቢተኞችን ንቀት ነፍሳችን እጅግ ጠገበች።	0	0	0	1	0	0
amh_train_track1_1231	እሺ ምን አባት ላድርግህ በእውነት በጣም የምትገርዠም ሰው ነህ ኢትዮጵያ ታመሰግንሃለች በአብቹዬ በረታልኝ በእውነት ሰው አልተረዳውም እንጂ አንተእኮ የኢትዮጵያን እድገት ከፍ እያደረካት ነው መልካም ለኢትዮጵያ በልፅግና ይሁንልን አሜን 	0	0	0	0	1	0
amh_train_track1_1232	አንድ አለመሆናቸው እና ጦርነት ውስጥ ገብተው ህዝባቸውን ስቃይውስጥ ላለማስገባት እንጅ አንዷ ሀማስ መሳሪ ቢኖረው ብቻ ይበቃቸዋል አሜሪካና እስራኤልን  ደግሞ ሂዝቦላ ባለፈው ጦርነት ገጥሞ እስራኢልን ደህና አድርጎ ስለገረፋት ትፈራዋለች 	1	1	0	0	0	0
amh_train_track1_1233	እናንተ ድንቅዬ የእምዬ ኢትዬጵያ ልጆች እንባችሁን እጉዚአብሔር ይቀበል የእናት ሆድ ዠንጉርጉር ነው እንደሚባለው ኢትዬጵያም እንደ ጅብ ቀን ከለሊት የሚበሉዋት እንዳሉ ሁሉ እንደናንተ አይነቱ ደሞ የሚሳሱላት ና ከቀን ጅብ የሚከላከሉላት አሉዋት እና ተስፋ አላት በርቱ እግዚአብሔር አገራችንን ይጠብቅልን	0	0	0	1	1	0
amh_train_track1_1234	በአሜሪካ አንድ ጨቅላ ከተኩላ ጋር በተዳቀለ ውሻ ተነክሶ ሞተ	0	0	0	1	0	0
amh_train_track1_1235	ሞት ከተባለ እንዲህ ነው ሞት በእህት ጽጉ የኋላሸት via 	0	0	0	0	0	0
amh_train_track1_1236	በእውነት ደርና ጅወር የጠያቂና ተጠያቂ ብቃታቹ ወደር የለውምን በተለይ የጦርነት ስህት ና ውጥንቅጥ የወጣ ኤርትራ ጋብቻ ውል የሌሎው ያለማሰርያ የተጠለጠለ ነው ያልከው የሚገርም እውነት በቃኝ ሌላ ነገሮች መስማት የዘጋቹሉኝ ይመስለኛል	0	0	0	0	1	0
amh_train_track1_1237	ኣዎ ይህ አይነቱ ዘግናኝ ግፍ ለታሪክ ብቻ ኣቀመጥም እንዲጠየቁበትም እንሰንደዋለን	1	0	0	1	0	0
amh_train_track1_1238	የአውሮፓ ቻምፒየንስ ሊግ ተመልሷል፡ ተጠባቂ ጨዋታዎች የትኞቹ ናቸው?	0	0	0	0	0	0
amh_train_track1_1239	ጋሽ አለሙ የናንተ አመራር ለኦሮሞ ህዝብ አይጠቂምም ወያኔ የሰራዉን ግፍ አትድገሙ ነው እየተባለ ያለው በቃ ይሄው ነው	1	0	0	0	0	0
amh_train_track1_1240	ልክ እደኬምሬነው ማፍቀር እውነተኛ ፍቅር ስቃይ የበዛበት ደስ የሚል እብደትነው	0	0	0	0	1	0
amh_train_track1_1241	የቁም ስቃይ ይስጥህ ነፍስህ ቶሎ አትውጣ ዳቢሎስ እየሳቀ ኢትዮጵያውያን አጠፋት ኢትዮጵያ ውስጥ የፈሰሰው ደም ጎርፍ ሆኖ ይውሰድህ ሰላም ይንሳህ	1	1	0	0	0	0
amh_train_track1_1242	ዋግነር ለአሜሪካ የጉሮሮ አጥንት ሆኖባታል ።	0	0	0	0	0	0
amh_train_track1_1243	ለዐማራ ህዝብ ቆስላችኋል። ደምታችኋል። ያላለፋችሁት ፈተና አልነበረም። ዛሬም ድንገት ትጥቅ ፍቱ ስትባሉ እንዳመማችሁ ሁሉ እኔንም አሞኛል። ከአንተ ውስጥ ያለው ስሜት እኔንም ውስጥ	0	0	0	1	0	0
amh_train_track1_1244	No no aleme አንተ ሀሳብ ነው ያቀረብከው ወይም ያለውን ሚስጥር ነው ግን ኢስራሄል መሰሪ ናት በታርክ ጥሩ ነገር የላቸውም ኢየሱስን ገሎ የጨፈሩ ናቸው ዛረም አይማኖት የላቸውም ጨካኝ አደርባይ ናቸው ተቀበል ገዳይ አረመኔ ናቸው በታወቅ አለበት ግን አይዘልቁም መጥፋታቸው ይርግጥ ነው ህፃናት ገለክ  No way bro if u have ababy u may be 	0	1	0	0	0	0
amh_train_track1_1245	ቅዳሜ ወደ ዱባይ ልበር ነው አግብቼ ልጅ በመውለጃዬ ሰአት ድጋሜ ስደት ማርያምን በጣም ነው የከፋኝ 	0	0	0	1	0	0
amh_train_track1_1246	ምን ጉድ ዘመን ላይ ነው ያለነው በተክልዬ? የኔ እህት እንኳን ለእዚህች ቃለ መጠይቅ በቃሽ... አንቺ ብርቱ ሴት ነሽ... ከእዚህ በኋላ ህግ ባይሰራ እራሱ ህዝብ ከጎንሽ ነው... ወይኔ... እኔን ...	0	0	0	1	0	0
amh_train_track1_1247	አሁን አሁንስ መረረኝ! ከማለት ይልቅ በፅናት ለመቆም መወሰናቸውን ሳላደንቅ አላልፍምጠሚሩን፡፡	0	0	0	0	1	0
amh_train_track1_1248	እንዲህ አይነት ፕራንክ ያውም ህፃን ፊት ሰው ሁላ ወዴት እየሄደ ነው ጎበዝ???	1	0	0	0	0	0
amh_train_track1_1249	ጋዛ፡ በስልክ እርዳታ ስትማጸን የነበረችው የ6 ዓመት ታዳጊ ሕይወቷ አልፎ ተገኘ	0	0	0	1	0	0
amh_train_track1_1250	የብልግናው መንግስትና እንደ እብድ የሚያስበው መሪ ውሸት ሀገረቶን የት ያደርሳት ይሆን  ዛሬ ደግሞ ወደብ አገኘን ብለው ያስወራሉ ትላንት አሰብን ነበር ያ ስላልሆነ ሌላ የውሸት ስምምነት ይዘው መጡ  International communities are saying diffrent than ብልግና ፖርቲ ና ጭፍራዎቹ ኧረ በአንድ እብድ ሰው ምክንያት ሀገራችን አትፍረስ የወንድ የ ጎበዝ ያለህ  ምን ጉድ ነው የመጣብን ነጋ ጠባ ውሸት 	1	1	0	0	0	0
amh_train_track1_1251	ሻለቃ ዳዊት የነ ነኣምን ዘለቀና አንዳርጋቸው ፅጌን ራኣይ ለማስፈፅም ፊንፊኔ ውስጥ መንግስትን በሃል ለመገልበጥ ከሚያሴረው ሃይል ጋር ተናቦ እየሰራ ያለ እጅግ አደገኛ ግለሰብ ነው	0	1	0	0	0	0
amh_train_track1_1252	መር ምህረትአብ አስደናቂ ተግባር ፈፀመ ድንገት የተከሰተው አነጋጋሪ እንግዳ የመጣበት ሚስጥር መምህር ምህረ via ኦርቶዶክስ እናት ናት	0	0	0	0	0	0
amh_train_track1_1253	ናሪን ና ፍርሃት የልጀነቹው ፍቅር ደስ ሲል ነበር	0	0	0	0	1	0
amh_train_track1_1254	በጣም ያማል 💔 ፈጣር መጨረሻሽን ያሳምርልሽ	0	0	0	1	0	0
amh_train_track1_1255	የሰላማዊ ሰዎች ሞት በየትኛውም አኳኋን አይደገፍም ።የእስራኤል ድርጊት እና የአሁኑ አፀፋ በጣሙን የጦር ወንጀል የዘር ማጥፋት ስለሆነ መወገዝ የሚገባት እንጂ የሚደገፍ አይደለም ።	1	0	0	0	0	0
amh_train_track1_1256	ቜንቆዋ በመቻልህ የትኛው ወንድ ነው ኢትዪጲያዊ አደለህም ሚለህ?እንደአንተ ቜንቜዋን የዘር ከረጢት ውስጥ የከተተተ ሆዳም ሊሆን ይችላል ግን አመሰገንኩህ የተሰራብን ስራ እዚህ ላይ መሆኑን ነገርከን	0	1	0	0	0	0
amh_train_track1_1257	የእስራኤልና የፍልስጤም ጦርነት ታሪካዊ ነገርን ከተመለከትን እስራኤል እንደሃገር ከተመሰረተች 1948 በውሃላ ባሁኑ ካርታ ጋዛ በግብፅ ስር ይተዳደር የነበረ ግዛት ሙሉለሙሉ ፍልስጤማውያን ሲኖሩበት ቦታውም የፍልስጤም ነፃ አውጪ ነኝ ርስቴን አስመልሳለሁ የሚለው የሀማስ ሽፍቶች መፈልፈያ ግዛት ነው። በምስራቅ በኩል ደግሞ በጋራ የሚጠቀሙበት ኢየሩሳሌም ከተማ የነበረ ቢኖርም በዶናልድ ትራምፕ ጊዜ ፍልስጤሞች በተደጋጋጋሚ ባደረጉት ጥቃት ከተማዋን	0	0	0	0	0	0
amh_train_track1_1258	በዚህ ድራማ የሀገር ፍቅርን አልበገር ባይነትን የቤተሰብ ፍቅርን መፅዋት መክፈልን ከምንም በላይ ለሀገር ነፃነት ዋጋ መክፈልን  ለፍቅር ምን አይነት መፅዋት እንደሚከፈል አየንበት አዚዜ ጀብደት ሁሉም የሂላል ጓደኞች  የጓደኝነትን ጥግ አስተማሩን ሊወን ፍቅር ምን አይነት ጉልበት እንዳለው አስተማረን እያንዳንዱ ነፈሮች ብዙ ትምህርት አላቼው ሀገራችንን ሰላም ያርግልን	0	0	0	0	1	0
amh_train_track1_1259	ፕሬዝዳንት ኢሳያስ በቃለመጠይቃቸው የሱዳንን ቀውስ ያባባሱት አንዳንድ የባዛር መንግስት የሆኑ አሉ ሲሉ ነበር። ማንን ለመጠቆም ይሆን?	0	0	0	0	0	0
amh_train_track1_1260	ሚዛናዊ ሁን እባክህ ጥሩ አይደለም	0	0	0	1	0	0
amh_train_track1_1261	ለሰራሽው ግፍ የተከፈለሽ ትንሹ ጉዳይ ነው ነውረኛ ከመባለግሽ አለማፈርሽ።	0	1	0	0	0	0
amh_train_track1_1262	ፖለቲካችን ልዮ ነው። ያው በነካ እጃችሁ ደብረፂሆንንን የሰላም ሚኒስተር አድርጉልንና እኛም ስላም እናግኝ። ጌችንም የመንግስት ህዝብ ግንኙነት ብታረጉት ቆንጆ የብሄር ግጭት እየፈጠረ የስልጣን እድሜያችሁን ያራዝምላችኋል። ድል ለኢትዮጵያ 🇪🇹🇪🇹🇪🇹🇪🇹🇪🇹🇪🇹🇪🇹🇪🇹 ለዓማራ💚💛❤ዓፋር 💪💪💪 ይብላኝ ለባንዳ ያው ሰሞኑን አቦይ ስብሀትም (ዋልድባ ገዳም)ገብተው አዲስ የጦርነት ስልት እንደሚቀይሱ አልጠራጠርም።	1	1	0	0	0	0
amh_train_track1_1263	እንኳን ደስ አለህ ተሜ ፍትህ ተከሳሹ የቀረበበትን ወንጀል በመከላከሉ በነጻ ሊሰናበት ይገባል በማለት በሙሉ ድምጽ ፍርድ ሰጥተናል	0	0	0	0	1	0
amh_train_track1_1264	እነሱ የተለያየ ግድያ እየተጠቀሙ የቤተክርስትያን አገልጋይ ይገላሉ እኛ እዘግባለን 	1	0	0	0	0	0
amh_train_track1_1265	እግዚአብሔር ሀገራችን ስላም ያድርግልን እውነት በጣም አሳፋርነው አባት የገዛ ልጆቹን ምን ጉድ ነው ፈጣር ልብ ይስጠው የኢትዮጵያ ህግ ፍርድ ያሳፍራል ልጆቹ ከመሞትየተናነስ አይደለም	0	0	0	1	0	0
amh_train_track1_1266	ምን ዋጋ አለው በሰሜን ጦርነት ለሞተው በትንሹ አንድ ሚሊዬን ሰው ምድር እና ስማይ እንተንም ትጠይቅሀለች መፎከር ተው የትም አደርስም ብለን ነበር ግን ተ	0	0	0	1	0	0
amh_train_track1_1267	ቤክ አካሄድ አላት በአለም አይን እና ህግ አካሄድ አይደለም ነገሮች የሚከወኑ እንደእኔ ዛሬ ሁሉም ነገር ቢወሰን ደስ ይለኝ ይሆናል አባቶች ይህቺን እምነት ያቆዩልን በፀሎትና በብልሃት ነው	0	0	0	0	0	0
amh_train_track1_1268	የሰራቹትን ግፍ ህዝቡን ይቅርታ ሳትጠይቁ ተደራድራቹ ተጨባብጣቹ የምትመቻመቹት ነገር ግራ ይገባል በእናንተ ጥጋብ ምክንያት ዋጋ የከፈለው ከምኑም የሌለ ህዝብስ ቢያንሰ ይቅርታ እንዴት ትነፍጉታላቹ ወያኔ ያጠፋውን አጥፍቶ ሲሰማማ በየ ቤቱ መርዶ ልከው ህዝቡን ከሀዘንና ከጭንቀት ወደ ሀዘንና ጭንቀት ድህነት ከተው ይኸው ተሰተካክለው ቁጭ አሉ  ሰንት ንፁህ ሲሞት ነው የናንተ ዋንጫ ሞልቶ ነው ለወንበር የምትደራደሩት ነገ ደሞ ፋኖ ይቀጥላል ዋንጫ	1	0	0	0	0	0
amh_train_track1_1269	ዉይይይት መልካም ነዉ ። ምንም ክፈት የለውም።	0	0	0	0	1	0
amh_train_track1_1270	ኤርሚን አገለላችሁት ምድረ ጥንብ ዘረኛ ሁላ እባቦች።	0	1	0	0	0	0
amh_train_track1_1271	ሁለቱም ሙከራዎች እጅግ ሕገወጥ በመሆናቸው ፣ መንግስት ይህንን ተገንዝበው አስፈላጊውን ሕጋዊ ክትትል በማድረግ ለዚህ ለፎጤዎቹ ፍልሰት ገደብ ሊያበጅበት ይገባል። (44)	1	1	0	0	0	0
amh_train_track1_1272	ነፍጠኝነት የክፉ አጋንንት ነዉ የምንለዉ ለዚህ ነዉ። ነፍጠኛ የሰዉን አንገት ቆርጦ ተሸክሞ የሚሄድ በድግምት ሃይል የሚሰራ ስብስብ ነዉ ስንል በምክንያት ነዉ። እንደ አብይ አህመድ የ	1	1	0	0	0	0
amh_train_track1_1273	ያን ጊዜ መቃብራት ይከፈታሉ ዓለም ከተፈጠረ ጀምሮ የፈረሱ ሙታን ፈጥነው እንደ ዓይን ቅጽበት ይነሣሉ። አብ መንግሥቱንና ፍርዱን ለልጁ ይሰጣል ፤ ያን ጊዜ አዲስ የመብረቅ ኃይል ይታያ	0	0	0	0	0	0
amh_train_track1_1274	እባክህ ወንድሜ ሀዘን አታብዛ እሱ አንዴ ሂዷል አንተ ለሌሎች ልጆች ንርላቸወ አይዞህ	0	0	0	1	0	0
amh_train_track1_1275	ጦረነት ይቆም ይብቃ እናት አባት ህፂናት መሙት ይቆም እባካችሁሁ	0	0	0	1	0	0
amh_train_track1_1276	ሱስ በጣም ከባድ እና አፀያፊ ነገር ነው በአካል ይኸነን ያሳለፈች ልጂ አጫውታኝ ታቃለች ይዘገንናል 😥😥😥	0	1	0	1	0	0
amh_train_track1_1277	የህይወትን ውስብስብነት ለመግለፅ የተጠቀምሽበትን ጥበብ ሳላደንቅ አላልፍም ?	0	0	0	0	1	0
amh_train_track1_1278	በአለማችን አለምን የሚሸብሩ ሽብር ፈጣሪወች ናቸው ስለዚህ እኛ ድሮ ከግብጽ ወደ ከናአን ከከናአን ወደ እየሩሳሌም ነው ከሰደን የመጣነ ዛሪ ደሞ ያሸባሪው ሀማስ ህዝብ እጣ ፈንታ ነው ከጋዛ ወደ ግብጽ መሰደድ ድል ለእስራኤል ወታደሮቻችን ሲዖል ላሸባሪ ፍልስጤም	0	1	0	0	0	0
amh_train_track1_1279	አለም እንደበፊቱ ጋዜጠኛ ብትሆን ጥሩነበር አልም አስተያየ ት ማቀርብልህ በምክንያት ነው አልጀዚራ ያቀረበውን አንድእናት ስለሀማስ ጥሩ ባህሪ ለምን አላቀረብክም ያማል ያማል ፍትሀዊ ብትሆን ጥሩነበር	0	0	0	1	0	0
amh_train_track1_1280	Ant Zer በህዝብ ተስፋ አይቆረጥም አተሳሰብ የለሽ አድር ባይ ስብእና የለሽ ተንቀሳቃሽ ሬሳ ከንቱ ስለ ህዝብ ምን አውቀህ ነው የምታውራው ዝም ብትል ይሻልሀል ዝም ባለ አፍ ዝምብ አይገባም ጭቃ ክፉ ተናግረህ ሰውን ክፉ አታናግር	1	1	0	0	0	0
amh_train_track1_1281	? ሞት ወደቀ ሲኦል ድል ሆነ !	0	0	0	0	1	0
amh_train_track1_1282	ሁቱወች ቀናቸውን ይጠብቁ ቆይተው የእጃቸውን ያገኛሉ ከማን ጋር እንደሆነ የሚፈታተኑ አላወቀውም ማለት ነው	1	0	0	0	0	0
amh_train_track1_1283	ይህንን ክስ በልብ ተመስጦ አንብቡት ለደረሰብን ሀዘን ፈገግታና ግርምት ይጭራል ለህዝብ የመንግስትን ገመና አሳውቀሃል በማለት ከሰሱት	0	0	0	1	0	1
amh_train_track1_1284	ወደ ፍቅር ከመቀየሩ በፊት መላ በይኝ	0	0	1	0	0	0
amh_train_track1_1285	ጃዋር አስመሳይ ቆሻሻ ሌባ የኢትዮጵያ ችግር የችግሩም መነሻም መጨረሻውም አንተ ብቻ ነህ ከብት ሰይጣን ብዬሃለሁ	1	1	0	0	0	0
amh_train_track1_1286	አማራ የኢትዮጵያውያን የሠላም ጠንቅ ነው። ካልዘረፈ መኖር የማይችል ሕዝብ ነው። አሸባሪዎች ተገዝተው ወደ ክልሎች የሚሸጡት ከአማራ ክልል ነው። አማራ የኢትዮጵያ ስጋት ነው።	0	1	0	0	0	0
amh_train_track1_1287	እነዚህ ቱርኮች የምር ሆነው ነው የሚሰሩት ምናለ የኛዎቹም እደዚህ ቢሰሩ	0	0	0	0	1	0
amh_train_track1_1288	አለም ድምጽህ ኢንቨስት ቢደረግ አትራፊ ነው ምርጥ ጋዜጠኛ	0	0	0	0	1	0
amh_train_track1_1289	ድርቁን ላሽ ያለው የአብይ መንግስት፣ ድንገት ዝናብ ቢጥልለት በኔ cloud seeding የመጣ ነው ለማለት የሚቀድመው አይኖርም። Borana	0	1	0	0	0	0
amh_train_track1_1290	እስራኤል-ጋዛ፡ ሐማስ አዲስ ለቀረበው የተኩስ አቁም ስምምነት ምላሽ ሰጠ	0	0	0	0	0	0
amh_train_track1_1291	አይዞሽ የኔ እህት አንቺን የበደሉ ሁሉ ኑሯቸው ስቃይ ይሁን	0	0	0	1	0	0
amh_train_track1_1292	ኧረ ያዝ ኤጌማንን እዝህ ጅላፎጋ አወዳደርሽ 	0	1	0	0	0	0
amh_train_track1_1293	የአማራ ክልል ህዝብ የህልና አደጋ አለብኝ ስጋት አለብኝ ካለ አሁንም አልረፈደም መሸዋወዱን ተውና ተነጋገሩ! 	1	0	0	0	0	0
amh_train_track1_1294	አረ ንጉሱ ራሱ የሚገርም ህክምና እያሳከሙን እንማር ነበር ብላኛለች እማ ሁላ ጥርስ ህክምና ነበር?	0	0	0	0	0	1
amh_train_track1_1295	ደህና ነኝ በደምብ ኤዲት ስላልተደረገና ትንሽስሜታዊ ስለነበርኩ ነውአመሠግናለሁወ	0	0	0	1	0	0
amh_train_track1_1296	እሰይ ሙስሊሞች ገዳወች ስለሖኑ መልካም ሲኦል	0	1	0	0	0	0
amh_train_track1_1297	መንጌ ጀግናችን ነዉ የኢትዬጵያ ፍቅር በዉስጡ የነደደደ ነዉ ዕድሜና ጤና ይሰጥልን።።።	0	0	0	0	1	0
amh_train_track1_1298	የምትሰሩት ዜና ሌላ የላችሁም ...በጣም አሳፋሪ ነው	1	1	0	0	0	0
amh_train_track1_1299	ህ ግ ፊት ቅርብ ፍርዱን ቢቀበል መልካም ነው	0	0	0	0	0	0
amh_train_track1_1300	የአሜሪካ ባሕር ኃይል የእስራኤላዊያንን መርከብ አግተው የነበሩ ታጣቂዎችን በቁጥጥር ሥር አዋለ	0	0	0	0	0	0
amh_train_track1_1301	ሳስክራይብ አድርጉኛ  የመዳም ቆሞሞች በጣም ነው አመወዳቹ	0	0	0	0	1	0
amh_train_track1_1302	የእናትም ጨካኝ አለ ለካ አይዞሽ አልፎ ታይዋለሽ ጀግኒት ዋናው ተስፋ አልመቁረጥሽ ነው	0	0	0	1	0	0
amh_train_track1_1303	ጦርነትን ቀስቀሶ በሚሊዮኖች ሞት ለማትረፍ ድራማ ነው የሰራው። የጦርነቱ ባለቤቶች ወያኔና ብልፅግና ሸኔ ናቸው! ጦርነቱን ሁለቱም ይፈል	0	1	0	1	0	0
amh_train_track1_1304	በእንዳንተ አይነት የውሽት ኦሮሞ መልካም ህዝብ አተስድብ አንተ ጁታ ተነቃብ ቀሚስህን አውልቅ ሱሪ ልበስ ኢትዮጵያን መዝረፍ እንደው የለም	0	1	0	0	0	0
amh_train_track1_1305	እዴ ሳራየን ልቤ እስኪወልቅ ተጣድፌ እንደዚ ታደርጉኝ እ ጥሩ ነው ግን ይሄ ስራ	0	0	0	0	0	0
amh_train_track1_1306	ኢንቬስት ለማረግ ጉቦ ስቃይ ማመላለስ ማስቀረት አይሻልም ፕላን ኮምሽን መሬት አስተዳደር ባለስልጣናት ዳይረክተ ዳይሬክትሬት ባለስልጣናት አሜሪካ አካውንት ከፍታችሁ እዛ አስገቡ እያሉን እኮ ነው ስቃዬን መመላለሱን እያያችሁ ዝም	1	0	0	0	0	0
amh_train_track1_1307	33 ጳጳሳት የውጭ ዜግነት እንዳላቸው ተረጋግጧል የሚገርም ነው የሚደንቅ ነው 	0	0	0	0	0	1
amh_train_track1_1308	በኦሮሞ ጥላቻ የተለከፈ አዕምሮ ምንም ብታሰረዳና ብትነገረው አይቀበልም ...ዋቃ ጽናቱን ይስጣችሁ በቅን ልቦና የኦሮሞን ህዝብ ባህልና ማንነት ለሚያከብሩ የሀገራችን ህዝቦች ክብር አለኝ መልካም የሰላምና አንድነት የእሬቻ በዓል ይሁንልን	0	0	0	0	1	0
amh_train_track1_1309	ምሰኪን ህጻናት በምን አበሳቸው ይህሁሉ ግፍ ይፈጸምባቸዋል ህጻናት ማፈን ህጻናት መግደል በተደጋጋጋሜ እየተከሰተ ነው ኢትዮጵያ ላይ😭😭😭	0	0	0	1	0	0
amh_train_track1_1310	አሜን ቅድስት ድንግል ማርያም ታማልዳለች	0	0	0	0	1	0
amh_train_track1_1311	የስኳር በሽታ ምንድነው? እራሳችንን ከበሽታው እንዴት መጠበቅ እንችላለን?	0	0	0	0	0	0
amh_train_track1_1312	አንበሳ ነኝ ባይ ድመቶችን እንደዚህ ስርአት ማስያዝ አማራጭ የሌለው መፋትሄ ነው።	1	0	0	0	0	0
amh_train_track1_1313	አብይ የኦሮሞ ብልፅግና እና ሌሎችም የግርማን ሞት እንጅ አብረውት የሞቱትን የግርማን አጃቢዋች ሞትም ይሁን ስማቸውን እንኳ ለምን ማንሳት እንደተጠየፉ ግራ ግብት	1	0	0	1	0	0
amh_train_track1_1314	ምነው ዛሬ ነውንዴ ሶማሊላንድ የተፈጠረችው 33 ዓመት የት ነበራቹ የጥቅም እንጂ የመርህ ሰዎች እንዳልሆናቹ የሚያሳይ ነው	1	0	0	0	0	0
amh_train_track1_1315	አስመሳይ የሀሳብ ደሀ አመራን ከትግሬ ኦሮሞ ለማባላት በየቀኑ ስለ ጥላቻ መርዝ ለሀጪህን የምትረጭ ደንቆሮ ነህ ብልጽግና አንተን መሰል ደንቆሮ ሰብስቦ ነው ጠላት የሚያፈራው	1	1	0	0	0	0
amh_train_track1_1316	ዋው ደስ ሲል አጨራሱ እኛንም ከወንድማማች ጣርነት እግዚአብሔር ያውጣን	0	0	0	0	1	0
amh_train_track1_1317	?የኦሮምያ እና የትግራይ ፍቅር እንደቀጠለ ነው! ያዝልቅልን!	0	0	0	0	1	0
amh_train_track1_1318	እመብርሀን ትጥብቅሽ 🙏 ምን አይነት ጠንካራ ልጅ ነሽ!? ፈጣሪ መጨረሻሽን ያሳምርልሽ ያሰብሽውን ያሳካልሽ ቀሪ ዘመንሽን የምትደሰቺ ያርግሽ 🙏 በእንባ ነው የጨረስኩት 🥹🥹🥹 ቅንነትሽ የዋህነትሽ የሚገርም ነው 🙏❤️	0	0	0	1	1	1
amh_train_track1_1319	የእኔ እህት በልጅነትሽ ይሄ ሁሉ መከራ 😭😭😭🙈💔🤦🏾‍♀️😭😭😭 እመቤቴ መከራሽን የምትረሺበትን ጊዜ ታምጣልሽ	0	0	0	1	0	0
amh_train_track1_1320	አብይ በመጪው ትውልድ ላይ ብቻ ስራ የኛን ነገር ተውው 	0	0	0	1	0	0
amh_train_track1_1321	የዉነት ግን እንዳ ጂሀን የሚየፋቅር ሰዉ በዚች ምድር ይኖራል መልሱልኝ ፊልም ባይሆን ደስ ይለኝ ነበር	0	0	0	0	1	0
amh_train_track1_1322	አይይይ ስንት ነገር እያለ ስለ ውሻ ዘገባ የሆናችሁ 🐕 ነገሮች 🤨	1	0	0	0	0	0
amh_train_track1_1323	በኢትዮጵያ ካሉ ትላልቅ ፕሮጀክቶች ዲዛይን ጀርባ ያለው ወጣት አርክቴክት	0	0	0	0	1	0
amh_train_track1_1324	የውነት ይሉን ነበር ይሻላል መሞቱ ሂሳብ አስተማሪ ሖነው ምርጥ ተመራማሪ እንዳትበሉ ሻጋታ እንዳትሆኑ ቀሪ ታማችሁ ቀርታችሁ ሳሰጡ ፍርፍሪ መዘጋጃም ሳያቅ ጥንብአችሁ እንዳይሆን ጠሪ	0	0	0	0	0	0
amh_train_track1_1325	አንቱ ሰውዬ በአሁን ሰአት በጣም ፈርተው ነው የሚናገሩት በሁለተኛ ደረጃ ራስ ውዳድ መድረክ በተገኘ ቁጥር ማውራት ተውዳለክ ማንንም አትወክልም አንተን አያስሩክም ዘግናኝ ሽማግሌ 	0	1	0	0	0	0
amh_train_track1_1326	መልካም ነገር ሥሩ ጥሩ ነው ግን እየሱስ እያድንም ውሸት ነው ከምን ለምን ያድነናል	0	1	0	0	0	0
amh_train_track1_1327	እናት ስላላላችሁ ብቻ ፈጣሪን አመስግኑ ደስ ትላላላችሁ	0	0	0	0	1	0
amh_train_track1_1328	ፐፐፐ ሁሉም ለየራሱ አይባልም ። ጋዜጠኛ እንደ ጋዜጠኛ ሆኖ መናገር አለበት ። የግል ስሜታቹን በቤታቹ ግለፁት ። እድሜያቹ እንኳን አያስተምራቹም እንዴ ??? ስለ ብዙሀኑ ስለ ኢትዮጵያውያን ስሜት መጨነቅ እኮ አለባቹ ። እናንተ እራሱ ከተጠያቂነት አታልፍም ። የኢትዮጵያ ህዝብ በየክልሉ ያለው እንደተመረጡት መሪዎች ሲተዳደር በነበረበት ጊዜ በየብሔሩ የተጠቀመ አለ የተጎዳም አለ ። ስለዚህ በየሁሉም መሪዎች ቁስል ያለበት ህዝብ ነው እኮ	1	0	0	0	0	0
amh_train_track1_1329	የቀድሞው የቴስላ ሠራተኛ አሽከርካሪ አልባ መኪናዎቹ ደኅንነት ይጎድላቸዋል ሲል መረጃ አሾለከ	0	0	0	0	0	0
amh_train_track1_1330	አባታችን ሆይአቡነ ዘበሰማያትን በዘፈን ትሠሩታላቹ አቤት ብልግና እናንተማ ኢትዮጵያዊነታቹ መሠረዝ አለበት	1	1	0	0	0	0
amh_train_track1_1331	ኢትዮጵያውያን ያመኑበትን ነገር አከብራለሁ! ነገር ግን ሙሉ ህዝብን ጠቅሶ እንዲህ መግለፁ ትንሽ ያስቸግራልና ቢታሰብበት ይህን አስተሳስብ በአፍሪካና በዓለም ደርጃም በፊት ቀለም(ዘርኝነት) ምክንያት በሰፊው የታገሉም ብዙ የተዘመርላቸው ግለሰቦች አሉ! ባህላዊ የኢትዮጵያውያንንን የምስጋና ስርዓት አስፈሪ ትርጉም እየተሰጠው የእኬሌ የእኬሌ እያላቹ አታጥቡት እባካቹ! ቢያንስ የሰው ልጅ ታሪክን እንኳን ብናይ ወንዝ አከባቢ እየኖር ነዉ ዛሬ እኛ	0	0	0	0	0	0
amh_train_track1_1332	ጌታቸው ረዳ ዓለም ገብረዋህድን ጨምሮ አራት ከፍተኛ አመራሮችን ከሥልጣን አነሱ	0	0	0	0	0	0
amh_train_track1_1333	የተከዱ ናቸው ያሳዝናል ስልጣን መጥፎ ለህውሀትም አልጠቀመም	0	0	0	1	0	0
amh_train_track1_1334	እግዚአብሔር የተመሰገነ ይሁን ድንቅ ዘማሪያችን እንኳን ደህንና መጣክ	0	0	0	0	1	0
amh_train_track1_1335	እንደ ኢትዮጵያ ላሉ ድሃ አገሮች ላይ አይሆንም አይሰራም መንግስት የወሰደው እርምጃ ነው አደገኛ ቁማር ነው	0	1	0	0	0	0
amh_train_track1_1336	ሠላም ከሌለ ኮርማም ቢታረድ አይጣፍጥም ተፈናቃዮች የገና በዓል በኦሮሚያ ክልል ግጭት ስጋት እና ዋጋ ንረት ተጭኖታል በኦሮሚያ ክልል ምስራቅ ወለጋ ዞን ኪረሙ ወረዳ የተፈናቀሉ አንድ አርሶ አደር አስተያየት ሰጪ እንዳሉት በአሉ ቀዝቃዛ ነው የበዓልም ድባብ የለም በዚ ላይ መንገዶች በብዛት ስለሚዘጋጉ ሽንኩርት የለም ሌላውም ሸቀጥ ስለማይገባ በዓሉን አስቸጋሪ አድርጎብናል በማለት የጸጥታው ስጋት በህይወታቸው ሁሉ ፈታኝ እንደሆነባቸው አስረድተዋል	0	0	0	1	0	0
amh_train_track1_1337	ፓለቲካና እድገትአንድነትየወደፊት የትውልድ እጣ ፋንታ ላልገባችሁ ሰፈርተኞች ማስታወሻ ይሁንላችሁ  ገና አገጫችሁን እስኪደክማችሁ በግርምት ትሞረኩዛታላችሁ	1	0	0	0	0	0
amh_train_track1_1338	ጅራፍ እራሱ ገርፎ እራሱ ይጮሃል አይ ብልፅግና ሃፍረተ ቢስ መሪ ተይዞ መግለጫ ሲሰጥ አለማፈራቹሁ አይ ሃገሬ ስንቱን ልክስክስ አድር ባይና አጎብዳጅ እንዳፈራች ማየት በራሱ መረገም ነው	0	1	0	1	0	1
amh_train_track1_1339	አባታችን እንካን በስላም መጡልን በፀሎትን ያስቡኝ	0	0	0	0	1	0
amh_train_track1_1340	ኦሮማራ ፡ የአማራና የኦሮሞ ፓርቲዎች ስምምነት ተሳታፊዎች ምን ይላሉ?	0	0	0	0	0	0
amh_train_track1_1341	ያረብ በሽርና የእስራኤልን እልቂት አንተ መከራዋን አብዛባት ሠላሟን አሳጣት የኮራችበትን መሳሪያ አመድ ያድርግባት የንፁሀን እንባና ግፍ ጎርፍ ሆኖ ይውሰዳት አላህ ይበቀላት ያረብ	1	0	0	1	0	0
amh_train_track1_1342	በደቡብ ወሎ በኦፓል ማዕድን ማውጫ የተቀበሩ ሰዎችን ለማውጣት የሚካሄደው ቁፋሮ መቋረጡ ተገለጸ	0	0	0	1	0	0
amh_train_track1_1343	ሙላቱ በስራህ ልታፍር ይገባሃል ። ዩኒፎርምህን አክብሮ እንጂ የምትመታው ሰው እንዳንተው ጉልበትና ሃይል ያለው ነው። ማሰቢያህ ጡንቻህ መሆኑ አሳዛኝ ነው። ይህ	1	0	0	1	0	0
amh_train_track1_1344	በለው ! ብርሀኑ ጁላ ለአማራ ያለውን መራራ እና ጥልቅ ጥላቻ በአደባባይ ዘረገፈው !	1	1	0	0	0	0
amh_train_track1_1345	“ዓላማዬ የኢትዮጵያ የሀገረ-ሰብ ሙዚቃ መሳሪያዎችን ማጉላት ነው”- አስቻለው ፈጠነ	0	0	0	0	0	0
amh_train_track1_1346	ማንም እንደወያኔሽ መጥፎ አጋንንት የለም። ሸኔ እንኳ አልደረሰበትም። በርግጥ ፋኖ ተንቤን ለተንቤን አሯሩጧችኋል። ስብኀት ነች ትዝ የምትለኝ ቆሻሻዋን ስታ ወ	0	1	0	0	0	0
amh_train_track1_1347	እኔ ኤርትራዊ ነኝ ሠማቹ ስሌ ፍልስጤም እስራኤል ህዝብ ሞት እጅግ ያሳዝናቹዋል  ባሃገራቹ በኣማራ እና ትግራይ ቦሮና በራሃብ የሚሞቱ ያሉት ህዝባቹ ኣንዲት ብላቹ ኣታቁም 	1	0	0	1	0	0
amh_train_track1_1348	ይህንን ዜና በተመለከተ ያሉ አንዳድ ስህተቶችህን በአንደኛው ቻናልህ ስለፃፍኩልህ በዚም መድገም ያለብኝ አይመሥለኝም ነገር ግን አለምነህ አሁንም የመረጃ ምንጮችህን ሚዛናዊነት ሚባለውን በጣም እንድትስት እያደረጉህ ነውና ወደ ቀልብህ ተመለስ ለአንድ ወገን በማቀንቀን የሚታወቅ ሚዲያ የመረጃ ምንጭህ ነው ይገርማል በጣም	1	0	0	0	0	1
amh_train_track1_1349	እጅግ ወድጀዋለሁ ልቤ ነክቶኛል በፍቅር ነበር የተከታተልኩት  ዛሬ የኢትዮጲያ ገልፃ እናት አርበኞቻችን አባት አርበኞቻችን ለአንድ ደቂቃ ከመቃብራቸው ተነስተው ቢመለከቷት እንዴት ልባቸው ይሰበር ነበር እኛ ልጆቻቸው በርሳችን ክፉ የዘረኝነት ሃሳብ ልንበትናት ተነሳን ግን የናተ የጀግኖቻችን ደም ና አጥንት መስዋትነታችሁ አምላካችሁ እግዚአብሔር ከቱ አያደርግባችሁም  አሁን ያለነው ትውልድ አሳፉሪዎች ነን	0	0	0	1	1	0
amh_train_track1_1350	ይህ ጉዳይ ጥሩ ቢህንም በኢትዮጽያ contrxt ምን ያህል change management resistance እንደሚኖር ሳስበው ይደክመኛል ይህም የሚሆነው አሁን ባለው ያለመተማመንና የዘር መከፍፈል የተነሳ ነው በዛ ላይ ተግባብተንኳ ቀጠረጴዛ ዙሪያ ችግሮቻችንን መፍታት አልቻልንም ሰዉ ተስፍ ቆርጧል ይህን የመሰለ አስፈንጣሪ ቴክኖሎጂ ተግባራዊ ለማድረግ ከሁሉ በላይ መንግስትና ህዝብ መተማመን አለባቸው ስለዚህ መንግስት መጀመሪያ ከህዝቡ ጋር 	0	0	1	1	0	0
amh_train_track1_1351	አለው ኤሄን በለአ ይብቃ በለን ለምስግኖች በል ሀያሎችን አትፈልን	0	0	0	1	0	0
amh_train_track1_1352	አይዞሽ የኔ እህት ፈጠሪ ይርደሽ	0	0	0	1	0	0
amh_train_track1_1353	የዓለም ጤና ድርጅት ለልጆች በሚታዘዙ ሁለት ሽሮፖች ላይ ማስጠንቀቂያ አወጣ	0	0	0	0	0	0
amh_train_track1_1354	ደስ የሚል ዜና!የአለም ጤና ድርጅት ከ3ዓመት በኋላ ኮቪድ19 አለም አቀፍ የጤና ስጋት መሆን ማብቃቱን ይፋ አደረገ።	0	0	0	0	1	0
amh_train_track1_1355	የሰው ኣገር ሉኣላዊነት ተዳፍረህ የደህንነት ስጋት ኣይደለም ትላላቹንዴ ከምር ነው የምላቹ ምንም ኣቅም የላችሁም እኛ ኤርትራውያን ከሶማሊያ ጎን ነን 	1	0	0	0	0	0
amh_train_track1_1356	ከዚህ በተጨማሪ ድል ያለ ከቁርስ እሰከ ምሳ ያለ ሲሆን ለተዝናኖት የጦፈ የሙዚቃ ኮንስርት፡ መንፈሳዊ ትምርቶች፡ይሰጣሉ፡፡ ድንገት የጤና እክል ከገጠሞት ደሞ እውቅ ዶክተሮችም በተጠንቀቅ ሁሌም አሉ!	0	0	0	0	1	0
amh_train_track1_1357	ሁል ግዜም የእግዚአብሔር ሀሳብ ይፀናል ይህንንም ስሞኑን በነበረው ክስተት አስተውለናል እናምመሪዎቻችን ስከን ብለው እግዚአብሔር የሚለውን ቢያስተውሉ መልካም ነው እላለሁ	0	0	0	0	0	0
amh_train_track1_1358	እንደማታው አይነት የአፍጥር ፕሮግራሞች አለምአቀፍ ትርጉማቸው እጅግ ግዙፍ ነው ። ጎበዝ ኢትዮጵያ ውስጥ ሙስሊም ያለ የማይመስላቸው በርካታ የአለማችን ህዝቦች አሉ ። ወይንም ደግሞ	0	0	0	0	1	0
amh_train_track1_1359	😁😁😁ተዳቅለናል ከየት እንደመጣን አንታወቅም ለዚህ ነው የምንባላው ዲቃላ ለገሩም ለሰዉም አይበጂም🙄🙄🙄😁😁😁	0	0	0	0	0	0
amh_train_track1_1360	በጣም መሰሪ ጋዜጠኝነት ነዉ የምታራምድት መሬት ለሰላም የሚለዉን የኦስሎ ስምምነት ያልተገበረዉ የኔታናሁ መንግስት ሆኖሳለ ጭራሽ ከኦስሎ ስምምነት በዋላ እንኮን በወረራ የያዘቹዉን ቀርቱ ተጨማሪ ወረራ አካይዳለች ሲቀጥ ኖታናሁ ወደ ስልጣን ያመጣችዉ ዋና የኦስሎ ስምምነት በመቃወመ አይደለም እንዴ የኦስሎን ስምምነት የፈረሙትን ይሳቅ ራቢን በመተቸት አይደለም እንዴ የኔታናሁ ፓረቲ የሚታወቀዉ እና አሁን ማንን ለማደናገር ነዉ ሀማስ ያንን ስምምነ	1	0	0	0	0	0
amh_train_track1_1361	እጅግ አስደንጋጭ ነው ። ያልተጠበቀ ነው ። በህመም ነው ? ነፍስ ይማር ።	0	0	0	1	0	1
amh_train_track1_1362	ለሆዱ አደሮች ናቸው ሙሾ ደርዳሪ የኢትዮጵያን ለቅሶ ለገንዘብ ህሊናቸውን የሸጡ ወራዳ ነገር በመገጣጠም ትርፍ ለማግኘት የማይፈነቅሉት ድንጋይ የለም ሆድ አምላኩ ናቸው የወያኔ ገረድ።	0	1	0	0	0	0
amh_train_track1_1363	በጣም ያስጨንቃል ቀጣይ ምን ሊሆን ነው 😂	0	0	1	0	0	0
amh_train_track1_1364	እግዚአብሔር ከእውነተኞች ጋር ነው ከመጨነቅ መፀለይ ይሻላል	0	0	0	0	0	0
amh_train_track1_1365	ለአድር ባይ ጥሩ ገለፃ ናት!	0	0	0	0	1	0
amh_train_track1_1366	ቀድሞ የምናየው የለመድነው ቀርቶ እንግዳ ሞት አየሁ ካባቴ ቤት ገብቶ ድርቅ ሆኗል አሉ ዘንድሮ አገራችሁ ዝናሙ ሲጠፋ ምነው ዝም አላችሁ አሻግሬ ሳየው እንዲያ በሰው ላይ መከራም እንደሰው ይለመዳል ወይ	0	0	0	1	0	0
amh_train_track1_1367	አየ የሰው መከራ አይዞሽ የኔ ጀግና ስታሳዝን ያማልን	0	0	0	1	0	0
amh_train_track1_1368	በአለማችን ተጽኖ ፈጣሪ ሰው እግዚአብሔርን የሚፈራ ትእዛዙንም እጅግ የሚወድድ ሰው ነው፡፡ እርሱም ዘሩ በምድር ላይ ኃያል ይሆናል፡፡	0	0	0	0	0	0
amh_train_track1_1369	ወረኛ ሁላ በእዚህ ዘመን የሰላም መጥፋቱ ለነገረኛ ጋዜጠኞች ሆድ መሙሊያ ሆነ ታዳ ለምን እንዴምታወሩት ከሆነ ተኩሰው ድራሿን አያጠፏትም ዝም ብላችሁ ወሬ አመላልሱ ይህን የማይረባ ወሬ ከማውራት ቁርአን ብትቀሪ ይሻላል ታዳ አውዳሚ መሳሪያ ይዘው ነው እንዴ የፍልስጤም ዜጎች የሚያልቁት ጋዛ እንዳልነበረች የሆነችው ነው ለአይሁድ ነፍስ አዝነው ነው ለምን እንዴናተው ያለ ሰው ይታዘበናል አትሉም እኛ በፍልስጤም ህዝብ ሞት ልቤ በሃዘን ቆስሎ መተንፈ	1	1	0	1	0	0
amh_train_track1_1370	የሃገራዊ ምክክር ኮሚሽን አመራር ከፍተኛ እውቀት ብቃት ልምድና ብስለት ባላቸው ኢትዮጵያውያን የሚመራ መሆኑን ግልጽ ሆኖ የቀረበው ውይይት ያሳያል ለቀረቡት ጥያቄዎች በኮሚሽኑ አመራር በኩል ግልጽና በቂ መልስ ተሰጥቶባቸዋል በኮሚሽኑ አሰራር ወሳኝ የሆነ ችግር ተነስተዋል ይህም የኮሚሽኑ ስራ ከኢትዮጵያ ህዝብ ጋር የሚያገናኝ የኮሙኒኬሽ ሥራ ደካማ ወይም የሌለ እንደሆነ ነው ይህ ችግር ለመንግስትም ይሁንን ለህብ በጣም አሳሳቢ ግዳይ ነው ሳይውል 	0	0	0	0	0	0
amh_train_track1_1371	በ አለም ላይ ውሸት በየቀኑ የሚፈብርክ እና የጠቅላይ ሚኒስትር ተራ ወሬ የሚያራግብ ቆሻሻ ድርጅት ነው	1	1	0	0	0	0
amh_train_track1_1372	ሲጀመር እኮ ሀማስ ነው ሰላማዊ ሰው በሰላም አገር መቶ ያፈነውም የገደለውም ስለዚህ የሚገባውን ነው እያገኘ ያለው ሰላምም አይፈልጉም ሲጀመር የነሱ ጦስ ለራሳቸውም ለንፁሀኑም ዜጋቸው ችግር እና ሞት ይዘው ነው የመጡት	1	0	0	0	0	0
amh_train_track1_1373	እች የጋላ ሀገር መቼ በቅርቡ ትፈርሳለች	0	1	0	0	0	0
amh_train_track1_1374	ምንህም አይመቸኝ ነበር ስራ ነገር ሁሉ መጋኛ የሆንክ መልካም የጨለማ ጉዞ አታፍርም እኮ ፕራንክ ነው ትል ይሆናል	1	1	0	0	0	0
amh_train_track1_1375	?ድህነትንና ባህልን አለመለየት! በጣም አሳሳቢ confusion	0	0	1	0	0	0
amh_train_track1_1376	አዲስ ዘመን እብናት አምደወርቅ ሰቆጣ እና በለሳ የሚያገናኘው መንገድ ለዘመናት እየተጠየቀ ምላሽ ያልተሠጠው ጥያቄ ነው። ለሀገር ያለው ፋይዳ፣የህብረተሠቡ ስቃይ እና መንገላታት ዋጋ	0	0	0	1	0	0
amh_train_track1_1377	ቀልድ አያልቅባቹህ ገና ሶማሌ መጣ ልትገርፍህ ነው ኢትዮጲያ በመሪዋ የተዋረደች አገር ሆነች ያሳዝናል	0	1	0	1	0	0
amh_train_track1_1378	አይ ሀማስ አለቀልህ አንተ ገብራይጥ ወጠህ እጅህን ወጠህ ብሰጥ ይሻልሀል ያገረህን ህዝብ ከማስጨርስ ይልቅ አንት ጭራቅ ክነትህ ሆድ መልስህ ብገባ እስራኤላውያን አይለቁህም ድል ለጀግኖች እስራኤላውያን ጀግነ ጀግነ ወታደረ አሉሽ እግዚአብሔር ይጠብቃቾህ አዳሜ የኢትዮጵያን ጉዳይ ትታቹህ ስላ እስራኤል እነ ፍልስጤም ታሽቃብጣላቹህ ሞት ለፍልስጤም	1	1	0	0	0	0
amh_train_track1_1379	ትላትና በጉጉት ስትጠብቅ ነበር ዛሬ ዬት ነች ቅማሞች ኑ ተለቆወል	0	0	0	0	1	0
amh_train_track1_1380	እውነተኝ ፍቅር ሀያል ነው  ሊዮ አሳዘነኝ	0	0	0	1	0	0
amh_train_track1_1381	አንተ ቆሻሻ ጥንብ የሆንክ ቀዳዳ ውሼት እንጂ ሌላ ወሬየለህም ነዳላ	1	1	0	0	0	0
amh_train_track1_1382	በዚህ እድሜህ ሲሸፈንብህ ያሳዝናል መታወርህ አንተም አገርህ እስራኤል ትዋረዳላችሁ ሀያል ብለህ ያሰብካት አገር ዱቄትነቷን ገብቶሀል ወደፊትም ይገባሀል	1	1	0	1	0	0
amh_train_track1_1383	አብይ ለአፍሪካ ስጋት ነዉ በአስቸኳይ መወገድ አለበት 	0	1	1	0	0	0
amh_train_track1_1384	ይህንንን ፕራንክ ነዉ በለን ...የአንተ ይሻላል ይመችህ	0	0	0	0	1	0
amh_train_track1_1385	ብልፅግና ሙሉ በሙሉ በሚባል ደረጃ ታይቶ የማይታወቅ የዲፕሎማሲ ክስረት ደርሶበታል አሁን ጥያቄው ሊጥ የሀፍረት ሸማውን ተጎናጽፎ ጭራውን ቆልፎ ይሮጣል ወይስ ኢትዮጵያን አጥፍቶ መጥፋትን ይመርጣል	0	1	0	0	0	0
amh_train_track1_1386	ጁሀር መሀመድ ምንም እንኳን እኩያዬ ቢሆንም የፖለቲካ ብስለቱ ህዝብን ይዞት ለተነሳው ዓላማ የማታገያ ስልቱ የፖለቲካ ትንታኔው እንዲሁም የአገራችንን ፖለቲካ አረዳዱን ሳላደንቅ አላልፍም የበኩሉን ድርሻ ግን ተወጥቷል የሚል እምነት አለኝ	0	0	0	0	1	0
amh_train_track1_1387	ከነሱ ጦርነት የኛ ጉደኞች ትገርማላቹሁ ድል ድል ስለአገራችሁም አታውቁም እንኳን ስለሰው አገር አስመሳዮች 😏😏😏 ሠላሙን ያወርደላቸው ፈጣሪ 😭😭😭	1	0	0	0	0	0
amh_train_track1_1388	የአማራ ህዝብ ስቃይ ሞት በድሮን መጨፍጨፍ ግን አይታያችሁማ  ውሾች እናንተን ብሎ ጋዜጠኛአስመሳይ	1	1	0	0	0	0
amh_train_track1_1389	እኛጋም ሞት አለ አሁን ኢትዮጲያ ውስጥ ሞት ነፍ ነው	0	0	0	1	0	0
amh_train_track1_1390	ጀውሀር መሀመድ ያው የፖለቲካ ሊቅነትህ ቀጥሏል አሏህ ይጠብቅህ ግን ዛሬ የደነቀኝ የደረጄ ጥያቄዎች ለካስ ሀገሬ አሁንም የሚጋፈጥላት ጋዜጠኛ አላት አስብሎኛል ሁለታችሁም ዘራችሁ ይባረክ አሏህ ይጠብቃችሁ ሰው በደረጃው ሲውል ዛሬ አየን ጀውሀር መሀመድ የሀገሬ መፍትሔ አንተ ጋር ነው ያለው	0	0	0	0	1	0
amh_train_track1_1391	ሰሌ ጅጋኑ እንኳን ደስ አለህ ደስ ብሎኛል ሁሉም ነገር ጥሩ እንደሚሆን ተስፋ አደርጋለሁ ?	0	0	0	0	1	0
amh_train_track1_1392	ጥፍረ መጥምጥ፡ “ጥፍሬን ስለማፍርበት እደብቀዋለሁ”	0	0	0	1	0	0
amh_train_track1_1393	የሚገርም ነው የአሜሪካ ምክር ቤት የምስክርነት ስብሰባ የተካሄደው እኮ የዛሬ ወር ነው የበሰበሰ ዜና እንዴ የምታወሩት ኤዲተር የላችሁም እንዴ	1	1	0	0	0	0
amh_train_track1_1394	እስላም ሰላም ነው እስላም ፍቅር ነው የተባለው ዝም ብሎ አይደላም አለም በዝህ መረጋገጥ ትችላለችአላሁመ እስተውዳነከ አላህ ያአሀል ጋዛ	0	0	0	0	0	0
amh_train_track1_1395	ምንድና አድስ ነገር እኮ አይደለም ሌብናት ስዎርድ ስዋራድ የማጠ ውብ በህለችን ነው አንች ደግሞ አድስ አንደታፈጠራ ነገር አደራግሽው በቃ አራደ ሌበ ነው በነገራችን ለይ ራሰውት ከንፈርሽ ለማሰም አርፍ ነው ምስጥር ነው እሽ	0	1	0	0	0	0
amh_train_track1_1396	እንዲህ በህፃንነትዋ የሰጣት ጥንካሬና እውቀት ትልቅ ቦታ ትደርሳለች።ጌታ ፀጋ ሰጥቶሻል መከራ የቻለ አሽናፊም ነው አይዞሽ።	0	0	0	0	1	0
amh_train_track1_1397	የአልፋሽካ ጉዳይ እኮ የቆየ ግጭት ነው ፣ ሁለት አመት ሞላው	0	0	0	0	0	0
amh_train_track1_1398	አለፍልህ የተረገመክ ሳኡዲ የታሰሩትን ዜጋ አስገባ እንባቸው ጎርፍ ሁኖ ይወስድህ ስም ፈላጊ 	1	1	0	0	0	0
amh_train_track1_1399	እና ወዳጄ ምነዉሳ ከሚከፈልህ ቆጥበህ የጉድጓድ ዉሃ ብታስቆፍርላቸዉ ምን ነበረበት? የወገን ፍቅር በቀላሉ እርዳታ ቢሆን መልካም አይሆንም?	1	0	0	0	0	0
amh_train_track1_1400	እፁዬ በጣም ጎበዝ ነው ምርጥ ብቃት ጀግና ውድድሩ ገና መጀመሩ ነው ከዚህ በላይ እንደምታስደምሚን አውቃለሁ	0	0	0	0	1	0
amh_train_track1_1401	ይህ ሁሉ ሠቃይና መከራ በሻሸመኔ የሚፈፀመው የኦርቶዶክስ ተዋህዶን ለማፅዳት የኦሮሚያ ክልል ቀጥተኛ ትዛዝ መሆኑን ተመልከቱምነው በቋቋው ለማስተማር ነው የሚሉ ሠዎች ?	1	1	0	0	0	0
amh_train_track1_1402	በኢትዮጵያ ሰዉች በየቀኑ ይሞታሉ ከኑሯቸዉ ይፈናቀላሉ በተኙበት በላያቸው ላይ እቤታቸዉ ይፈርሳል ወቶ መግባት ስጋት ሆኖል ከዉሬ ያለፈ ማንነዉ ይቼን ሀገር የሚታደጋት?	1	0	0	1	0	0
amh_train_track1_1403	ወይኔ አንጀቴን በልታኝ ነበር ጌታን ደሞ ያንተ ትዕግስት የልጃቹ ማማማር ባለቤትህ እንቁ ናት she have a big true love be blasssd !!!	0	0	0	0	1	0
amh_train_track1_1404	አቢይ አህመድ እና ሌሎች አጋሮቹ ለማ መገርሳ አባ ዱላ ጁነዲን ሳዶእና የኦሆዴድ ዘረኛ ድርጅት አባሎችና ጁዋር መሐመድ በቀለ ገርርባ መራራ ጉዲና ሌሎችም በውጭ ያሉ በኦሮ	0	1	0	0	0	0
amh_train_track1_1405	ቭላድሚር ፑቲን እና ኪም ጆንግ ኡን ሳተላይት በጦር መሳሪያ ሊቀያየሩ ነው ተባለ	0	0	0	0	0	0
amh_train_track1_1406	ይሄንን ፎቶ አነሳስ ሳላደንቅ አላልፍም	0	0	0	0	1	0
amh_train_track1_1407	ይህ የምንመለከተው የልዩሀይላችን ወከባዕንክልት ያሳዝናል አይገባቸውም፡፡	0	0	0	1	0	0
amh_train_track1_1408	ይህ ስራ ጥሩ አይመስለኝም እንደኔ እ	0	1	0	0	0	0
amh_train_track1_1409	ኧረ ሚኮ አሻራ ይመርመር ያማል ቅኔው ክክክይ	0	0	0	0	0	0
amh_train_track1_1410	እራሳችሁ ለጥፋችሁ ማስጮህ ትንሽ አይከብድም? ቢዬንስ ትንሽ እውነተኛ የሚመስል ነገር ለጥፉ በናንተ ቤት ህዝቡ ደደብ ነው በቃ።	1	1	0	0	0	0
amh_train_track1_1411	የናንተ ስነልቦና የሚገርም ነው፣ አስተሳሰባችሁ ከዚህ ህፃን እንኳን የሚሻል አለመሆኑን ሳይ የኢትዮጵያ በእንዲህ አይነት ግኡዝ ፍጥረት እየተመራ የት ሊደርስ እንደሚችል ሳስብ አዝናለሁ። ዘረኞች	1	0	0	1	0	0
amh_train_track1_1412	ሶማሊያ ታሸንፋለች ኦሮሞ ብልፅግና ይሸነፋል ብልፅግና ፋኖን ያልቻለ ሶማሊያን መገዳደር አይችልም ሞት ለመሀይሙ በሻሻው	1	1	0	0	0	0
amh_train_track1_1413	ኣይ ወያኔ ሜጀር ጄኔራል ኣበባውንና ክቡር ባጫ ደበሌን የመሳሰሉ ጀግኖችን ያለእድሚያቸው በጡረታ እንዴት እንዳሰናበቻቸው ትግሬ ስላልሆኑብቻ በጡረታ ያሳዝናል የለውጡ የኣብያችን የኢትዯጵያ ድንቅ ጀግኖች ናቸው	1	0	0	1	0	0
amh_train_track1_1414	እንደ ትዕዛዝ ወደ አንተ መቅረብ አያስፈልገኝም። ግን ለ150 ዓመታት ያህል ወደ እኔ የምትቀርበው አንተ ነህና ፈቅጄዋለሁ። ይቅርታ ጭንቅላቴ ላይ መደነስ አትችልም።	1	0	0	0	0	0
amh_train_track1_1415	በደቡብ አፍሪካ የሙስና ወንጀሎች መርማሪው ከልጃቸው ጋር ተገደሉ	0	0	0	1	0	0
amh_train_track1_1416	ሳታውቅ ያወቀች የሚመስላት ሰው ብትኖር አስቴር በዳኔ ናት። በጣም የሚገርም የተሳሳሳተ ትንታኔ ትሰጣለች። በጋሻውን ያሰሩት ፕሮቴስታንቶቹ ወገኖቻችሁ መሆኑን እንኳን አታውቅም። ያሰሩትም ኦርቶዶክሳዊ ስለመሰላቸው ነው። አንቺ ግን አስገራሚ አላዋቂ ነሽ።	0	1	0	0	0	1
amh_train_track1_1417	ድሮን ታንክ መድፍ ለተገፋው የአማራ ህዝብ ምኑም አይደሉም ለህዝቡ ያም ሞት ይህም ሞት ነው ስለሆነም የፋኖን ግስጋሴ ማንም አያቆመውም	1	0	0	0	0	0
amh_train_track1_1418	ዛፍ መቁረጥ እና ህዝብን መክዳት የአባቶቻቸው ታሪክ ነው፣ማይ ካድራ ትፍረድ፣ሰሜን ዕዝ፣ጭና ወዘተ የንፁሀን የዘር ፍጅት በዘርህላይ ይሁን አጨብጫቢዎችም እስከ 7ትውልዳችሁ አሚካላ ሁኑ የንፁሀን ደም ይፍረድባችሁ ።የበሻሻሻው አውሬ ልጆችህ አውሬ ይሁኑብህ	1	1	0	0	0	0
amh_train_track1_1419	ለዚያች የተንገላታች ሀገር በተግባር የምታሳየው የሚገርም ነው ስድቡን ዛቻውን ተቋቁመህ ሳይቸግርህ ፈጣሪ ይጠብቅህ ህገ መንግስቱን መቼስ አልቻልክም በርታ	0	0	0	0	1	0
amh_train_track1_1420	እፍፍይች አለም ላንዱ ስቃይ አዚዜ ና ጀብዴት የአላህ ሰላም በአለም ላይ የሰው ዘር በሙሉ ኢትዮጵያዬን ሰላምም እንዴት ያስፈራል	0	0	1	1	0	0
amh_train_track1_1421	እውነት ነው ምላሽ አይሰጡም ነበር ። ነገር ግን አሁን ብሬ ተመላሽ አርገውልኛል። ለደንበኛው በቂ ማብራሪያ ቢሰጡ ጥሩ ነበር አሁንም ጉዳዩን ማስረዳት የስፈልጋል ባይ ነኝ።	0	0	0	0	0	0
amh_train_track1_1422	አይደል ሀሀሀ እና ሙስሊሞችና ክርስቲያኖች የሚያከብሩት እንዴት ነው ነገሩ የፈጣሪ ጥቁር መሆን አስምሩበት	0	0	0	0	0	0
amh_train_track1_1423	ይሄ ሰውዬ ግን ሰው ነው ለምን በሱ ዘመን መከራ እንደበዛበት አይገባኝም	1	0	0	1	0	0
amh_train_track1_1424	አሚለው አባባል ውሸት መሆኑን ያረጋገጠ ብቸኛው ማዳጋስካራዊ ወያኔ አብይ አመድ	0	1	0	0	0	0
amh_train_track1_1425	ሀይማኖት ወይንም እምነት ከሁሉም በላይ መሆኑን የማታውቁ ብልጽግናዎች አለማወቃችሁ ምን አልባት የማይመለስ ኪሳራ ውስጥ እንዳያስገባችሁ ስጋት አለብኝ።	0	0	1	0	0	0
amh_train_track1_1426	እንደ አንተ አይነቱ ብስባሽ ከመሆን የአገር አለኝታ መሆናቸው ያኮራሉ አልቃሻ ስደተኛ ሁላ	0	1	0	0	0	0
amh_train_track1_1427	እዉነት ነው በሁላችንም ህመም አለ የቤታችን ጉድሁኖብን አፍነን እንኖራል በቤተሠብ መበደል አያጋጥም ነው በዛላይ ከፍቶን ሥንተነፍሥ ባለጌ ነው ሥማችን ያማልግን	0	0	0	1	0	0
amh_train_track1_1428	ሰመአቱ የነገርኩህ በሙሉ አድርገህልኛል የቀርኝ ነገ ወገኔን ከዚህ ችግር የማወጣበይን መንግድ ምራኝ እጀን አርዝመው የልቦናየን መሻት ፈጽምልኝ አምላከ ጊወርጊስ በዚህልክ የሰው ልጅ ሲከራተት ያማል ወገኔ ከሞቀ ቤቱ ዋቶ	0	0	0	1	0	0
amh_train_track1_1429	የሽብር ወንጀል ተከሳሾች ያቀረቡት የክስ መቃወሚያ በፍርድ ቤት ውድቅ ተደረገ	0	0	0	0	0	0
amh_train_track1_1430	ከ 30 ዓመት ድንገት ምነው ከኤርትራ ጋር አንድ እንደነበራችሁ ትዝ አላችሁ ? ከጥቂት ዓመታት በፊት ጠላት ነበሩ እኮ? አራሳች ቻሉ እን	1	0	0	0	0	0
amh_train_track1_1431	ሞኝ በእባብ ሁለቴ ይነደፋል አንዴ ሳያይ አንዴም ሲያሳይ የኛ አገር ጅላንፎ መንግስትም እንዲሁ ነው በዚህ ከቀጠለ ሲነደፍ ይኖራል።	0	1	0	0	0	0
amh_train_track1_1432	2) የሰላም ስምምነቱ ተጥሶ ሰራዊቱ ከትግራይ ብቻ ሳይሆን ስጋት ካለባቸው የአማራ አካባቢዎችም እንዲወጣ ተደርጓል። 3) ኦነግ ሸኔና ሌሎች አማራውን የሚያፈናቅ	0	0	0	0	0	0
amh_train_track1_1433	"""ኢህአዴግ ነፃ ገበያም፣ ነፃ ፖለቲካም አላካሄደም"" ፀደቀ ይሁኔ (ኢንጂነር )"	0	0	0	0	0	0
amh_train_track1_1434	ሩሲያ ምዕራባዊያን ለዩክሬን F16 የጦር ጀት ከሰጡ የከፋ አደጋ ይገጥማቸዋል ስትል ዛተች አሜሪካ እና አጋሮቿ ለዩክሬን ፓይለቶች የF16 አውሮፕላን ስልጠና ለመስጠት ወስነዋል።	0	0	0	0	0	0
amh_train_track1_1435	የፕራንክ ፋሽን ሲያልቅ ወደ አዳራሽ ዘለላ ገባህ እንድህ ነው ጊዜውን መከተል	0	1	0	0	0	0
amh_train_track1_1436	እንዴታይነት ጨካኝ ዘግናኝ ዘመን ላይ ደረስን ምነው እግዚያቢሄር ሆይ ዝምታህ በዛ 2አመት ጭቅላ ምንም የማያውቅ እንስሳ ይገላሉአይይፈጣሪዬ ፍረድ ምነው ቀለቡ ቢቀር ኡፍፍ	0	0	0	1	0	0
amh_train_track1_1437	የምርሽን ነው 😂😂😂ተሽኮረመምሽ አይ ዲጄ ሊ	0	0	0	0	0	0
amh_train_track1_1438	ልብሳቸው ተገፎ ጋዛ ውስጥ በእስራኤል ወታደሮች የተያዙ ፍልስጤማውያን ወንዶችን የሚያሳይ ቪድዮ ይፋ ሆነ	0	0	0	0	0	0
amh_train_track1_1439	የዓየር ሀይሉ እድገት የቀድሞ የኢትዮጵያ ዓየር ሀይልን ብቃት ለመመለስ የሚደረገው ጥረት ይበል ያሰኛል ችሎታውም ጭምር የአንድ ሀገር ሠራዊት ብቃት የሚለካው ከባዕዳንጋር በማያደርገው የሊዓላዊነት የማስከበር ግዳጅ እንጂ በርስ በርስ ጦርነት አለመሆኑን መረዳት ግድ ይላል	0	0	0	0	1	0
amh_train_track1_1440	እሄ እርኩስ ለምን ተከናነበ፣ቆሻሻ ምክንያቱም ተገዝቶ ስለመጣ ነው፣ዋናው ነገር እዚህ ሀገር ጥሩ ሰራህ አልሰራህ ከዚያ ወገን ምስጋና ስለሌህ ኦሮሞ እርስ በእ	1	1	0	0	0	0
amh_train_track1_1441	በሰላም አማራን መግደል መቀጠል አለበት ማለት ይሆን? ድጋፍ ሲጠፋ የብሄር ጉያ ውስጥ መሸሸግ የውድቀት ምልክት ነው።	1	0	0	0	0	0
amh_train_track1_1442	የናቴ ትውልድ ቦታ ኢተያ ነው ከባድ መንፈስ ያለበት የጠንቋይ አገር ነው አደበዪ	0	0	0	0	0	0
amh_train_track1_1443	መሠረት አበራ ብሎ የፖለቲካ ተንታኝ የሚገርም አገር	1	0	0	0	0	1
amh_train_track1_1444	አሁንም የልብ ልብ ተሰምቷቸው በአዋጅ ይህን እናደርጋለን የሚሉ ፅንፈኞችን መንግሰት እርምጃ ቢወሰድና በሚዲያ ለሕዝቡ ቢገለፅ ሌላው ጥፋተኛ ከድርጊቱ ይቆጠብ ነበር ችግሩ ጠላት በሚነዛው ፖለቲካ እና ሰውን በመግደል መንግሰት እንዲጠላ በማድረግ ከፍተኛ ሰራ እየሰራ የመንግሰት ሚዳያ ዘገባ ያን ያህል ሰለሆነ ሕዝቡ እየተረበሸ እያመነታ ነውና ቢታሰብቡት	1	0	0	0	0	0
amh_train_track1_1445	እናመሰግናለን አባ በቃ ለዚህች ከንቱ ዓለም ሙገሳ እና ገንዘብ ብለን ያሳደገችንን ቅድስት ተዋህዶ ቤተክርስቲያንን ማፈራረስ እና ማዋከብ ያሳፍራል እግዚአብሔር ቢዘገይም ፍርዱን ይሰጣል	0	0	0	1	0	0
amh_train_track1_1446	ሩሲያ በጥቁር ባሕር ላይ የጦር ሰፈር ግንባታዋን ታቁም ስትል ጆርጂያ አቤቱታዋን ለኔቶ አቀረበች	0	0	0	0	0	0
amh_train_track1_1447	ዳሌ ሲያዬ የልብ ድካም ያለባቸውን ወጠጤወች ከትወና ውጭ ብታደርጉ መልካም ነው	0	1	0	0	0	0
amh_train_track1_1448	የሆነ ልጅ አለኮ ? የሱ ፍቅር አናውዟታል	0	1	0	0	0	0
amh_train_track1_1449	የሰራች ሁት ግፍ ድንገት ብታመልጥ ልጅህ ላይ የጠጣች ሁት የደሃ ደም የሽማግሌዎች እንባ ካንሰር ሆኖ ቤተሰብህንም አንተንም ሳትሞት ሸተህ ትበሰብሳለህ	1	1	0	0	0	0
amh_train_track1_1450	ለአንዳንድ መራራ ክኒኖች ከውሻነት ይልቅ አጽንዖት የተሰጠው ስምምነት መዋጥ አለበት። የሁሉም ወገን ቅንዓት ተችቷል። የ hullabaloo ዋስትና ለመስጠት	0	1	0	0	0	0
amh_train_track1_1451	እግዚአብሔር ያክብርሽ ዲጄ ሊ እኔ አለባበስሽን አልወደውም ነበር ነገር ግን ለሰው ያለሽ ክብርና ስርአትሽ አስደምሞኛል ክበሪልን ትልቅ ሰው ነሽ በእውነት ክብድብድ ያላለ ስርአቱን የጠበቀ ስርፕራይዝ ወደድናችሁ ሲባሉ አርባ ሺ ክንድ ለሚርቁ አርቲስቶች ጥሩ አርእያቸው ሆነሻል ጎበዝ።	0	0	0	0	1	1
amh_train_track1_1452	ደሬ ያንተን ፕሮግራም ማየት እርጎ መጠጣት በለው ጀዌ በዚህ ልክ መቀዝቀዙ ደሞ ይደንቃል ያዝልቅለት እንመርጠዋለን አንደኛውን እሱ ይሻለናል	0	0	0	0	1	0
amh_train_track1_1453	ቤተክርስቲያኒቱ ጥሩ እድል እጁዋ ላይ ገብቱዋልከዚህ በሁዋላ መንግስት የለ ግለሰብ ማንም ቀና ብሎ እንዳያያት አድርጋ።ካልደረሱባት እማንም ላይ እንደማትደርስ ከደረሱባት ግን እንደ	1	0	0	0	0	0
amh_train_track1_1454	ሀሀ ገና ከምድረ ገፅ ይጠፋሉ ሞት ለነብሰ በላወች የሰው ጅቦች ድል እግዚአብሔር ለመረጠው ለእስራኤል ህዝብ 	0	1	0	0	0	0
amh_train_track1_1455	በአማራ ሕዝብ ላይ የተፈፀመው ፥ እየተፈፀመም ያለው ግፍ በሌላ ብሔር ላይ ብሆን እስካሁን 30 አኖሌ ሐውልት በየከተማው ይቆም ነበር ።	1	0	0	1	0	0
amh_train_track1_1456	እኔም እንዳንተ ያንገበግበኛል፣ ግሪድ ተሸካሚና የባቡር ሃዲድ ኬብል፣ የመንገድ የብረት አጥር ሌቦች እስከ ሞት የሚያደርስ ቅጣት ይገባቸዋል፣ ከዚህ የባሰ የሞራል ዝቀት የለም።	1	0	0	0	0	0
amh_train_track1_1457	በጋምቤላ ቢያንስ 30 የውጭ አገር ስደተኞች በረሃብ እና በደረሱባቸው ጥቃቶች መሞታቸው ተገለጸ	0	0	0	1	0	0
amh_train_track1_1458	በጣም ይገርመኛል አሁንም ልክ ቸር ይሰጣል ሀገሪቱን በኢኮኖሚ እና በሰላም እጦት እየተሰቃየ አጅሬው አሁንም ካድሬዎቹን ሰብስቦ በህዝብ ቲቪ ይሳለቃል ያሳዝናል	0	0	0	1	0	0
amh_train_track1_1459	ያልመረረው የለም እዚች ሀገር ውስጥ። ሱዳን ዳቦ ላይ ጭማሪ ተደረገ ብሎ መንግስት ይጥላል የእኛ ህዝብ ምን እስኪሆን እንደሚጠብቅ እንጃ። የሚገርም ነው። መ	1	0	0	1	0	0
amh_train_track1_1460	 ይሄ ደናቁርት የወሎ ክልል ሊመሠርት ነው ትግሬና አማራ ጥላቻው ንቀቱ ከመጠን በላይ ነው አማራ ትህነግ ይግባ ሲል ነበር ያለው ትህነግ ቢመለስ አሁን አብይ አህመድ ከሚሰራው ምን የተለየ ይሰሩ ነበር አማራውን አክብረውና ወደው ቤተሰቡን እና ሀብቱን ባይነኩበት የማርያም መንገድ ይሰጣቸው ነበር እነሱ ዛሬም አብይ እየጠበጠባቸው በአማራ ኤሊትና ፋኖ ይቃዣሉ ትህነግ ፸፭ ከመቶ የሀገር ጦር መሳሪያ ይዞ አልተሳካለትም ትህነግ ሲጠየቅ ግን የፋ	1	1	0	0	0	0
amh_train_track1_1461	እጅግ የፍልስጤም ሰቆቃ ልቤን ይበላኛል ግን ከተፈቱ በኃላም ልትገድላቸው ነው እኮ 	0	0	0	1	0	0
amh_train_track1_1462	ህቡን እኮ ነውሸት አጀንዳ እየሰጣችሁ ፈሪና ተጠራጣሪ ያደረጋችሁት እናንተ ወጪ ያላችሁ መከራ የማያገኛችሁ በህዝብ ደም የምትቀልዱ ናችሁ መምራትማ ድብን አድርገው ይችላሉ	1	1	0	0	0	0
amh_train_track1_1463	ሙስሊም ሞት አይፈራም ድል ለፍልስጤም	1	0	0	0	0	0
amh_train_track1_1464	ምን አገባህ የደስታ ምንጭህ የትግራይ ስቃይ ነው እንዳሰብከው አይደለም የትግራይ ህዝብ በቀላል አይሰበረም አንድ በአንድ የለኮሳችሁት እሳት እየለበለባችሁ ነው	1	1	0	0	0	0
amh_train_track1_1465	ይህ ከአንድ ጤና ከሆነ ገለሰብ በተለይበተለይ ታላቁዋን የጥቁር ህዝቦች ሁሉ ኩራት የሆንችውን ኢትዮጵያን በመምራት ላይ ካለ ግለሰብ የማይጠበቅ ውርደት ቅሌት አሳፋሪ ንግግር ነው እባካችሁ ወገኖች ሁሉ በጥሞና አጢኑት ንግግሩን ባገሪቱ ላይ አሁን በዚች ቅጽበት የሚሞቱትን ወጣቶች ስናስብ ከፊታቸሁ ቆሞ መንም እንዳልተፈጠረ እያካሄደ ያለውን ስናሰብ ሰወነቱ ሁሉ ማታለሉን ነው የሚያሳየው እግዚኦ አምላክ ያስጮሀል ሰው ሆነን እንዳልኖርን ነ	1	1	0	1	0	0
amh_train_track1_1466	በኢትዮጵያ በተለይ ባለፉት 2 ዓመታት የነበረው ጦርነት እና እዚህም እዚያም የሚያጋጥሙ ግጭቶች ሀገሪቱን ብዙ ዋጋ አስከፍሏታል፡፡ የውጭ ቀጥተኛ ኢንቨስትመንት ደግሞ አንደኛው ተጎጂ ዘርፍ ነው፡፡ 22	0	0	0	1	0	0
amh_train_track1_1467	በትግራይ ህዝብ ላይ የተፈፀመው ግፍ መከራ መጠኑና ጥልቀቱ የሰው ፍጡር ከሚገምተውና ከሚያስበው በላይ ነው የአማራ ታጣቂ ሐይሎች በሸራሮ ከተማ በእርጉዝ እናት ላይ ፆታዊ ጥቃት እና	0	1	0	1	0	0
amh_train_track1_1468	አይ ጋዜጠኛ ሞት ይሻላል ለማይረባ ደሞዝ ተፅፎ የተሰጠውን ያነባለሰ	1	0	0	1	0	0
amh_train_track1_1469	እባካችሁ ጥቁር ፍቅር በጥራት ልቀቁት የቃና ምርጡ ፊልም በጥራት የለም	1	0	0	0	0	0
amh_train_track1_1470	ዋይይ በጣም ያሳዝናል ትግራይን በሻሻ ያደረገ አየር ሃይል አቢይ አሕመድ እዛ ውስጥ የትግራይ መሪዎች ማየት እጅግ ያሳዝናል እንድ ሃሙስ የቀረው ብልፅግና ምቀባጠር እብደት ነው አቢይ ጆኖሳይደር የትግራይ ህዝብ ያፀነተ አረመኔ መንግስት	0	1	0	1	0	0
amh_train_track1_1471	የወንጌል ባላደራ ስም እና ምግባራቹ የማይመመሳሰል ገቢ ነው የሚባለው ምን አውቆ ነው ከዚህ ሰው የሚሻለው ዘረኛ ሰውን ወንጌላዊ የሚሆነው ምን ላይ ነው የተፃፈው	1	0	0	0	0	0
amh_train_track1_1472	እቤቱ መድህን አለም እይሱስ ክርስቶስ ብምድራችን የሆነብንን መከራ አስበህ ልህዝባችን ፍቅርን ለመንግስት ማስተዋልን ለእምነታችን ጥንካሬን አስብልን በቃ በለን	0	0	0	1	0	0
amh_train_track1_1473	አይ ሰው መሆን ከንቱ  ኮሜቶችየ በቅንነት መልሱልኝ አውቃለሁ የመሬት ችግር እንዳለ ግን እዚ ፎቅ ላይ ቁም ሳጥኑ አይበሰብስምን እይሸትምን ክርስቲያን ከቤተክርስቲያን 40 ክንድ እርቆ መቀበር የለበትም እና እንዴት ነው በፈጣሪ በጣም ያስፈራል 	0	0	1	1	0	0
amh_train_track1_1474	ትክክል እየተሰራ ነዉ። ሸዋ ሮቢት ደስ ይላል። ባህር ዳር ሲደርስ ደሞ በጣም እንደሚያምር እርግጠኛ ነኝ።ከዛ በራራን እናሳምራታለን። ላንቺ	0	0	0	0	1	0
amh_train_track1_1475	እናንተ እስክትበስሉ አገሬ አረረች እንጅ እሱማ ወደው ሳይሆን ተገዳዳሪ ስለተፈጠረ ሳይወዱ በግድ ወደ ሰላም ይገባሉ ከስሜታዊነት ሲወርድ ጀዋርም በሳልና አዋቂ ፖለቲከኛ መሆኑን አየን ደረጄ ግን ኢትዬጵያ ካሏት ጥቂት በሳል ጋዜጠኞች አንዱ ስለሆንክ ክብር ይገባሃል	0	0	0	0	1	0
amh_train_track1_1476	አታንቦጫርቁ መንግስት ካለፈው መከራ ይልቅ ከፊቱ ያለው እጅግ ቀሽሙ ነው ከሕወሀትና ከምራባዊያን በላይ ግብፅን ጨምሮ አገረ ውስጥ ካለው ምስጥ ያለፈን መንግስት በዚህ ቀሽ	1	1	0	0	0	0
amh_train_track1_1477	አይዛሽ የኔማርር በርች የኔልዩዩ ላገባ እልና እተወዋለሁ አይይ የሳኡድ ወዱች አላህ ያዘነላቸው ሲቀሩ ደነዙች ናቸውማርገዝን በጣም እፈራለሁ ወላሂ ዝምበይ የምወደውንምልጅ ትቸ እየኑረኩነው አልሀምዱሊላ	0	0	0	1	0	0
amh_train_track1_1478	ፈሳም። ምድረ ቅዘናም! ገና ብዙ ሰርፕራይዝ ታያለህ። ምነው? የፊውዳሎች ቤተመንግስት ይረሳል ብለህ ሰጋህ? ገና ገና ብዙ ፕሮጀክቶች አሉ።	0	1	0	0	0	0
amh_train_track1_1479	የአመራሮች የህዝብን ወቅታዊ ሁኔታ ከምንም አለመቁጠር የሚገርም ነገር ነው	1	0	0	0	0	0
amh_train_track1_1480	በመከላከያ ስም ዘው ብሎ ወደ አማራ የገባው ሀይል እጅግ በሚገርም ሁኔታ እየረገፉ ነው	0	0	0	0	0	0
amh_train_track1_1481	ከወዲ አፎምጋ ኢሱ ጦርነት ?ከጎረቤት ተስማማማ ከተስማማማን የኢሱ የኛ ነዉ የኢትዮጵያም የወዲአፎም የኣሱ ነዉ ደሞ ከኤርትራምጋ ጦርነት ኧረ አሰተዉል ወይ ሰብስበኸን በድማሚት አጥፋን ከነሲጋ ከምታጣላን በሰላም ማወያየት አለቀ ጦሮነት ሸለቸን ህዝባችን በማለቁ ገና ጣልያን አሁን ብትመጣ ማ እንደሚመልሳት አንተ ታዉቃለህ እንደድሮዉ አናሸንፋትም ስኢትዮጵያ አረቀህ አሰብ ህዝብ አልቋል ብቻህን ልትቀመጥነዉ አብይ በበበሽታዉ በኑ	0	1	0	0	0	0
amh_train_track1_1482	ደስታ የራቃት የቤተልሔም ከተማ	0	0	0	1	0	0
amh_train_track1_1483	ለአንተ እንዳይከፋህ ያድርግልን ደስ ይለናል! እነሱ በየ 6 ወሩ ይመለሳሉ ወደ ኋላ ሄደህ ዜናዎችን ሪፈር አድርግ ወይም ጠይቅ	0	0	0	0	0	0
amh_train_track1_1484	የመላከ መንክራት መምህር ግርማ ወንድም የፈውስ እና የትምህርት vcd  እያንዳንዱ በራሱ ምኞት ሲሳብና ሲታለል ይፈተናል። ከዚህ በኋላ ምኞት ፀንሳ ኃጢአትን ትወልዳለች ኃጢአትም ካደገች በኋላ ሞትን ትወልዳለች ። ...ቃሉን የምታደርጉ ሁኑ እንጂ ራሳችሁን እያሳታችሁ የምትሰሙ ብቻ አትሁኑ ። ‼️...አንደበቱን ሳይገታ ልቡን እያሳተ እግዚአብሔርን የሚያመልክ የሚመስለው ማንም ቢኖር የእርሱ አምልኮ ከንቱ ነው ።  htttps:///t.me/me	0	0	0	0	0	0
amh_train_track1_1485	ስንቱ ምስኪን ሞተ በአንተ ምክንያት አላህ ይፋረዳሃል	1	1	0	0	0	0
amh_train_track1_1486	በአንድ ሰው ሞት ምክንያት የስንቱ ንፁሃን ደም በከንቱ ፈሰሰ	0	0	0	1	0	0
amh_train_track1_1487	ሙስሊሙ የአማራውን ኤሊት እንዲቃወም ያደረገው በአቅጣጫ ደረጃ የተነደፈ ጥላቻ አለው ብሎ ስላመነ፣ የመንግስትን ሀይል ሙስሊሙን ለማዳከም ስለተጠቀመ ነው። መቼ ? የት? ምንጭ?	1	0	0	0	0	0
amh_train_track1_1488	ኤርገዶ፤ አንተ ማንሆነህ ነው ሰገጤ ሰገጤ የምትለው?	0	1	0	0	0	0
amh_train_track1_1489	እኝ አውሬ መጥፋቸው ነው እናት የለ እፃን አሮጊት ሴት ልጅ ወጣት ምን ቀራቸው	1	0	0	0	0	0
amh_train_track1_1490	Shishay Teklemariam ሞተህ ከበሰበስክማ በክርስቶስ ማመን ከንቱ ሆነ፤ የክርስቶስ የሆኑት ህያዋን ናቸው፤ ክርስቶስ ህያው ስለሆነ	0	1	0	0	0	0
amh_train_track1_1491	የኛ አዘፋ የከፋ ነው ቦሌ ሚካኤል ያሉት ሶማሊያን 	0	0	0	0	0	0
amh_train_track1_1492	ኢትዮጵያ በታላቁ መሪ አብያችን በቀይ ባህር ላይ ታላቅ ድል ተጎናጸፈች ጠላቶቻችን የሞት ሞት ሞቱ የኢትዮጵያ ብልፅግና ትንሳኤ ተበሰረ አብቹ እናመሰግናለን ከሱማሌ ላንድ ወንድሞቻችን አብረን ለምተን እንሻገራለን	0	0	0	0	1	0
amh_train_track1_1493	በዩኬ ክብደት የሚቀንስ መርፌ ሊሰጥ ነው	0	0	0	0	0	0
amh_train_track1_1494	ይልቅ ይህንን የመሠለ ዘግናኝ ግፍ የፈጸሙ ነፍሰ ገዳዮች በገለልተኛ ወገን ተጣርቶ ለፍርድ እንዲቀርብ በማድረጉ ትግል ላይ እንጠንክር ። ክቡር አምባሳደር የፓ	1	0	0	1	0	0
amh_train_track1_1495	የመቶ ዓመት እድፍ የሚል መዝሙር ካልዘመርኽ እየተባለ ሲታመስ ከሚውል ተማሪ 3 ብቻ ማለፉ የሚገርም አይደለም። ህዝባዊ አቢዎት! AmharaRevolution	1	0	0	0	0	0
amh_train_track1_1496	የአለማችን አሸባሪ ቁጥር አንድ አሜሪካ እና አስራኤል እንግሊዝ ባጠቃላይ ኔቶ ባጠቃላይ ሙስሊም አሸባሪ ሆኖም አያውቅም	0	1	0	0	0	0
amh_train_track1_1497	እያለ ፀጋዬ አራርሳ በወገን ሞት ጭራሽ መልሶ አማራን እየከሰሰ፤ ለምን ሃይማኖትን በተመለከተ ለተከሰተው ችግር እኔ በማስበው መንገድ ለምን ኮሜንት አልተደረገም	1	0	0	1	0	0
amh_train_track1_1498	ገድላችሁ ሀውልት የማቆሞ ብርታቱን ማግኝታችሁን ሳላደንቅ አላልፍም የእናንንተም ወደፊት በዚሁ መልኩ ሀውልታችሁ በሌሎች ገዳዮች መቆሙ አይቀርም ምንም ይሁን	1	1	0	0	0	0
amh_train_track1_1499	ይሄ ኡመር አቃጥሎ ሊገለኝ ነው አሁንም ለበቀል ነው ጉሩሉን ይቅርታ የሚጠይቃት ምኑ አስመሳይ ነው	1	0	0	0	0	0
amh_train_track1_1500	በጣም ህድልኞች ናችው ህናታችው በህይወት ህያሉ ሰርፕራይዝ ማድረግ ማለት መታደል ነው እግዚያብህር ይባርካችው	0	0	0	0	1	0
amh_train_track1_1501	እናንተም ተርኛመሆናችሁ ይገርማል ሁሌ ከህዉሀት እራስ ስለማትወርዱ አትርቡም እሸ ኢሳት ነበራችሁ አሁን ደሞ ተቀይራችሁ 360 እናንተ አትርቡም አስመሳይ አናንተስ አማራ አማራ ስትሉ አል ነበርም	1	1	0	0	0	0
amh_train_track1_1502	 ሰላም ውድ ኢትዮጵያውያን ወገኖቼ ዛሬ ቢጥመንም ቢመረንም በቃ በብዙ ካስተዋልኩት አንድ እውነት ልናገር አዎ በብሄር በጎሳ በሃገር በቀለም በጥቅም ብዙ ጊዜ በነገሮች አብሶ በብሄርና በሃይማኖት ወገኖተኝነትን አያለው ግን ከሁለቱ የከፋ አላየውም ቀለምና ሃይማኖት አሁን ላነሳ የፈለኩትም ሁለቱ ላይ ነው በዘር ስመጣ በኛ ሃገር የተግማማና የተጨመላለቀ ፖለቲካ መመልከትና ማዳመጡ በቂ ነው ነው ለዚህ ሁሉ የወገን ስቃይ ኢሄው ቆሻሻ ወገንተኝነት በመ	1	1	0	0	0	0
amh_train_track1_1503	ታላቋ ኦርቶዶክስ ቤተክርስቲያን ታውካ አማራ ከመቸውም ጊዜ በላይ ህልውናው አደጋ ላይ ወድቆ ይህ መርዘኛና አደገኛ ሰውየ ዛሬም ማሳ ሲጎበኝ አገኘሁት! ይህ የ	1	1	0	0	0	0
amh_train_track1_1504	በጣም ያሳዝናል በጣም ተሥፋ አርጌ ነበር	0	0	0	1	0	0
amh_train_track1_1505	በሱዳን ተይዞብናል የምትሉትን መሬት ማስመለስ ያልቻለ መከላከያ አሁን አንተ የምትደሰኩርለትን ያህል ጠንካራ አይደለም ከአፍሪካ አስፈሪው የጦር ሃይል ብለህ ስትበጠረቅ ትንሽ አፍህን ያዝ ልብህን ስቅ አላደረገህም ጉራችሁ ሰለቸን	1	1	0	0	0	0
amh_train_track1_1506	አይ ምድረ ደደደብ ከመጀመርያው መሸሸሸግያውን አሰናድቶ ጥሩ አገር የተቀመጠውን የአፍሪካ አንድ ቁጥር ደንቆሮ ንግግግር እንደምሳሌ ስትቆጥሪ አንተ ጠያቂዋ ደደደብ ነሽ ።	0	1	0	0	0	0
amh_train_track1_1507	ጋዘጠኛ ዓለምነህዋሴ በርታ ጎበዝ ተንታኝ ነህ ባንተ ትንታኔ ብዙ እውቀት እንዳገኝ አርገህኛል	0	0	0	0	1	0
amh_train_track1_1508	ወይ ጉድ? በየዘርፉ ነው ዘረፋው? እኔ ደግሞ ያልገባኝ ዘረፋ ከንግድ ባንክ ወደ አቢሲኒያ ባንክ በሞባይል ሳስተላልፍ 20,000 ብር 48ብር ቻርጅ ያደረጉኝ እጅግ የሚገርም ዘረፋ ብየዋለው ግን ለምን? እንደዚህ ነው የሚተማመኑበት ባንክ?	1	0	0	0	0	1
amh_train_track1_1509	በግድ ቀለም እያስገዛችሁ የሱቃችሁን በር ካልቀባችሁ ብላችሁ ጣሊያን እንኳ በግድ ያላስደረገውን ነገር ሁሉ ጭናችሁብናል!!! ቀለሙን አልቀባም ያለ ያው ይሾታል ስለዚህ በሌለ ብር በግድ እያስቀባችሁን ነው ያሳዝናል !!!	1	0	0	1	0	0
amh_train_track1_1510	አሸባሪ ፋኖ ምን ይሰራል ላልበላ ለይ የራሱን ቅርፅ የምደፈር ያየዉትህ አሸባሪ ጽንፍኛ አሸባሪ ፋኖ ነዉ  እዛዉ እርሰ በራሳቹዉ ተባሉዉ የታሪከከ አተላ ጽንፍኛ 	1	1	0	0	0	0
amh_train_track1_1511	አሁናዊ የአማራ የፖለቲካ መንገድ እና አካሄድ ኢህአፓ በ1960ዎቹ ስያራምደው የነበረው የከተማ ሽብር ግድያ እና ከፍተኛ የሆነ የሚዲያ የጥላቻ ዘመቻ ምኑም ሳይቀየር ተመሳሳይ ነው፡	0	1	0	0	0	0
amh_train_track1_1512	አንተ ሰብአዊ ሰው ነህ ብዬ ስለማስብ ነው ከዚህ በጣም የተሻልክሞ 	0	0	0	0	1	0
amh_train_track1_1513	እኛስ አፍረንባቸዋል ሀገር ያስጠብቃሉ ብለን አምነናቸው ሀገር ሳይሆን ሰፈር እንጠብቃለን ቢሉን አፈርን።እስከ ዛሬ ሀገር ጠብቀው ዛሬ ባሉበት እድሜ መከበር የሚገባቸው	0	1	0	1	0	0
amh_train_track1_1514	አረብ ኤምሬትስ በየመን ፖለቲካዊ ግድያዎችን በገንዘብ መደገፏን የቢቢሲ ምርመራ አጋለጠ	0	0	0	0	0	0
amh_train_track1_1515	ይኸ ቆሻሻ በትግራይ ህዝብ ያለዉ ጥላቻ ቀይ መስመር ያለፈ ነዉ ወልቃይት ማይፀብሪ ማይጋባ ሑመራ ማይካድራ የነበሩና ፍጹም የትግርኛ ስሞች ናቸዉ ትግራይ በራሱ ምድር እንደፈለገ ቢዘዋወር አንተ ምንአባትህ አገባህ ምዕራብ ትግራይ ይቅርእና ምድረ ባሕሪ ቀይባሕርም የ ትግራይ ነዉ አንተ ቆሻሻ ዲቃላ ትግርኛ ተናጋሪ ከ እንጊድህ አንድ እንደሆነና እንደሚሆን አትጠራጠር	1	1	0	0	0	0
amh_train_track1_1516	የሁለቱን ህዝቦች ፍቅር ያቆይልን	0	0	0	0	1	0
amh_train_track1_1517	በቃ ተረሱዑ ኩሉ በስመአም ምስጋና ወረቀት ሆ አጀኺ ትግራይ ህዝብ ትግራይ ማለቅ አለቤት አንድ እንዳይ ቀር እንደሰጣን መታየት አለቤት በሉ የሰበከ የሰጣን ጭራሽ አይ ትግራይ ዓደይ	0	1	0	1	0	0
amh_train_track1_1518	ለዚህ ሁሉ ሞት እና ነፍሰ ጡር ህጻን ጭፍጭፋ የሱ እጅ ነው ማለት ነው። አቤት ቀኑ የደረሰ ለታ!	1	0	0	0	0	0
amh_train_track1_1519	እስቲ እስከ ነገ አንድ challenge እናዘጋጅ ኦርቶዶክሳዊ ወጣት ሁሉ የትንሳኤውን አዳር ቤተክርስቲያን ያድርግ! እስቲ ይህቺ ውብ ቤተክርስቲያን ለትንሳኤው በማኅሌቷ ምንድነ	0	0	0	0	0	0
amh_train_track1_1520	Wooo ሚኮ እንኩዋን በሰላም መጣክ ውዴ እውናታው እየሱስ ትባረክ ስለ አንተ እግዚአብሔርን አመሰግናለሁ ክብር ለሱ ይሁን እልልል እልልል ጠላት ግራ ይግባው	0	0	0	0	1	0
amh_train_track1_1521	በነገራችን ላይ ጦርነቱን ከሀይማኖት ጋር የምታገናኙት ሰዎች በጣም ታሳዝናላቹህ እኔ ክርስቲያን ነኝ ያዉም ኦርቶዶክስ ግን ፈላስጢኖች ሀቅ አላቸዉ ብዙ ተበድለዋል ብዙ ህፃናት በግፍ ተገድለዋል  በጣም ያማል በተለይ ህፃናት እና ሴቶች የጦርነቱ ሰለባ ሆነዋል ልብ ይሰብራል ፈለስጢኖች ፍትህ ይገባቸዋል ፈጣሪ ይርዳቸዉ ለሁሉም የአለም ህዝብ ሰላም ይስጠን	1	0	0	1	0	0
amh_train_track1_1522	መግለጫዉ ሲጠቃለል “ለአብይ አሕመድ እና ለኦሕዴድ አሽከር መሆናችንንን በመቀጠል አማራን እና አማርኛ ተናጋሪ ሕዝቦችን ከምድረገፅ ላይ ለማጥፋት የሚደረገዉ እንቅስቃሴን እንደግፋለን ለስኬቱም እንታገላለን። ድል ለታላቁ መሪ አብይ አሕመድ እና ድርጅቱ ኦሕዴድ። ጥፋት ለፋኖ፣ ለልዩ ሀይላችን፣ አብይን ለሚቃወሙ አማራዎች፣ እና ዉጪ ሀገር ላሉ አማራዎች።” የሚል አንደምታ አለዉ። ብአዴኖች ሕዝባችሁን እናዳዋረዳችሁ፣ ሁሌ ተዋረዱ፣ ዉርደታሞ	1	1	0	0	0	0
amh_train_track1_1523	ይበለው አለአቅሙ ጀምሮ ደሞም ህፃናትን እንደጋሻ የሚጠቀምባቸው ራሱ ሀማስ ነው እነ አሜሪካ እስራኤልን የሚደግፉት እውነቱን ይዘው ነው እንጅ ያለእውቀት አይደለም ለዚህ ሁሉ እልቂት ተጠያቂው ድሃው መምራት የማይችለው ሀማስ ነው ሀማስ ራሱም እየገደላቸው ነው ሰላም ለምስኪኖች	1	1	0	0	0	0
amh_train_track1_1524	ወይኔ የኔ ምስኪን ጄብዴት ስቃይ እና እንግልቱ በጣም ያሳዝነኛል	0	0	0	1	0	0
amh_train_track1_1525	ሞት ሞት ሽተተዉ እኮ ገና ምን አይተህ አማራ ክልል ፋኖ ያልፈቀደለት አማራ ክልል ውስጥ አይኖርም	1	0	0	0	0	0
amh_train_track1_1526	በዚህ #የአለም መጨረሻ ደርሷል እያለን በዚልህ የYouTube አካውንቴን subscribe አርጉ ይለናል እንዴ ከንቱ አለም 🥺	1	0	0	0	0	0
amh_train_track1_1527	ምንይሊክ ዛሬም ንጉስ ነው ዝቅታ እና መሸበር አንድ የሰውነት አካልህ መሆኑን ማሳያው ይህ ነው	1	1	0	0	0	0
amh_train_track1_1528	ልጁ ጨዋ ነው እሷም ያው ፕራንክ ነው ያደረገችው	0	0	0	0	0	0
amh_train_track1_1529	አንጀቴ አሮ ከስሏል እንጅ ታርሰኸው ነበር  እድሜ ይስጥህ እንዲህ ሰው ሲነካ	0	0	0	1	1	0
amh_train_track1_1530	ቅን ማሰብን እንልመድ ስድብና ጥላቻ ከእኛ ይራቅ	0	0	0	0	0	0
amh_train_track1_1531	ተመልከቱ የፅንፈኛውን ቡድን ስራ? ዘገባው የደብረ ኤልያስ ኮሚኒኬሽን ነው። ገዳማት ውስጥ ከትሞ ይሰለጥናል፣ምሽግ ቆፍሮ ይተኩሳል ከዛ ሲራገፍ ፀበልተኛ ተገደለ ይልሀል። ፋኖ የተባለ አንገት ቆራጭ አሸባሪ መጥፋት አለበት።	0	1	0	0	0	0
amh_train_track1_1532	የሚሰማ ጆሮ ያለው ይስማ የጦር ጀት የገዛችሁም እንዲገዛ የፈቀዳችሁም በሙሉ ከጥቂት ዓመታት በኋላ ወደ እግዚአብሔር መሄዳችሁ አይቀርም የኢትዮጵያ ሕዝብ የሚልሰው የሚቀምሰው አጥቶ በረሃብ መሞት በጀመረበት በዚህ ወቅት ይህ ዜና መስማት ምንኛ ያሳዝናል ፈጣሪ ሕዝቤ ተርቧል ቢላችሁ መልሳችሁ ምን ይሆን ጋዜጠኞችም ጨምሮ ሰማይ ቤት እኮ እንዲህ አይነት ዜና የለም	0	0	0	1	0	0
amh_train_track1_1533	ይሄን አጠውት አደልም ውስጡ በትብኢት በዘረኝነት በሴራ የተሞላ በመሆኑ ነው የሱዳን ወራሪ ሃይል ማስለቀቅ የተሳናቸው ሸኔ ኦነግ የተሰኝ ሃይል በሸዋ ደሞም	1	1	0	0	0	0
amh_train_track1_1534	ነፍስህ በሰላም ትረፍ የእኔ አባት  ለዚህችው ነው የእኛ ብዙ መጨነቅ እና ብዙ መሮጥ አንድ ቀን ድንገት እመለሳለሁ ብለን ከቤታችን እንደ ወጣን ላንመለስ እንደምንሄድ እያወቅን እንኳን ሄደን ዘለዓለም ላናልፍ ለምንኖርበት ሳይሆን አንድ ቀን ጥለነው ለምን ሄደው እና ለሚያልፈው ዓለም ብዙ ዋጋ እንከፍላለን ሰው ከንቱ	0	0	0	1	0	0
amh_train_track1_1535	አዎ። ገና በልጅነቴ እንቅጩን ነግሮ ከ 17 አመት ሀዘን ታድጎኛል።	0	0	0	0	1	0
amh_train_track1_1536	ሸርሙጣ ምናባሽ ነው በነፃ የሚሰጥሽ አንድ አግብተሽ አትቀመጭም	0	1	0	0	0	0
amh_train_track1_1537	በጋዛ ላሉ ታጋቾች መድኃኒት እንዲደርስ መወሰኑ ተገለጸ	0	0	0	0	0	0
amh_train_track1_1538	፩ እንኳን የማይሞሉ ፅንፈኞች አገራችንን ከቀውስ ወደ ቀውስ ስያሸጋግሯት እየተመለከትን ከንፈር መምጠጥ ሆነ ።የብልጽግና ፓርቲ ከአገር አቀፍ እስከ ቀበሌዎች ድረስ ከ1 00 00	1	0	0	1	0	0
amh_train_track1_1539	የወንድ አልጫ እንደ አባቶችህ ዘራፍ ማለት ነው ሌላ ምናባትህ ታመጣለህ አህያ ���	1	1	0	0	0	0
amh_train_track1_1540	አይ አለማወቅ አንዳንዴ አለማወቅ እንዴት ደስ ይላል	0	1	0	1	0	0
amh_train_track1_1541	በመላው ዓለም እየታየ እንዳለው አንዳንዶች ለምን አሁንም ድረስ በኮቪድ ይሰቃያሉ?	0	0	0	0	0	0
amh_train_track1_1542	ስለዚህ ልጅ ብዙ ብል ድስ ይህን ነበር በግል አውቀዋለሁ አስፈላጊ ሲሆይ እኔም ቀርቤ አስረዳለሁ እልም ያለ አጭበርባሪ ነው ስሙ ሊቀይር የፈለገበትም ምክንያት ግልጽ ነውእንዳትሸወዱ ወገኖች ተጠንቀቁት	0	1	0	0	0	0
amh_train_track1_1543	ዓባይ ቴቪ እንኳን ደህና ተመለሳችሁ አፋኙ ስርዓት መከራ ቢያበዛም በጽናት ከህዝብ ጎን መቆማችሁን እንዳትተው በርቱ	0	0	0	0	1	0
amh_train_track1_1544	እንደ አንተ አይነቶች ናቸው ሰላም የሰጠን ጥላቻ አስተሳሰብ ነው መቼም እሱ አንተ የተሻለ አስተሳሰብ አለው እረጅም አድሜ ለጀዌ እንደሱ አይነት ሰውችን ያብዛልን	1	0	0	0	1	0
amh_train_track1_1545	ወረ በአሁኑ ሰዓት ፍቅር ፍቅር ምትጫወትበት ሳይሆን አገር ምታድንበት ግዜ ነው እሺ አስቡ	1	0	0	0	0	0
amh_train_track1_1546	አለምነክ መቼም ሚዛናዊ አትሆንም እራስህን አጥፋ የሙስሊም ጥላቻ አለብክ መቺም አትደብቀውም እንደናዚ ስንት አመት የተጨፈጨፉት የፍልስጤም ህዝቦች ይፈርዱብካል መያዝክ አይቀርም አትጠራጠር	1	1	0	0	0	0
amh_train_track1_1547	በፒፒ ቤት የሚገርም ስራ እየተሰራ ነው። TPLF ን ወደ ፒፒ ለማስገባት የሚደረገው ግቦ ቆይትዋል። ስብሓትና ብርሃነ ክአገር መውጣት የማይገባቸው ናቸው። ለ	1	0	0	0	0	1
amh_train_track1_1548	የአብይ አህመድ ፍርሀት ሰላማዊ ሰው መፍራት ነው ወያኔ ሲፈራ ያደርገው የነበረው ድርጊት ነው የሚያሳዝነኝ የፈዘዘው ተከታታዮ ነው ደሀ ሲያለቅስ እያየ የጨከነ	0	1	0	1	0	0
amh_train_track1_1549	እስቲ ምን ትለን ይሆን ያለመታደል ሆኖ በእኛ ሀገር ተፅእኖ ፈጣሪ ማለት ትርጉሙ አልገባህ ብሎኛል  በአለማችን የፖለቲካ መንደር ተፅእኖ ፈጣሪ የተባሉ ሰዎች በሀገራቸው የፖለቲካ ችግር እና እድገት ላይ ትተውት ያለፉትን እጅግ ብዙ ድካም እና ልፋት የታከለበት ታሪክ አንብበናል ሰምተናል  አቶ ጀዋር መሀመድ እስቲ Tell me whats ur future wish for ur home land  ምን ቢሆን ሞት እና መፈናቀል ቀርቶ ሰላማዊ ፖለቲካ ማራመ	1	0	0	0	0	0
amh_train_track1_1550	ትንሹ በሚስከፋበት በዚ ጊዜ እንዲ አየነት ሀዘን መሸከም ከባድ ነው ግን የሰው ልጅ እንዲም ሆኖ ይኖራል አየ የሰው ልጅ 	0	0	0	1	0	0
amh_train_track1_1551	አዲሱ የሕዝብ በዓላት እና የበዓላት አከባበር ረቂቅ አዋጅ ግንቦት 20ን ያስቀረዋል?	0	0	0	0	0	0
amh_train_track1_1552	የማናት ፀጋዬ አራርሳ? እሱ ብሔርተኛ የሆነው አንዷ ታጠብ ብላ ጥላው ሄዳ ነው አሉ በእሷ ቂም የሚጠላን?	0	1	0	0	0	0
amh_train_track1_1553	እኔ ልይክ የሚባለውን ሞክሬው አላውቅም ዛሬ አርጉኝና ደስ ይበለኝ	0	0	0	0	1	0
amh_train_track1_1554	አር ኡኡ ተው በምስኪኑ ህዝብ ምድር ጨበሬ አታጭበርብሩን ህዝብ ተርፎት አይርዳም ሻሻ ሠለቸን በቃ ካሁን በሀላ መርዳት እናቆማለን ምድር ድሩዬ መጫወቻ ሆነን ቀርን ልጅ ማሳደጊያ ይግባ ልጁ ለህግ ይቅርብ የተሰበሰበው ብር ታማሚዋን ትታከምበት ብሩን ይመልስ ሌባ ነው መቼስ ህግም የለም ያማል ህፃኑ ያሳዝናል	1	0	0	1	0	0
amh_train_track1_1555	ውይይታችሁን በተመስጦ ነው ያዳመጥኩት በጣም ረክቻለሁ ቅዱስ ጳውሎስ ብዙ መከራ ስለ ወንጌል ከተቀበለ በሗላ ሌላውን ነገር ሳልቆጥር ዕለት ዕለት የሚያስጨንቀኝ የአብያተ ክርስቲያናት ሁሉ ሀሳብ ነው 2ኛቆሮ 1128 የቤተ ክርስቲያንዋ ህልውና ራሱ አሳሳቢ ነው ብዙ የምለው ነበረኝ ለጊዜው ይብቃኝ አመሰግናለሁ	0	0	0	0	1	0
amh_train_track1_1556	አይ መለስ ዜናዊ ነፍስህን አይማረው የመቶ ሚሊዮን ህዝብ የባህር በሯን አሳልፎ ሰጥቶ እዚህ መከራ ውስጦ ከተተን እንደ እኔ እንደገና የደም ዋጋ ከፍለን የራሷ የሆነውን የአሰብ ወደብን ማምጣት አለባት አለዛ ጠቅላላ ቀጠናውን ማናጋት አለብን ይቺ ትልቅ ሀገር ጥንትም ወደብ ነበራት ያ ወደብ መመለስ አለበት ለቀጣዩ ትውልድ መንገድ መጠረግ አለበት የሀዝብ ብዛታችን ከኒኩለር የበለጠ ጉልበት አለው ጠቅላላ የኢትዮጵያ ወጣት ውትድርና ገብቶ መሰልጠን 	1	1	0	0	0	0
amh_train_track1_1557	እኛ የብርሃን አምላክ እንጂ ጥቁር አምላክ የለንም ደሞ ብላቹ በቀለም ጀመራቹ ኬኛ ትንታኔዋን ግን ሳላደንቅ አላልፍም 😂	1	0	0	0	1	0
amh_train_track1_1558	ከፕራንክ ወደ money hist አይከብድም??? 😂😂😂 ምን setekacew ነው ባንዴ ሚሊየነር ያደርጉህ??? 😂😂😂	0	0	0	0	0	0
amh_train_track1_1559	እንደ አንድኦሮሞ ማህበረ_ሠብ ፕሮቴስታንት እምነት ተከታይ ይህን እያወቀ ራሱ ይሣተፋል ?እንደ አህዛብ በዓሉን ያከብራል ወይ? የሚገርም ነው።	0	1	0	0	0	1
amh_train_track1_1560	ሴት ማን ሊሆን ነው😵 ደነገጠ እኮ አምሌኬ ድረስ🙆‍♀️ሁለት አንድ አይነት😆	0	0	0	0	0	0
amh_train_track1_1561	እግዚአብሔር ይመስገን አትሌቶቻችን አመርቂ ውጤቶችን እያስገኙ ናቸው! በጣም እንኮራባቸዋል! በውድ መሪያችን ዶር አብይ የአመራር ዘመን ብዙ ድንቅ ውጤቶች	0	0	0	0	1	0
amh_train_track1_1562	ከታሰበው ሴራ ድንገት ተሳስተው ውልፍ እንዳይሉ የሚፈለገው መልእክት በፅሁፍ እንደተጋጀላቸው አነባበባቸውም ቃሉ የራሳቸው እንዳልሆነ እንደሚያሳብቅ አስተውላችኇል?	1	0	0	0	0	0
amh_train_track1_1563	የቻይናን የለውጥ ሂደት ለ40 ዓመታት በካሜራው የሰነደው ግለሰብ	0	0	0	0	0	0
amh_train_track1_1564	ፍርሀት ስጋት ጭንቀት በኦርቶዶክስ አይታሰብም!	0	0	0	0	0	0
amh_train_track1_1565	በአፍጋኒስታን ባለሥልጣናት ለመንግሥት ሥራ የቀጠሯቸውን ዘመዶቻቸውን እንዲያሰናብቱ ታዘዙ	0	0	0	0	0	0
amh_train_track1_1566	ደህና ነው እኛም እንከተላለን ግን ግን ግን ሰላም ኣለ ወይ  እንደልብ መንቀሳቀስ ይቻላል ወይ  በቅርቡ ሄጄ ቤተሰቦቼን ሱሉልታ መሄድ ፈርቼ ሳልጠይቅ መጥቻለሁ ዝርፊያውስ  እገታውስ  መንግስት ምንያህል ተዘጋጅቶዋል  የስልክ ነጠቃውስ  ህዝብ በመንግስት እንዳያዝን ለነመሳይ ደረጀ ሃብታሙን የመሳሰሉ ሃገር ኣፍራሾች በር እንዳንከፍት እፈራለሁ	0	0	1	0	0	0
amh_train_track1_1567	እዉነትን በጭፍን ጥላቻ ማጥፋት አትችልም ሚኒልክ የጥቁር ህዝቦች ሁሉ ኩራት መሆኑን አለም በታሪኩ ያስታውሰዋል ያንተ የበታችነት ሥሜት የጀግ	1	1	0	0	0	0
amh_train_track1_1568	እመቤቴ ከዚህ ሁሉ መከራና ስቃይ ታውጣሽ ሸክምሽን ታቅልልልሽ 💔	0	0	0	1	0	0
amh_train_track1_1569	የሆንክ ፍናፍንት ነገር ነህ የአዕምሮ መቀንጨር ይዟችኋል እናንተ አባቴ አይታችሁ የማታውቁትን ድንገት ስታገኙ ሁሉንም ኬኛ በሚል አባዜ ድንገት ሳታስቡት ሁሉንም አያጣችሁት ነው።	0	1	0	0	0	0
amh_train_track1_1570	ይህ ማሃይም ደንቆሮ ዝምብሎ ከዛም ከዚህ ሰባስቦ ይለፈልፋል	0	1	0	0	0	0
amh_train_track1_1571	በኦሮቶዶክስ ቤት ቅድመ ዓለምና ድህረ ዓለም፤ቅድመ ልደትና ድህረ ልደት አምናና ተቀበላ የኖረችና የምትኖር ናት፡፡ ድንገት በየመሸታ ቤትየጨፈራ መድረክ ያገኛችሁት ይመስላል፡እየሱስ እየሱስ ስትሉ፡፡	1	0	0	0	0	0
amh_train_track1_1572	ጥሩ ሀሳብ ነዉ ወጣቶቻችን ይወቁበት ወሬ ከማራገብ መስራት ይሻላቸዋል ወጣቶቹ የስራ ባህል ማዳበሩም ጥሩ ነዉ በርቱ ሂዱ እና ስሩ ወገኖቸ	0	0	0	0	1	0
amh_train_track1_1573	የደብረፅጌ ቅዱስ ኡራኤል ስንበት ትምህርት ቤት ፍሬ የሽዋማማሽ ልጅ ስላየሁክ ደስ ብሎኛል እግዚአርያን የመስለች ፍሬ አፍርትሀል የአንተን እግር ተከትላ ስለምትዘምር ስለማያት በጣም ደስ ይለኛል በሚገርም ሁኔታ በልጅነቴ እያየሁ አድጌ በድጋሚ አንድ ስቴት Minnesota በመኖሬ ሁልግዜ ሳይህ ደስ ይለኛል ረጅም እድሜ ከጤና ጋር ይስጥህ ቅዱስ ኡራኤል ከነመላው ቤተስብህ ይጠብቅህ	0	0	0	0	1	0
amh_train_track1_1574	ምነው መረጃውን ሲያደርሱልህ መሰረተ ድንጋዩ ሲቀመጥ ያለውን ፎቶግራፍ የላኩልህ 😂😂😂 አይን ያወጣ ውሸት እና ቅዠት ፎቶ ማቀናበሩን ረስተከው ነው😂😂😂	0	1	0	0	0	0
amh_train_track1_1575	ምን አይነት ቦርተቴ ጋዜጠኛ ነው	0	1	0	0	0	0
amh_train_track1_1576	እንደዚህ አይነት ፍቅር የሆነች ሚስት ይስጣቹህ	0	0	0	0	1	0
amh_train_track1_1577	ወላጆች መፍትሔው ከምሽት ጭፈራ ቤቶች መራቅ ነው  ልጆቻችሁን ምከሩ  አለበለዚያ ገና የብዙ ወጣቶችን ሞት እንሰማለን  ናይት ክለብ ውስጥ ሰይጣን እንጂ መልአክ የለም 	1	0	0	0	0	0
amh_train_track1_1578	ኪም እና ፑቲን ሊገናኙ ነው	0	0	0	0	0	0
amh_train_track1_1579	ቱ ደንቆሮ ነገረ ነው! ፕራንክ ነው ይላል እንዴ ሚስቱን ካስለቀሰ በኋላ!!!? ሲያናድድድ!!! ይህ እኮ የስግጥና ጥግ ነው!!!	1	1	0	0	0	0
amh_train_track1_1580	ከሰሞኑ በተካሄዱ ተከታታይ መርሃ ግብሮች ተመርቀው ለዕይታ የበቁት የብሔራዊ መረጃ እና ደህንነት መስሪያ ቤት፣ የፌደራል ፖሊስ እና የአየር ኃይልን የተመለከቱ ፊልሞች ዝግጅት፤ ዝም ብሎ ድንገት የሆነ ጉዳይ አይደለም ሲሉ ጠሚ አብይ ተናግረዋል።	0	0	0	0	0	0
amh_train_track1_1581	እነዘማሪት ዘርፌ አዲስ አበባ ጀሞ ላይ ያልተጠበቀ ነገር አጀረጉ via 	0	0	0	0	0	0
amh_train_track1_1582	እግዚአብሔር መፁናናናት ይስጣቹህ ኢትዮጵያ በድሮን የምትደበድበው ያለችው የትግራይ ህፃናትም እንደዚህ ያማል ለትግራይ እናቶች መፁናናናት ይሁን 😭😭😭👏😭👏😭👏😭😭😭	0	0	0	1	0	0
amh_train_track1_1583	የፈጣሪ ያለ ምን አይነት ጭካኔ ነው	0	0	0	1	0	0
amh_train_track1_1584	Nebiyu Mussse መቸም በዱሩን እንዳይመቱሽ ፈረተሽ ነው	0	1	0	0	0	0
amh_train_track1_1585	 ቤተ ክርስቲያኗን እየተፎካከራቹ ቀኖናዋን ከምጨምሩ ከምቀንሱ ይኼ የእኛ እምነት ነው ብላቹ ለምን አታመልኩም በፈጣሪ እንዴ በቃ ተዋህዶ አይማኖታችንን ለአማኙ ተውለት ቀኖናዋን ጠብቃ ዘላለም ትኑር አትፎካከሯት እናተ የተዋህዶ ጠላት ናቸው ከሚባሉት በይበልጥ መሳይ ገዳይ ናቹ	1	0	0	0	0	0
amh_train_track1_1586	ሚገርም እኮ ነው እነሱ ኔቶ ብለው ምእራባዊያን ሲሰባሰብ ጉልበተኛ ለመሆን ልክ ደሞ ቻይናና ሩሲያ አንድ ላይ መስራት ሲጀምሩ እነ አሜሪካ ደሞ ይታመመማሉ ከአለም እንዲገለሉ ይሰራሉ ያ ጊዜ አልፎል እንደ አሜሪካ ሌባና ውሸታም የለም ከነ ደጋፊዋቿ ጭምር	1	1	0	0	0	0
amh_train_track1_1587	የሚገርም እውቀት እትዮጵያ በእውነት ታስባለች ለዚህ ዘመን ጠብቆ ያቆማችሁ ልጆች አላችሁዋት እግዚአብሔር ምድሪቱን ሰላም ያድርግልን ይህ ስጦታ እንዲሰፋ ሁሉ በሀገር ሲታይ ያምራል ዶክተር አብይ ፈጣሪ ይጠብቅህ እድሜና ጤና ይስጥህ ለኢትዮጵያ በልብህ የሚቀጣጠለውን እንድታደርግ ፈጣሪ ይርዳህ በቅንነት በጎንህ የሚቆሞ እንድ እንተ ሀገር የሚወዱ እና የሚሰሩትን ይስጥህ የሚያበላሹትን ያርቅልህ	0	0	0	0	1	0
amh_train_track1_1588	ጦርነት የተፈረደበት የአማራ ክልል ህዝብ በወያኔው ጦርነት ጊዜ የሰራው ኢትዬጵያን የማዳን ጀብድ የቅርብ ጊዜ ትዝታ ሆኖ አሁን በተቃራኒ ይህን ጦርነት ተከፈተበት በጣም ያማል ትልቅ ክህደት። 	0	0	0	1	0	0
amh_train_track1_1589	በጣም እጅግ በጣም! የሆነ ጥንስስ አለ እናም ተብላልቶ ያለቀ ይመስላል ጥሩ አይሸትም ለማውራት ያስጨንቃል ግን አለ የሆነ ክፉ ነገር ? እረ ተዉ ግድ የለም 	0	1	1	1	0	0
amh_train_track1_1590	በጠም ያማል እነት እንደዝህ ከጨከነች ማን አለ የእረሶ ሥጋ	0	0	0	1	0	0
amh_train_track1_1591	አንተ ገልቱ ይፈንፍንህና አዲስ አበባን በእንደአንተ ዓይነቱ ዋልጌ ቆሻሻ አፍ የምትጠራ አይደለችም የሁሉ ኢትዮጵያዊ የፍቅር ከተማ ነችተቃውሞው አዲስ አበባ	1	1	0	0	0	0
amh_train_track1_1592	ጠላት ብዙ ሊያወራ ይችላል ማንንም እንዳትሰሙ ያኔ ማህበረ ቅዱሳን ሲመሰረት ጠላቶቹ ከዚሁ ከቤተክርስትያን የወጡ ነበር ማህበረ ቅዱሳንን ፓትርያርኩ ሳይቀር ነበር ሲቃወሙ የነበሩት ግን ዛሬ ማህበረ ቅዱሳን እንቁ ማህበራችን ነው ይህ ማህበር ደግሞ ከማህበረ ቅዱሳንም በላይ ይሰራል ጠላት በአናቱ ይተከላል ቤተክርስትያናችን በእናንተ ዳግም አብባ ትታያለች	0	0	0	0	1	0
amh_train_track1_1593	ምራቅህን እይትፉህ አታውራ አህያ ቡቅባቃ ድቅዳቃ !	0	1	0	0	0	0
amh_train_track1_1594	እስራኤል 75 አመት ሙሉ የፍልጤመአዊያን ደም ስጠጣ ምን ያልመሰላቹ ፍልስጤም እራሷን ነፃ የማውጣት ትግል ስትጀምር አሸባሪ ይላሉ ድል በግፍ ለተገፋ ፍልስጥኤማውያን🇵🇸🇵🇸🇵🇸🇵🇸🇵🇸🇵🇸🇵🇸	1	0	0	0	0	0
amh_train_track1_1595	ሰውየው ድብን ያለ ከ ትግራይ ጥላቻ ነው ያለው ወይነ በዚህ እድሜ እንደመፀለይ ጦርነት ግሰማ	0	1	0	0	0	0
amh_train_track1_1596	ይህ ሰውዬ ግን የሚያወራው ነገር ለራሱ ይገባዋል ከሱ የበለጠ ራሱን የሚወድ የስልጣንና ሀይል ጥማት ያለው ሰው ይኖር ይሆን  በራስ ፍቅር ልክፍት የወደቀ ሰው እኔ ከማለት ውጪ ሌላ አያውቅም ነገሮች ሁሉ እየተባባሱ ሲመጡበት እርሱ ብቻ ሁሉን አዋቂና ተንታኝ ሆኖ ይቀርባል የሚፈጽማቸው ከባባድ ሀገራዊ ችግሮችንና ቀውሶችን በሌላ ቀውስ መሸፈን ነው የተያያዘው ይህ ሀገርንና ህዝብን የማዳን ጥሪ ነው በምንም አይነት ይህ ሰው ኢትዮጵያን መምራት አይ	1	1	0	0	0	0
amh_train_track1_1597	ባለፉት ዓመታት የተማርኩት አንድ ነገር ግንኙነት (relationships) ለመመስረት ከፈለግህ ከእግዚአብሔር ጋር ጥሩ ግንኙነት (relationships) ካለው ሰው ጋር ግንኙነት (	0	0	0	0	0	0
amh_train_track1_1598	ዐቢይ ሆይ የሳብከው ቀይ ካርድ እጅግ አደገኛ ስለሆነ የውሸት መታበዩን ተወውና ሲኖዶሱን ይቅርታ ጠይቅ። እመነኝ የቀረህ የታሪክ ምዕራፍ በጄኖ ሳይድ የምትከሰስበትን ወንጀል ከመፈጸም	1	1	0	0	0	0
amh_train_track1_1599	Nur Nur ዘላን ምኑን ታውቀዋለህ ከብት የከብት ልጅ	0	1	0	0	0	0
amh_train_track1_1600	ቤንዚን አጠገብ የሚጬሰውን እሳት በዚያው ቅጽበት አለማጥፋት ሞኝነት ነው !	0	0	0	0	0	0
amh_train_track1_1601	ሕይወት በዘላለማዊ ጨለማ መሐል የምታበራ የአጭር ጊዜ ሻማ ናት ዋጋ በሌላቸው ነገሮች ላይስ ስለምን ታባክናታለህ? ይህ ሁሉ መጨነቅህ ይህ ሁሉ መከፋትህ ሻማዋ በጠፋች ቅጽበት ያበቃል	1	0	0	0	0	0
amh_train_track1_1602	አሜሪካ በጋዛ ሰማይ ድሮን ለቅኝት መላኳን አመነች	0	0	0	0	0	0
amh_train_track1_1603	በዓለም ዋንጫ ሴቶች በዳኝነት የመሩት የመጀመሪያው ጨዋታ ተደረገ	0	0	0	0	0	0
amh_train_track1_1604	እኛም ጦርነት ላየ ነን ወራሪውን አብይ እየተፋለምን	0	1	0	0	0	0
amh_train_track1_1605	ከማዳጋስካር በመጣ የባንቱ ነገድ አማራን እናጠፋለህ እያልክ ነው ገመቹ ? የአማራ ጥፋት ወያኔን ከጣለ በኋላ ሥልጣንን ለማይገባው እረ	0	1	0	0	0	0
amh_train_track1_1606	ኒኩለር ብትታጠቁ ብልግና ከመውረድ አይድንም ምንም ዓይነት ዋጋ ተከፍሎ ብልግና መፈንቀል አለበት	1	1	0	0	0	0
amh_train_track1_1607	እኔም ሁሌ የሚገርመኝ እኮ ይህ ነው ለ ልብ ሙሉው አርበኛው ዘመነ ካሴ ያልሆኑ ለማን ሊሆኑ ነው ያማል በጣም አይ አንቺ ምድር ዘሜን እግዚአብሄር ይጠብቀው ሁሌም ከአ	1	0	0	1	0	0
amh_train_track1_1608	እውነት የሚናገርና የሚበልጥህ ሲመጣ ስም እየሰጡ ዝም ማሰኘት እኮ ቀረ አደገኛ ቦዘኔ አሸባሪ በደፈናው አትፍረድ	1	1	0	0	0	0
amh_train_track1_1609	አይዞን ነገም ሌላ ቀን ነው!	0	0	0	1	0	0
amh_train_track1_1610	አወይ AA ከጽልመት ተስፋ! ለሯጩ ሕዝብ ልብ ሰባሪ መንማይ ተስፋ ጋባዥ አዝማሪ አልሽ ኮተት ድበቃ ከእንግዳ እስከ መቼ ለነገው እዳ? AA እንዴ ስምሽ አበባ መሆን ደስታ ባይ	0	0	0	1	0	0
amh_train_track1_1611	እኔ ግን ኮንፊደንሷ በጣም ደስ ይለኛል በቃ ተጋቡ❤❤❤	0	0	0	0	1	0
amh_train_track1_1612	መከላከያ ድሮ ቀር ተወዳጅ ያሁኑማ ዘርኛ ነው ያንድ ፓርቲ ተላላኪ ብቻ	1	1	0	0	0	0
amh_train_track1_1613	ውሀው ከዚህ ብርጭቆ በድንጋይ እስኪወጣ አወራለሁ? ደሞ ምነው ጀለሴ ሆድህን ረግጬ unblock አርገኝ አልወጣኝ ?መልሽው እንደውም አንቺ ስትሽለጠለጪ ሳልሰማ የሚገርም ሰላም ነበረኝ።	1	1	0	0	0	0
amh_train_track1_1614	እስከዛሬ አለመታሰሩ ራሱ የሚገርም ነው።	0	0	0	0	0	1
amh_train_track1_1615	ቅዱሳንንን ሞት ከማማማለድ አይገታቸውም ምክንያቱም ቅዱሳን ከሞት በኋላ ሕያው የሆነውን የክርስቶስን ስጋና ደም ተቀብለው እና አዲሱን ልብስ ስለለለበሱ ሕያዋን ናቸው ይህን የማያምን የክርስቶስንም አምላክነት እና ትንሳኤም አያምንም። የኤልሳ አጽም ሙት ካስነሳ የእመቤታችን (የእግዚአብሔር እናት ) ምልጃ ገነት ያስገባል።	0	0	0	0	1	0
amh_train_track1_1616	አይደለም አማራን ማሸነፍ ቁጭ ካልክበት ይመጣልሀልአማራን በመጨፍጨፍ አፍኖ በማሰር በመዝረፍ አሰቃቂ ግፍ እየፈፀሙ 4 ኪሎ መቀመጥ የማይታብ ነዉ	1	1	0	0	0	0
amh_train_track1_1617	አማራ የሆነ በሙሉ ሊያዳምጠው የሚገባ መልእክት ?	0	0	0	0	0	0
amh_train_track1_1618	በጣም ያሳዝናል አይዞሽ እግዚአብሔር ይጠብቅሽ	0	0	0	1	0	0
amh_train_track1_1619	ለምን ትዋሻላቹ የሞቱት አይሁዳዎች 250አልፉዋል ይገባቺዋል ድል ለፍልስጠም	0	1	0	0	0	0
amh_train_track1_1620	ሀገሪቱ አብይ አህመድ ነች? አገሪቱ ብትሆንማ ተሹሎክልኮ ድንገት እንድ ክልል ብቻ ፍታ አይልም ነበር። ያውም የልገንጠል ጥያቄ ይዘው ህዝብን የሚያሸ	1	0	0	0	0	0
amh_train_track1_1621	ብአዴን ማለት ወራዳ እደግመዋለሁ ወራዳ ፓርቲ ነው	0	1	0	0	0	0
amh_train_track1_1622	እግዚአብሔር ከተገፉት ጎን ነው የተበደለ ያሸንፍ ጦርነት ውስጥ ባይገቡ ጥሩ ነው ።	0	0	0	1	0	0
amh_train_track1_1623	ደስ አይበላቸው ምቀኞችን እንተባበር አንድ እንሁን	0	0	0	0	0	0
amh_train_track1_1624	የሙሲዴ ባል እና እናቱ ምን አይነት ስግብግቦች ናቸው ለገንዘብ ሊሞቱ ነው እንደ ዮንዛ ያለ ስግብግብ እህት የእህቷ ጭንቀት የማይገባት ደነዝ አያጣልኮ ነው የነዚህ ትርኮች ነገራቸው ሁሉ የሚገርም ነው	1	1	0	0	0	1
amh_train_track1_1625	እህ እነ ስብሃት ነጋን ፈቶ እንኮአን በስልክ ባካል አለ መገናኘ ታቸዉም ? ይህ አስመሳይ መሪ	1	1	0	0	0	0
amh_train_track1_1626	መና ነገሩን እንደቀላል አትይው እርቅና ይቅርታ ሚመጣው የሰከነ ልቦና ሲኖር ነው የናንተ ሚድያ ላይ ሚስቱን ቤተሰቦቿን እና ጋዜጠኛዋንም እየዛተባት ከሆነ የህግ አካል መግባት አለበት ነገሮች እኮ ድንገት ነው ሚቀየሩት የህክምና እና የስነ ልቦና ባለሞያ ድጋፍ ለሁለቱም ቢሰጣቸው መልካም ነው አሱ ውስጥ ያለው የበቀለኝነት የቂምና የጥላቻ ነገር መነሻው ምንድነው  ይሄን ማጤን ያስፈልጋል	1	0	0	0	0	0
amh_train_track1_1627	ከ2026 የዓለም ዋንጫ ምን ይጠበቃል? የቡድኖች ብዛት፣ ስታዲሞች እና የውድድር ቅርጽ	0	0	0	0	0	0
amh_train_track1_1628	እነሁሉ የኛ ኬኛ ፖለቲካ ህፃኖችን እናቶችን አዛውቶችን በጅምላ አስቀብሯል ስቶችን አስርቧል ዛሬም በራም ህዝብ እያለቀ ነው የነሁሉ ኬኛ ፖለቲካ ስቶችን እኛ ስርቧል ስቶችን አፈናቅሏል ስቶችን ቤት አልባ እርጔል ይሄ ሁሉ ግፍ መልስታ ወይም አምላሽ ይጠብቃል	1	0	0	0	0	0
amh_train_track1_1629	በዚህ አጋጣሚ አማራ እንዴ ዜላ ዜጋ ከዚያም አልፎ ጠላት እንደሆነ በግልፅ አውቀናል ካሁን በሗላ ያረረበት ያማስል አማራ ከሆነ ነፃነቱን ሊያውጂ ጫፍ ላይ ደርሷል አሼባሪው መንግስት እና የአማራ ባዕደኖች የጨለማ ቀናችው ደርሷል በአለማችን ለመጀመሪያ ጊዜ በዜጋ ላይ ድሮን የፈተሼ ና የተለማመደ አጋንት መሪ66	0	1	0	0	0	0
amh_train_track1_1630	ከሶማልያ ጋር የቆሙ የሀገር ልጆች ላልሽው ማስረጃሽን ወይም ምንጭሽን ብትገልጪ ጥሩ ነው ምክንያቱም በጣም ብዙ ኤርትራውያን በኢትዮጵያውያን ስም በተለይ አማራ እንዲሁም ትግሬ በመምሰል በጣም ብዙ የሶሻል ሚዲያዎችን ከፍተው ውጊያቸውን ቀድመው እያካሄዱ እንደሆነ ሊታወቅ ይገባል	0	0	0	0	0	0
amh_train_track1_1631	አላህ ጤናሽን ይስጥሽ አንቺ ጎበዝ	0	0	0	0	1	0
amh_train_track1_1632	እግዛበር ይመስገን በል እሸ ጅብ ሳይበላክ ስለመነሳትክ አይ የሰው ልጅ ማሳድግን እምጠላው ለዚክ ነው እኮ አሳደጉህ አደል ምን አገባህ አትኖርም ዝም ብለህ እናትክ እሬሳ እሚበላ አውሬ እዲበላህ ነው እኮ እዛ የጣለችህ ባዳ መሆንክነደ ልታሳውቅ ነው በልቶ ካጅ	0	1	0	0	0	0
amh_train_track1_1633	መረጃውን ማቅረብ ጥሩ ነው  ግን ዜና ስታቀርብ  ብታስብበት ይሻላል  እስራኤል የአበሳ አበሳ ናት እንድታውቅ ይገባል  ሀማስ  እንዳይጥ ጉድጓድ ለጉድጓድ የሚሽሎከለክ አሸባሪ እና ሰው ጠብሶ ከሚበላ ከለማስ ጋር ነው ከግባግቢቱ እየመዘዘችው ያለው  እስራኤል እንኳን ለሀማስ  ኢራንንም እና ካታርንም እና ሕዝቡላንም እያበጨበጨችው ነው  ሌላውም ሀማስንም የሚደግፍ ሁሉ ግዜውን ጠብቆ ይደመሰሳል  እንድታውቀው  የምትዘግቡው ከውነት 	0	1	0	0	0	0
amh_train_track1_1634	ኡፍ በራስ ሰው መገደል ያማል ትክክል ነዎት አባቴ ብሩንም ቢሰጡ መገደሉ አይቀርም ኡፍፍ እግዚአብሔር ልቦና ይስጣቸው ያማል	0	0	0	1	0	0
amh_train_track1_1635	ወንደማገኝ አንተ የእግዛብሔር ሰው አይደለክም ልትሆንም አትችልም ለማን ክብር ለማን ጥላቻ እንዳለ ውስጥህ አምላክ አይቶታል እራስክ ትቀሰፋለክ አንተም አማርኛ አቃለሁ ትላለህ እንዳለክ እንዳለህ ለማለት እኮ ነው ከሰው ስህተት አትፈልግ አንተ ሀሰተኛ ሰው ነህ ውሸታም	1	1	0	0	0	0
amh_train_track1_1636	ሀማስ ንፁሀን ላይ ባደረሰው ጥቃት የሚደርሰው በቀል የሚጠበቅ ነበር ቀላሉን ያድርግላቸው። ኢትዮጵያውያን ሙስሊሞች ከቻላችሁ ሄዳችሁ አግዙ እዚህ አትበጥብጡ	0	1	0	0	0	0
amh_train_track1_1637	ለኢትዮጵያ ቀውስ እና መፍረስ የነዚህ ሰወች ተሳትፎ ከኦነጎቹ ይበልጣል እንጅ አያንስም። በአስቸኳይ ስልጣን ልቀቁ።	1	1	0	0	0	0
amh_train_track1_1638	Zenebe Mekonen የጊዜ ጉዳይ ነው ሀዘን በናተ መንደርም ማቅናቱ አይቀርም ያኔ የኛ ስሜትን ትረዳላችሁ ደምበር ከፍቶ ወገን የሚጨፈጭፍ ምን ልትለው ነው እኔን ባንዳ ብለህ	1	1	0	0	0	0
amh_train_track1_1639	ብሎክ እያደርግሽ ኑረሽ አገባሽው ተስፋ አለኝ እኔም ለብሎክ አንደኛ ነኝ😂🥰	0	0	0	0	0	0
amh_train_track1_1640	ወይ ዝቅጠት🤔 ...እሽ የድመቷንም ንገሩን አታስጨንቁን	0	1	0	0	0	0
amh_train_track1_1641	Atm ማሽኑ ያለበት አጠገብ ያለ ንግድ ባንክ ሄደህ report ብታደርግ መልካም ነው ከዛ ይስተካከልልልሀል	0	0	0	0	0	0
amh_train_track1_1642	የምንሰማው ሁሉ ዘግናኝ ነው ለቤተሰቡ አላህ ሶብሩን ይስጣችሁ😭	0	0	0	1	0	0
amh_train_track1_1643	ኤርትራውያን ኢትዮጽያ ውስጥ ሆኖው ከኢትዮጽያ ነፃ የወጡበት ቀን እያከበሩ ነው ከሚል ዘግናኝ ፣አስነዋሪ ነገር ከመስማት ያድናችሁ እጅግ አሳፋሪ ማፈሪያ ነህ ለራስህ ክብር የለህም Ethiopia	0	1	0	0	0	0
amh_train_track1_1644	ሌላው ከሱዳን ጋር የምንዋሰንበትን አካባቢ ደህንነት እናጠናክር። ስደተኛ መስለው የሚገቡ አደገኛ የፊራኡን ሰላይዎች ላይ ጥንቃቄ እናድርግ። በመጨረሻም ሱዳን ሆነው ለግብፅ ሲሰሩ የከ	1	0	0	0	0	0
amh_train_track1_1645	አንተ ማለት ሰው አፍ ውስጥ ድንገት የሚገባ ትንኝ ነህ። ሚቀኛ፣ አክ እንቱፍ። በረከት ብሎ ስም፣ የቁጩ (fake) ክርስትያን።	0	1	0	0	0	0
amh_train_track1_1646	የጌቴ አልበም እኮ ባንዴ አትወደውም የሚገርም experiment ነው እንዲሁ ለጆሮህ ምቾት ከሆነ ላይመችህ ይችላል ከልብህ ቦታ ሰጥተህ የግጥሙን ጥልቀት እ	0	0	0	0	1	0
amh_train_track1_1647	ቤተክርስቲያን የመሸገው ፋኖ ጭንቀት ውስጥ ነው ኦሮሞ ኦርቶዶክስ ተከታይ የሆንን ከፍተኛ ጥንቃቄ አድርጉ ከእነዚህ እንገላለን ከሚሉ አካላት ተጠንቀቁ  ፋኖ አንገት ቆራጭ ጳጳሳት ኦሮሚያ ላይ ቦታ የላችሁም እወቁት 	0	1	0	0	0	0
amh_train_track1_1648	ከተማ ላይ ህንፃ መገንባት ሳር መትከል የእድገት ጥግ መስሎ የታያችሁኮ ከወለጋ ጫካ ድንገት ስለወጣችሁ ነው። አይ ሸኔ?	0	1	0	0	0	0
amh_train_track1_1649	እንደነጀዋር ለማ መገርሳ ገዱ አምባቸው ታዬ ደንደዓ ታከለ ኡማ እና ሌሎችንም ጀግና ታጋዬች ገፍተው እነ አብይ ሽመልስና አዳነች ተመስገንና አብርሃም አገሪቱን የጦርነት አውድማ አድርገው ወደ ዘመነ መሳፍንት እየገፏት መሆኑን ስታይ ሃገሬ በለውጡ የነበራት ተስፋ ጨንግፎ ኢኮኖሚዋ ዳሽቆ የታጣቂዎች መፈንጫ ስትሆን ከማዬት የከፋ ምን አሳዛኝ ነገር አለ የተወራው ልማትና ዴሞክራሲው ቀርቶብን በሰላም ወጥቶ መግባት በቻልን	1	1	0	1	0	0
amh_train_track1_1650	አሜሪካዊቷ ሊጠልፈኝ ነበር ያለችውን የታክሲ ሹፌር በጥይት መትታ ለሞት አበቃችው	0	0	0	1	0	0
amh_train_track1_1651	ይህ ቀጣፊ የሆነ ሰው በድብቅ ከአሜሪካ ጋር ተስማምቶ አሁን በይፋ እራሱን አወጣ ይህ ወራዳ የሆነ ሰው	0	1	0	0	0	0
amh_train_track1_1652	የፓርቲ ግቦችን ከሀገራዊ ቀዳሚ ጉዳዮች ጋር ማጣጣም ወሳኝ ነው	0	0	0	0	0	0
amh_train_track1_1653	የአማራው ጦርነት ከትግራይ የሚለየው ከስፋትና ከህዝብ ብዛት ብቻ አይደለም ዋናው ነገር ኢትዮጵያዊ በሙሉ ስለማይደግፈውና የኦሮሚያ ተረኝነት ዘረኝነት የጠባብነት መስፋፋት ጭምር ነው 	1	1	0	0	0	0
amh_train_track1_1654	ሠላማዊ የሆነ የሥልጣን ሽግሽግ እጅግ ብስለት በተሞላበት አካሄድ በፓርቲያችን መፈፀሙ እጅግ አኩሪ ተግባር ነዉ ይህ የፓርቲዉ የሥልጣን ሽግሽግ ዝም ተብሎ በአጋጣሚ የተከናወነ ሳይሆን ከገዳ ሥርዓት የተወረሰና ወደፊትም መልካም ተምሳሊት ሆኖ መቀጠል ያለበትና አገራችንን በሰላም ጎዳና ወደ ፊት የሚያራምድ የፓርቲያችን አኩሪ ተግባር ስለሆነ ተጠናክሮ ይቀጥል ባይ ነኝ	0	0	0	0	1	0
amh_train_track1_1655	በረው ሞት የሚደሰቱ አውሬዎች የሰይጣን ቁራጮች ማንንም ክፉ አይካው ሠላም ለህዝባችን	0	1	0	1	0	0
amh_train_track1_1656	አቤት የአብይ አህመድ ሴራ የማይሄድበት እርቀት ግን የሚገርም ነው ጎንደርና ጎጃምን ለማጣላት የዘየደው ቡሽቲ የሆነ ሴራ ደግሞ ይለያል ?!	0	1	0	0	0	1
amh_train_track1_1657	ግሩም ድንቅ ስራ  ባለፈውም ያቀረብሽው እንደዚያው ትልቅ ችሎታ አለሽ በርቺ 	0	0	0	0	1	0
amh_train_track1_1658	ሌላ ጊዜ እነግ ጨፈጨፈን እየዬ አሁን ደግሞ ጨፈጨፍ ነው መከራ ለማንኛውም ባንተ ቅስቀሣ የሚመት ሠው አለመኖሩ ጥሩ ነው ቀሥቃሽ ተዋጊ ሥላልሆነ 	0	1	0	1	0	0
amh_train_track1_1659	የእናንተስ የቁም ሞት ነው መቼም! ለማንኛውም አብይ ደህና አድርጎ ስለሚያፀዳችሁ ከወዲሁ ነፍስ ይማር ብያለሁ!	0	1	0	0	0	0
amh_train_track1_1660	ወያኔ ስልጣን ከእጁ እንዳይወጣ የህልም እንጀራውን ለመጋገር በር ዘግቶ ይመክራል እንጂ የትግራይን ህዝብ መከራ ያመጣንበት እንዴት እንካስ የሚል ሃሳብ እንኳን የለውም።	1	0	0	0	0	0
amh_train_track1_1661	በጣም ያሳዝናል መጠንቀቅ ነበረበት ክፉኛ የጦስ ዶሮ ሆነ	0	0	0	1	0	0
amh_train_track1_1662	በትንሿ ቀመሬ በሰላም ከነበረበት ድንገት ምሬ ወዳጆን ታዲያ ምን ጫካ አስገባው?	0	0	0	0	0	0
amh_train_track1_1663	ለመላው የአማራ ህዝብ እንኳን ደስ አለን። የረቀቀውን ቋንቋችን አለም በመውደዱ እየተማረ ነው።ከአረብኛ ቀጥሎ በአለም ሁለተኛ የተናጋሪ ቁጥር ያለው አማርኛ፤ በራሺያ፣ፈረንሳይ አሜሪካ፣	0	0	0	0	1	0
amh_train_track1_1664	ጆባይደን የሕጻናት ሞት እና ሰቆቃ የእናቶች እምባ ጦርነቱ ሳያልቅ ፈጣሪ አንተን ከዚ ምድር ያንሳሕ በስልጣንሕ ማዘዝ ወደማትችልበት ጉድጓድ ያግባሕ	1	1	0	0	0	0
amh_train_track1_1665	ሰላም ወገናችን እንኳን ደህና መጣሽ ስምሽ ማነው ንባብሽ ደስ ይላል	0	0	0	0	1	0
amh_train_track1_1666	ቅዳሜን ከሰዓት ከገና ልዩ የፕሮግራም ቡፌዎቹ ጋር ዘና በሉ?መልካም የገና በዓል?እፀገነት በዳጊ ሰርፕራይዝ ተደ via 	0	0	0	0	1	0
amh_train_track1_1667	ወደ ነበረበት ተመለሰ ደስ ይላል። መንግሥት ግን ይኼንን ነገር ሲጀመር ሽምግልና ብሎ መጠበቅ ሳይሆን የተለዩትን ጥበቃ በማድረግና በመነጠል ሕጋዊ እንዲሆኑ ካ	0	0	0	0	1	0
amh_train_track1_1668	ውሻው ወዴት እንደተወሰደ ነው የጨነቀህ? ስንት መከራ ባለባት ሀገር ውስጥ ተቀምጠህ ስለጠገበ ውሻ ትዘግባለህ። ምን ይመስላል!	1	1	0	0	0	0
amh_train_track1_1669	እና በ አስር ሚልዮን reward ሲፈለግ የነበረው ኣሸባርው ወዲ ረዳ ነው ድንገት መልኣክ ሁኖ በመንግስት የተመረጠው?	0	1	0	0	0	1
amh_train_track1_1670	በጣም የሚገርም ነው እውነት ይሄ የባሕሪና የአስተሳሰብ ለውጥ የእውነት በዚህ ልክ ፖለቲከኞች ላይ አለ ካለ እውነትም ብሔርተኛነትን ዘረኛነትን ከኢትዬጵያዊነትን መብለጥ አይችልም ግን ወደመጨረሻው ላይ ያሉት ጥያቄዎች ተድበስሰዋል አጥጋቢ መልስ አልተሰጡም ባጠቃላይ የነበረው ቃለ ምልልስ የሚገርምና ሌላውን ቆም ብሎ እንዲያስብ ይጋብዛል ይሄንን ኢንተርቪውን በማየቴ ደሥተኛ ነኝ ተባረኩ	0	0	0	0	1	1
amh_train_track1_1671	ልድገምልህ እንዴ እዳተ ዘረኛ የለም በEthiopiaስም የምደልል ከሗላ ኪስህ ብሄርህን የበላይ ለማረግ የምትጋጋጥ የጭቃ ውስጥ እሾህ አንተ ነክ። እኔ ግ	1	1	0	0	0	0
amh_train_track1_1672	እንደነዚ እና መሰሎቹ ዘመኑን የማይመጥኑ የቀዘኑ ባትሪ የነቀዙ ፖለቲከኞች ነን ባዬቾ ለሕዝባችን ቆሻሻ ጠባሳ የጣሉ ቆሞ ቀሮችና ዱኩማኖች ብል ይመጥናቸዋል	1	1	0	0	0	0
amh_train_track1_1673	ምኑ ነው የሚያሳዝነው እዚህሰ የሚያልቁት አባቶች እናቶችና ህፃናት ሞት ለምን አላሳዘናችሁም 	1	0	0	1	0	0
amh_train_track1_1674	አቶ ሰይፉ ድንገት ላልገባቸዉ ሰዎች ለማሰረዳት ምሳሌ ልሰጥ አንድ አባት ዘጠኝ ክፍል ቤቱን ለዘጠኝ ልጆቹ አዉርሶ ሞተ አንደኛዉ ልጅ ሰሙን እርሰቴ እንበለዉ ሁሉም ክፍሎች ለኔ ነዉ የሚገባኝ ሲል ሁለተኛዉ ልጅ ወርቃማዉ እንበለዉ አቶ እርሰቴን ቅጥቅጥ አርጓ አይቀጡ ቅጣት ቀጥቶ አንተም እንደኛዉ ወንድማችን አንድ ክፍል ታገኛለህ ዘጠኞቻችንም አንዳንድ ክፍል ይደርሰናል ብለህ ፈርም ብሎት አቶ ወርቅነህ አቶ እርሰቴ ፈረመ ከዚያ አቶ እርሰቴ ባታና	0	0	0	0	0	0
amh_train_track1_1675	ዘጋቢ ጋዜጠኞቻችን ዘገባ ስታቀርቡ ማለት ነው  ማለት ነው እያላችኹ ምንም ትርጉም የማይሰጥ ቃል እየደጋገማችኹ መናገርን ብትተው መልካም ይመስለኛል 	0	0	0	0	0	0
amh_train_track1_1676	የሚገርም ውይይት ለሁለቱም ትልቅ አክብሮት አለኝ የጃዋርን የባህርይ ለውጥ እርጋታ እና ብስለት እወደዋለሁ እሱ ሙሉ በሙሉ እንደተለወጠ ይሰማኛል ስለተፀፀተበት እና አሁን በሚያውቀው መልኩ ኢትዮጵያን ቢያውቅ ኖሮ እንዴት የተለየ ነገር ማድረግ ይችል እንደነበር የገለፀውን አገላለፅም ወድጄዋለሁ ከዚህ ቃለ ምልልስ በኋላ ስለወደፊቷ አገራችን ትንሽ ተስፋ አግኝቻለሁ	0	0	0	0	1	0
amh_train_track1_1677	የምን ጦርነት ጦርነት እያልክ ሰው ማለማመድ ነው bro ከወደቡ በፊት መጀመሪያ ያለንን የተፈጥሮ ሀብት በፍትሀዊነት ያስጠቅመን  ያሀገሬን ሀብት ሳልጠቀም የሰው ማየት ሌላ ችግር ነው  አጃኢብ ነው የናንተስ የሰው ሀሳብ አልሰበሰብ ሲል ጦርነትን እንደ ማግኔት ሀሳብ ለመሰብሰብ ይሄን ህዝብ ታለማምዳላቹ  የሚሞት የለም	1	0	0	0	0	0
amh_train_track1_1678	እየሆነ ባለው ያልተጠበቀ ችግር ጥቃት በኦሮሞ ሸኔ እየደረሰበት ያለው ሕዝብ በመንግሥት ላይ ጥርጣሬ ቢኖረው አልፈርድም ነገር ግን ዶር አቢይ በተፈረጀበት የተረኝነት እሳቤ ውስጥ	0	1	0	0	0	0
amh_train_track1_1679	ስከኑ እንጂ ጨቅላነትና ጭፍን ጥላቻ አቁሙ... መቼ ነው የምትበስሉት	1	0	0	0	0	0
amh_train_track1_1680	ወንድሜ አገርትዋ በድርቅ ተመታለች መሬት ላይ ፈልግ	0	1	0	0	0	0
amh_train_track1_1681	አይ ዘሩባቤል ያው የለመደው እስጢፋኖስ ጋር ቢለፋደድ ጥሩ ነበር አንተም ወርደህ እኛንም አወረድከን ይህንን ዥልጥ እንድንስማው እየጋበዝክ እባክህ አስብበት አሚጎን እና የመሳስሉትን ተጋባዦች በምንስማበት አዘጋጅ ይህንን ገልቱ ማቅረብ አይነፋም ወዳጀ 	0	1	0	0	0	0
amh_train_track1_1682	ኢትዮጵያ ዕዳቸውን መክፈል ካልቻሉ አገራት ተርታ ተመደበች	0	0	0	1	0	0
amh_train_track1_1683	ዩናይትድ ኪንግደም በኢትዮጵያ የተከሰተው የምግብ እጥረት አሳሳቢ መሆኑን አስጠነቀቀች	0	0	0	0	0	0
amh_train_track1_1684	የ ክብር ዶክተሬት እንደ ማለት ነው?	0	0	0	0	0	0
amh_train_track1_1685	ጁጁ የሚባለው ግን የእጁ አክት አወራሩ ሁሉ እጅግ አስጠሊታ ነው ይቀፋል ሰውዬው ማርያምን 	0	1	0	0	0	0
amh_train_track1_1686	እጅግ በጣም ያሳዝናል በእድሜ ስንታይ ትልቅ ነን ፓ/ር ቢኒያም ሽታዬ የህፃን ስራ ነው የምትሰራው የትኛውም ሰው የፈለገውን ማመንና መከተል ይችላል የመዳን ብቸኛው አማራጭ የሌለው መንገድ የናዝሬቱ ኢየሱስ ነው ሚዲያ ላይ የምታሳየው ባህሪ ፈጽሞ ተገቢ አይደለም	0	0	0	1	0	0
amh_train_track1_1687	በጠዋት ሲነቁ ይህን ዜና ከመስማት በላይ ምን መልካም ነገር አለ። ሁሉን ያደረገ ፈጣሪ ይመስገን!	0	0	0	0	1	0
amh_train_track1_1688	ዋው የሚገርም ትንተና ነው ::: አብይ ፅፎ ሰቶት ነው ይልቃል ያነበበበው ::: እኔ የምለው ምን ሁነው ነው ግን በዚህ ደረጃ የአማራን ህዝብ መጨፍጨፍ የተፈለገው ። ኸረ የት ሒደን አቤት እንበል''':::	0	0	0	1	0	1
amh_train_track1_1689	ያረቢ አላህ ሱብሩን ይስጣቹ አቤት የሀገራችን ግፍ አላህ ይስቶት	0	0	0	1	0	0
amh_train_track1_1690	ያኔ በጥዋቱ እንደአሁኑ በዘርና በጎሣ ከመሰከሩ በፊት ጀግናውና አገር ወዳዱ ቆራጡ መሪ ፕሬዝዳንት ኮል መንግስቱ ኃማሪያም ኤርትራ ተገነጠለች ማለት ሰው አንገቱ ተቆርጦ መኖር ያለመቻሉን ያህል ነው ጠንክሩና ወንበዴና ገንጣዩን ተላላኪ ቡድን ሻዕቢያና ወያኔን በውጊያ አሸንፉአገራችን ታፍራና ተከብራ ትኖር ዘንድ ብሎ ነበር ምን ዋጋ አለው ሰሚ አጣ ኢትዮጵያ የባንዳዎች መፈንጫ ሆና አርባ ዓመት ሊሞላት ነው ያው በአርባ ዓመት ልብ ይሏል ይባላል እ	0	1	0	0	0	0
amh_train_track1_1691	ኢትዮጵያ ውስጥ የመንግስት አና የግል ሚድያዎች ብቻ ሳይሆኑ የሙዝቃ ናሬሽንም ርፎርም መደረገ አለበት  ኢትዮጵያ ውስጥ ከዚህ በሁዋላ ትልቅ ሪፎርም መድረግ ያለበት የጦር መሳርያዎች ይዘው በየሶሻል ሚድያው አካቄ ዘራፍ የሚሉትን የሙዝቃ ሚድያዎችን ጭምር ነው  ህንጻ ስለ ተገነባ ብቻ ሀገር አይገነባም ምንም አንኮን ትልቅ ሥራ አና የሚበረታታ ቢሆንም አዳዲስ አና ውብ ነገሮችን ማብዛት  ሰው በሞራል የሚገነባው ነፍሱ አካል ውስጥ ያሉት  ማይንድ 	1	0	0	0	0	0
amh_train_track1_1692	እየቀለድኩኝ መስሎሻላ። ስንቱን መከራ አሳልፈን ነው እዚህ የደረስነው።	0	0	0	1	0	0
amh_train_track1_1693	ብቃት የለም ኋላቀር የሆነ አሰራር ነው ያለው። ኬንያ፣ ዩጋንዳ፣ ሩዋንዳ ታንዛኒያ እንደዚህ ዓይነት መንዛዛት የለም።	1	0	0	0	0	0
amh_train_track1_1694	የታንዛኒያ ምክትል ፕሬዝዳንት ሞተዋል የሚል ወሬ ያሰራጩ የማኅበራዊ ሚዲያ ተጠቃሚዎች ምርመራ ሊደረግባቸው ነው	0	0	0	0	0	0
amh_train_track1_1695	67ተኛ ነኝ የመዳም ቅመምች ሳወድችህ የግሉፊም ዉሪደት በጣም ደስ ይላል 	0	0	0	0	1	0
amh_train_track1_1696	እስራኤልን የምትደግፉ ኑ ጉዳቺሁን እዩ ይሄው ግብረ ሰዶማዊያንን ባድራ ይዘው እርጉሞቺ አላህ ያጥፋቺሁ ያሰብ ሰይጣንኳን እደናተ አረመኔ አይመስለኝም የእውነት ሰው በላወቺ	1	1	0	0	0	0
amh_train_track1_1697	ከ ethio 360 ጋር ፎቶ በመነሳት ህገመንግስቱ በኃይል ለመናድ በሚል በቅርቡ ክስ ጠብቁ 😀😀😀 ለማንኛውም እንኳን ደስ አለሽ መዓዚ	0	0	0	0	1	0
amh_train_track1_1698	የቤተ ክርስቲያን መከራ ? ከ25 በላይ አብያተ ክርስቲያናትና ገዳማት የከባድ መሳሪያ ሰለባ በመሆናቸውና ቅርሶችና ንዋየተ ቅድሳት በመዘረፋቸው አገልግሎት ለመስጠት ተቸግረናል!	0	0	0	1	0	0
amh_train_track1_1699	1 00 00 ህዝብ በጦርነት ከማገድክ ቡሀላ ስለ ፍቅር ስታወራ አይሰቀጥጥህም?	1	0	0	0	0	0
amh_train_track1_1700	ትርሀስ አንቺ የሴቶች ጉጻይ ውስጥ ብትሰሪ ጥሩ ነበር በጣም ነው ያጸነቅኩሽ ዝሙት ፊትለፊታ እየሰራ እየመታት እየሰጸባት እብጽ በሎ ሰው እምነት እንጻታገኝ ያጸረጋትን አካላን ያሸጣትን ልጃን የሚነክስ ገና እንጸውም ልጃን እንጻይሸጠው እፈራለሁኝ ይሄ ጨካኝ እንጼት ነው አብራ ቤት ይዘው እቃ ገዝተው ስታስቢ ጸስተኛ ሆና አብራው ትኖራለች ተው ነገ በኔ ብሎ መፍረጽ ጥሩ ነው እግዚአብሔር ልጃንም እሳንም ከእስራቷ ነፃ ያውጣቸው እመቤቴ ትጋርዳቸው	0	0	0	1	0	0
amh_train_track1_1701	ወደ ሰሜን ኮሪያ ያለ ፈቃድ የገባው አሜሪካዊ ወታደር በአሜሪካ ቁጥጥር ሥር ነው ተባለ	0	0	0	0	0	0
amh_train_track1_1702	እመብርሃን ነፍስህን ከገነት ታድርሰው አባቴ	0	0	0	1	0	0
amh_train_track1_1703	ህዝብን መጉዳት ሀገርን ማዋርድ መጨርሻው እነደ አበደ ውሻ በየቦታው እየተሽሎኮለኩ መኖር ብቻ ነው ትርፉ ገና ብዙ ስቃይ ታያለህ	0	1	0	0	0	0
amh_train_track1_1704	ጃን ከድምጹ ጋራ ጠባዩም ተቀይርዋል ልጅትዋ ኢየቀየረቸው ነው ፍቅር ኢየጀመረው ነው	0	0	0	0	0	0
amh_train_track1_1705	አውሬው አብይ በስልጣን ለመቆይት ሲል ብቻ ጦርነት እየጠመቀ ንጹሀንን ሲጨርስና በመዴዴ የኦሮሙማ መንጋ ሲያስጨርስ ትንሽ ስቅጥጥ የማይለው አረመኔ ሰው ነው ድፍት ያድርገው	0	1	0	0	0	0
amh_train_track1_1706	እናቷ በጣም ኖረኛናት የልጅቱ hiwotበጣም ያሳዝናል /እንዳዛም ሆና ጥንካሬዋ የሚገርምነው /አይዞሽ የኔ ቆንጆ ለበጎነው /እናትሽ ግን የስራዋን ይስጠት እንኳንም ሞተች እችአዉሬ ምንኢናት ትባላለች እች ጭራቅ 😥😥😥	0	1	0	1	0	0
amh_train_track1_1707	Nur Nur አንተ ባለጌ መን ትመሥላለህ	0	1	0	0	0	0
amh_train_track1_1708	እንደሀገር ስንሰባሰብ የኦሮሞ አበርክቶ የቱ ነው ነበር ትዊቱ፣ ድንገት ተነስተህ መንገድ ኢንዱስትሪ ምናምን የሚል አጀንዳ አመጣህ። ታሪ	0	1	0	0	0	0
amh_train_track1_1709	መጨረሻው ግን ወያኔ ሆነም ለትግራይ ህዝብ ጨፈጨፉት  ስልጣኑ አስረክቦ ወደ መቀሌ ሲሄድ ተከትሎው የዘር ማጥፋት ጆኖሳይድ ፈፅሙ በትግራይ ህዝብ ያሳዝናል	0	1	0	1	0	0
amh_train_track1_1710	ብቻ ቦንድ የገዛውበትን ግድብ ተደራድረህ የሸጥከው ጊዜ ነው ከእኔ ጋር 3ተኛ የአለም ጦርነት ውስጥ የምንገባው	1	0	0	0	0	0
amh_train_track1_1711	በዛውም በአማራ ህዝብ ላይ ላወጀው ጦርነት ስንት ብር እንደበጀተ ብትጠይቅልን። መቼም የሰዉ ሞት እንደኪሳራ እንደማይቆጥሩት ግልፅ ነው። ጊዜ ለኩሉ!	0	1	0	1	0	0
amh_train_track1_1712	ፕራንክ መሆኑን ያወቁ ቀን ግን... 😂😂😂	0	0	1	0	0	0
amh_train_track1_1713	ሁሉም ማደሪያ አለው።ድሮ ታቦት በዝማሬ ይታጀብ ነበር አሁን ግን አሪፍ ባህል እያሉ በዘፈንም ያጅቡታል ከቁልቢ እስከጎንደር ሳይቀደሱ የተቀደሰውን ተሸክሞ ከዝማሬ ይለቅ	0	0	0	1	0	0
amh_train_track1_1714	Ethiopiaእርሶ ኦሮሞ ሚስቶት አማራ ልጆቻቹ ምንድናቸው ከምክር ቤቱ አባል የተነሳው ያልተጠበቀ ጥያቄ via 	0	0	0	0	0	0
amh_train_track1_1715	አሳማ ነሽ ሆዳም ማለት ነው!!! እኮ ዝም በይ እስኪ።	1	1	0	0	0	0
amh_train_track1_1716	ለምንድኖው እደምየቹ ሙሉ ሞት ብቻ ምትሞኙ ኣተገዛንም ደሞ ትላላቹ ኤርትራ ኮ ለኣራት ምቶ ኣመት ተገዝታለች ለምን ለባሕር ኣልተከላከላቹ ባካቹ እረፉ በሰላም ንኑር የየሃብታችን ይዘን ንኑር ህዝብ ኣተዋናብዱ ታድያ ጁቡቲ እኮ የናንተ እኮ ነበረች ለምን በሃይል ኣትወስድዋትም ምንቀኞች ናቹ	1	0	0	0	0	0
amh_train_track1_1717	ነጭ ጣቃ ያለው ሻንጣ አዘጋጅቼ ነበር ነው ያለው ፖለቲከኞች ስትባሉ እናንተ ንፁሀንን ታስገድላላችሁ እንጂ ራሳችሁ ትሞታላችሁ እንዴ ፀፀት ብጤ ጣል አርጎበት ይሆን ለስንቶቹ ሞት ምክንያት በመሆንህ ከበቡሽ ደሞ ምን ሊለን ነው	0	1	0	0	0	0
amh_train_track1_1718	አስፍዬ ቀናሁብህ አባቴ መልካም ሰርቶ በደስታ ጥግ ከቃላት በላይ እናቶችን በፍቅር እንባ አራጭቶ የሰው ልብ ውስጥ በክብር ተቀምጦ ማለፍ እንዴት ያለ መባረክ ነው በተለይ ለእናት ኢትዮጵያ	0	0	0	0	1	0
amh_train_track1_1719	በስመ አብ ወወወልድ ወመንፈስ ቅዱስ ምን አይነት እትናት በጣም ኩፉ ባለጌ እናት ናት ልጄ ፈጣሪ ይርዳሽ ። እንደዚ በጣም የሚሰቀጥጥጥ ታሪክ ሰምቼ አላውቅም ለምንድነው ሰው እስከዚ ኩፉሆነን ፈጣሪ ይማረን ሃጥያችን በዛ ።	0	0	0	1	0	0
amh_train_track1_1720	አንተ ጋዜጠኛ አቃጣሪ ሾካካ ነህ  ተላላኪ ገደል ግባ የአማራ ሞት ለአንተና ለአለቆችህ እንጀራ ነው 	1	1	0	0	0	0
amh_train_track1_1721	አልተገናኝቶም አለ ህዝቡ የሚፈልገው መንገድ ነው እየተራበ እተጠማ መንገድ ምን ይሰራለታል መንገዱን ሊበላው ነው በንሮ ውድነት እየተሰቃየ መንገድ ሰራሁልህ ማለት ንቀት አይሆንም ህዝብን መናቅ ለህዝብ ያለማሰብ ነው	1	0	0	0	0	0
amh_train_track1_1722	በጣም ደስ የሚል ጥያቄ ና መልስ ነበር ክብረት ይስጥልን እኔ እንዲንሳ እምፈልገው ሌላ ሃሳብ የ ዉጭ ኃይሎችስ አጅ ምን ያህል ሚና ነበረው በ ሀገራችን ፖለቲካ ላይ አልፎ አልፎ ድንገት ፖለቲከኞች በገዛ በሚመሩት ሀገር ታሪክና ባህልም ሆነ ሃይማኖት ላይ የሚሰጡት አስደንጋጭ አስተያየት ምን አልባት ከዉጭ ኃይሎች የሚመጣ ግ ዳ ጅ ይሆን	0	0	0	0	1	0
amh_train_track1_1723	እናት እና አራት ልጆቿን ጨምሮ 14 ሰዎች የሞቱበት የትራፊክ አደጋ በሰሜን ሸዋ	0	0	0	1	0	0
amh_train_track1_1724	እሡ አደለ ሀገር ሠላም የነሣብን ይሔ አውሬ በሀይማኖት አይቀረው በብሔር በዘር እያገዳደለ ያለውኮ ራሡ ነው	0	1	0	0	0	0
amh_train_track1_1725	ለምን ወደዚህ ሥቃይ እና መከራ ገባን? የሚለው ጥያቄ መልሱ የዛሬ 32 አመት በፊት በብዙዎች ቀድሞ ተነግሯል። የዘር ፖለቲካን በኢትዮጵያ ሲተክሉ እና አማራ የኢትዮጵያ ህዝቦች ጠላት ተብሎ ሲፈረጅ ነው የመከራው ሀሁ የተጀመረው!!! መዋጥ ነው እውነታውን!!!	0	0	0	0	0	0
amh_train_track1_1726	ብዙ የአገሪቷ ክፍሎች ሰዎች በምግብ እጦት በረሃብ በሚሞቱበት ግዜ ጠቅላይ ሚኒስትሩ ደሞ በመናፈሻዎች ፓርኮች ምረቃ ውድ ግዚያቸው ስያጠፉ ማየት ያሳዝናል ህዝቡ ከመንግስት የሚፈልገው ዋነኛ ነገር ሰላም እንጂ መናፈሻ ኣይደለም ሰላም ከሌለ ቱሪስት ይሸሻል እንጂ ለመጎብኘት ኣይመጣም	0	0	0	1	0	0
amh_train_track1_1727	ነብያችን(ሰ0ወ) አዲስ ልብስ ሲለብሱ የሚሉ ጥምጣም ኩታ ቀሚስ በማለት ስሙን ከጠሩ በኋላ አላህ ሆይ! ይህን ልብስ አንተነህ ያለበስከኝ ምስጋናም ይድረስህ የሱን መልካም ነገርና የ	0	0	0	0	1	0
amh_train_track1_1728	ድል ለታላቋ እስራኤል ሞት ለሀማስና ለአጨብጫቢዎች ውሻ መጮህ ብቻ ነው የሚያውቀው ድል ለአበሲት እስራኤል	0	1	0	0	0	0
amh_train_track1_1729	ዘመናዊ ካድሪ መሁኑ ነው ኪኪ የናተው ሽብር በገሀድ እያየን አይደል	1	1	0	0	0	0
amh_train_track1_1730	ኢሄ ፕራንክ ሚባል ነገር ቅጥ አጣ አሁንስ	1	1	0	0	0	0
amh_train_track1_1731	ኢትዮዺያውይነት ና ለፍትህ መቆም የክልላቻን ፅንፈኛ ሲያጠፋ ቅዱስ የሌላው ክልል ፅንፈኛ ሲያጠፋ እርኩስ በማድረግ አይደለም ማን ይሁን ማን ይፍፅመው ጥፋት ጥፋት	1	0	0	0	0	0
amh_train_track1_1732	በቅርቡ ኢትዮጵያን እንደጎኘሁት የማይፈራ ሰውም ሆነ ተቋም አላየሁምከፍርሃቱ ቀላል መንገድ አድርጎ የታዬው ደግሞ ነፍጥ ማንሳት ነውየበለጠ አስፈሪ ነውእየሆነ የቀጠለው ግን ይኸው ነውመሪዎቹ ደግሞ ወጣቶች ናቸውይህ ደግሞ አስፈሪነቱን ረጅም ጊዜ የሚቆይ ያደርገዋል	0	0	1	0	0	0
amh_train_track1_1733	እንዴ እንደዚህ በጆይ ባይደን ስልክ ካበዳችሁ ተላላላኪ መንግስት አይኖርም ስትሉ የነበረው ውሸት ነበረማለት ነው ? በአንድ ስልክ እንደዚህ የሆናችሁ በሌላ ምን ልትሆኑ እንደምትችሉ ሳስብ እደነቃለሁ:::ፕሮፓጋንዳውን አውቃችሁበታል::: የሚገርመኝ ከንግዲህ ተላላላኪ መንግስት አይኖርም የምትለዋ አደንቋሪ ቃላችሁ 🤦🏻‍♂️🤦🏻‍♂️🤦🏻‍♂️	1	1	0	0	0	0
amh_train_track1_1734	የኦሮሞ ጋላዎች ለኢትዮጵያ ስጋት ናቸው የሚባለው የማህይም ስብስብ እና የአልጠግ ባይነት ባህሪይ ያላቸው እንስሶች ስለሆኑ ነው	0	1	0	0	0	0
amh_train_track1_1735	አባ ትላንት የትግራይ አባቶችን ሲያወግዙ ነበር ተጋሮችንም እያሣደዱ ነበር የትናንትናው ይብቃ አባ ራስህ ንሰሀ ግባ	1	0	0	1	0	0
amh_train_track1_1736	ጌታ ይባርክሸ ለሰው ግድ የሚለው አሰተዋይም ብሩክም ነው ለብዙዎች ሼር አረገዋለሁ መልካም 2016	0	0	0	0	1	0
amh_train_track1_1737	አይ የበታችነት ሰሜት አይ ድንቁርና የህ ሁሉ መከራ ከመሸከም ወደ መጣህበት ማዳጋስካር መሄድ ይሻልሃል	0	1	0	0	0	0
amh_train_track1_1738	ጦርነት ሆነ እንጂ ለምንድነው የሩሲያና የዩክሬን ጦርነት ጆሮ ለመስማት የሚፈልገው ከጦርነትም አቅም እንደትልቅ ነገር እድል የሚባል ጣኦት አይቶታል ማለት ነው አለም	0	0	0	0	0	0
amh_train_track1_1739	ኢትዮጵያ ደግሞ ከ 5 ዓመት ጀምሮ የርስ በርስ ጦርነት ላይ ናት።	0	0	0	0	0	0
amh_train_track1_1740	Ethiopia በህዝብ ተጠልተን ልንወድቅ ነው የጠቅላዩ ያልተጠበቀ ንግግርና ማስጠንቀቂያ! via 	0	0	0	0	0	0
amh_train_track1_1741	ትክክል ጥያቄው በሠላማዊ እና በዲሞክራሢ ጥያቄ በአቶ ክርሥቲያን ታደለ ተጠይቆ እሥር ቤት ተወርውሯል ሌሎችም በፍርድ ቤት በተለያየ የብልጽግና ባለሥልጣን ጥያቄ ሢጠየቅ ሞት በድሮን ጥያቄ ሀፐተመልሷል በአዲሥ አበባ ከመቶ ሺህ በላይ አማራ ተፈናቅሎአል ታፍኗል ታሥረዋል ትምህርት ቤቶች በድሮን ተፈጭተዋል ባለሀብቶች ከሀገር ለግድያ ሲፈለጉ ወጥተዋል የአማራ ባለሥልጣኖች ተገድለዋል የአማራ ሠራዊት ክህደት እምነት ማጉደሌም ጭምር በነበረው ጦርነት 	1	0	0	0	0	0
amh_train_track1_1742	Anchor News Mar 23 2023 በኢትዮጵያ የሰብዓዊ መብቶች ጥሰት አሳሳቢ ደረጃ ላይ ይገኛል፥ የህወሀት ከሽ via 	0	0	1	0	0	0
amh_train_track1_1743	ከላይ የተባለው እውነት ይሁን ውሸት ባይገባኝም ዳውሮ ህዝብ ኦሞትክ በመሆኑ ሁሉም በሚባል ደረጃ በቋንቋ በባህል በጣም ከምቀራረብ እንድሁም ተጋብቶና ተዋልዶ ከኖረው ከወላይታ: ጋሞና ጎፋ ህዝብ ጋር ቤተሰብ የሆነውን ሰፊው የዳውሮ እና ኮንታ ህዝብ በጥልቀት ባልተወያዬበት እና ባላመነበት በጭፍን ጥላቻ ዳውሮና ኮንታ ህዝብ ተጨማሪ እንግልት እንዲያገኙ ያደረጉት ታርካዊ ጠላቶች የዳውሮና ኮንታ አመራሮች ናቸው።ህዝቡ ግን እስካሁን እንደ ቀድሞ አን	1	0	0	0	0	0
amh_train_track1_1744	እድሜያቸው ትንሽ ከፍ ባሉ ህፃናት አእምሮ ላይ የሚፈጥረው በቀላሉ የማይጠፋ ሽብር አስባችሁታል? ብልጽግና ማለት ይሄ ነው።	0	1	0	1	0	0
amh_train_track1_1745	ይሄ ቢኒያም የሚባል ወንበዴ የተመታታታበር አጭበርባሪ ነው !	0	1	0	0	0	0
amh_train_track1_1746	የእስልምና እምነት ተከታዮች እንኳን ለኢድአልፈጢር በዓል በሰላም አደረሳችሁ! መልካም በዓል እንዲሆንላችሁ እንመኛለን! ኢድ ሙባረክ! 	0	0	0	0	1	0
amh_train_track1_1747	አንተን የሚከተልህ የለም ለምን ካልክ አንተ ቂል ደደደብ ከዳተኛ ነህ ። የእነ አብር ሃም የነ ሙሴ የቤፊቱቶቹን ደግ ሰዎች ጥበብ ከንቱ አድርገሃልና የረከስክ ነህ ። ደግሞ ባንተ ህግጋት ልብ ዎለድ ማንም አይገዛም ።ምክንያቱም አንተ እራስህ ለምን እንደዚህ አይነት ተልእኮ እንደተሰጠህ አታቅም ዝም ብለህ ነው የምትቀባጥረው። እውነቱን ልንገርህ ሀሰተኛ ነብይ ነኝ ባዮች የበዙበት ዘመን። የአዳም እና ሄዋን ___---...ታሪክ አንብብብ ።ሁሉ	0	1	0	0	0	0
amh_train_track1_1748	የትናየት እንደርስነበር አንድነት ቢኖረን? ያማል የወያኔ ግፍ	0	1	0	1	0	0
amh_train_track1_1749	ተአምር የተፈጠረ ይመስል ለአንድ ወጣት ጋዜጠኛ መያዝ ይህንን ያክል ማሽቃበጥ አስፈላጊ አይደለም።ጋዜጠኛ ያየውንና የሠማውን ከመዘገብ ውጭ ሌላ የተለየ ኃይል	1	0	0	0	0	0
amh_train_track1_1750	የአሜሪካንን ንግግር ብዙውን ጊዜ ተቃራኒ ነው ሰብዓዊ ፍጥረትን የሚጨፈጭፍ አደገኛ መሳርያዎችን እያቀበለች ስለሰሳም ታወራለች በምዕራባውያን ሸፍጥ ዓለም ሰላሟዋን አታለች ክፉኛ ታማለች	1	1	0	0	0	0
amh_train_track1_1751	የኪሊያን ምባፔ መጨረሻ የት ይሆን? ሪያል ማድሪድ ወይስ ሳዑዲ አረቢያ?	0	0	0	0	0	0
amh_train_track1_1752	Eli Jah ማንኛውም ሰው የፈለገውን ሐይማኖት የመከተል መብት አለው ከሚል አኳያ ነው ምናልፈው እንጂ የእስልምና ሐይማኖት ያን ያክል የሚያስመካ ሐይማኖት አይደለም። ድሮ ሰይፋቹን ፈርተን ነው የምናልፈው ዛሬ ግን እድሜ ለሶሻል ሚዲያ እንዘረግፈዋለን። 😊	0	1	0	0	0	0
amh_train_track1_1753	ትንሱ ግብዝ ነህ በርታምርጥ አባትነህ ❤❤❤	0	0	0	0	1	0
amh_train_track1_1754	እፍፍፍ የእዉነት በጣም ያማል በእዉነት😭😭😭	0	0	0	1	0	0
amh_train_track1_1755	ዉሼታምምም አንች እሱ ብሳሳሳት አንች እንኳን እንብ አትይም	1	1	0	0	0	0
amh_train_track1_1756	ትሕትናና እግዚአብሔርን መፍራት ባለጠግነት ክብር ሕይወትም ነው። መጽሐፈ ምሳሌ 224	0	0	0	0	0	0
amh_train_track1_1757	ሀይ የዘንድሮ ሥራ-ፈት EBC... እስቲ ደመሞ ዬሌላ ብሔርንም አንዴ... ወይስ የሌላ ከንቱ ነው???	0	1	0	0	0	0
amh_train_track1_1758	እስራኤል በቆዳ ስፋት ትንሽ ብትሆንም ሌለው ላይ ያላት አቅም ማየት ጥሩ ነው እስራኤልን እግዚአብሔር ይጠብቃታል አትጠፋም	0	0	0	0	1	0
amh_train_track1_1759	አንድላይ መቼም አይሆኑም	0	0	0	0	0	0
amh_train_track1_1760	አፍሪካዊያን ጳጳሳት የሮማው ሊቀ ጳጳስ ስለ ተመሳሳይ ፆታ አፍቃሪያን ያወጡትን አዋጅ ተቃወሙ	0	0	0	0	0	0
amh_train_track1_1761	ኢሱ እባክህ ፀረ ድሮን መሣሪያ ለአማራ ፋኖ ላክ መሰልጠን ከአስፈለገ ታውቃለህ ኢሱ የአማራን ሕዝብ ከአብይ የድሮን ጭፍጨፋ አድን አደራ	0	1	0	0	0	0
amh_train_track1_1762	እኔንየኔውድ ኧረ በጣም መስማት ነው ያቃተኝ እህቴ በጣም ጀግናነሽ የቆየውን ሒወትሽን እግዚአብሔር ያስረሳሽ ያማል አይ የሴት ስቃይ ግን ለምን አይዞሽ አንች ጀግናነሽ የወደፊት ሒወትሽ ያማረ እንደሚሆን ከእግዚአብሔር ተስፋ አለኝ ጎበዝነሽ ክርስቲያን ተስፋ እንደማይቆርጥ ባንችነው የተማርኩት የኔ ብርቱ አይዞሽ	0	0	0	1	0	0
amh_train_track1_1763	የጠሉት ይወርሳል ይህ ጁሐር አማሮቹን እንደሚያንቀጠቅጣቸዉ ጠቅላይ ሚኒሰተር ሆኖ ሚሊዬኖችን በልብ ድካም እንዳይጨርሳቸዉ እፈራለሁ	0	1	1	0	0	0
amh_train_track1_1764	ስራችሁ ሑሉ ያሳፍራል ይህ ሁሉ ሴራ ባንድ ክልል ለማመን ይከብዳል።	1	0	0	1	0	0
amh_train_track1_1765	ሀማስ በመጀመሪያ ያደረሰው በደል እልቂት በኑፁሀን ሰወች ላይ እስራኤል የደረሰው እግፍ እና ሰቆቃ በደቡብ አፍሪካ ውስጥ ቢሆን እሷም ትብስ ነበር ታዲያ ምን ይሆናል በሰው ቁስል ላይ የሆነ ነገር ብታስገባበት ለአንተ አያምህም በደቡብ አፍሪካ የሆነውም እንደ ዚያ ማለት ነው	0	1	0	1	0	0
amh_train_track1_1766	እነዚህ ለምንም የማይጠቅሙ ገልቱዎች ናቸው እኔ የሚገርመኝ ኢቶ360ዎች አብይ አብይ ብለው ሊሞቱ ነው የቂም በቀል ስራ ነው የሚሰሩትየግል ቁረሾ አለባቸው ወይ አባታቸው	1	1	0	0	0	0
amh_train_track1_1767	አሁን እንደሱ ሆዳም ህዝብ ካልሆነ ማንም አይሸወድልህም አገር መውጫ መግብያ አተን ገና የባር በር ቅብርጥሰዬ ይላል የጂኔ ልጆዎች ሴጣን መንግስት	1	1	0	0	0	0
amh_train_track1_1768	እኔ በሃይማኖት ልስብህ አይደለም እንደ ሃይማኖተኛ ሰው ግን አስበክ ለሰው ልጆች ሞት ተጨነቅ ዘር አትቁጠር ፖለቲከኛ ካልሆንክ ማለት ነው	1	0	0	0	0	0
amh_train_track1_1769	ወያኔ ሃያ ሰባት አመታትን ምን ያህል ትዉልድ እንዳጠፋ ይህ ጥሩ ማስረጃ ይመስላል  ይህን የአማርኛ ቀልድ ብለው ከፍለው ገብተው እያዳመጡ መሣቃቸዉ የሚገርም ነው 	0	1	0	0	0	1
amh_train_track1_1770	እስራኤል ወራሪ ነች ለወራሪ የሚደግፍ እሱም እንደዚያው ወራሪ ነው	0	1	0	0	0	0
amh_train_track1_1771	እኔ ፃድቅ ነኝ ብሎ እርፍ እሄ አጭበርባሪ የፓስተር ዳዊት ወንድም	0	1	0	0	0	0
amh_train_track1_1772	በጣም ያማል እግዚአብሔር ይርዳሽ የሆነው ሁሉ ለበጎ ነው የኔ ውድ አንቺ ላይ ስለሆነው ሁሉ ፈጣሪ መልስ አለው አንድ ቀን ያለፈ ታሪክ ይሆናል ትልቅ ነገር ይጠብቅሻል	0	0	0	1	0	0
amh_train_track1_1773	ቤተክርስቲያን ዓለም አቀፍ ሰላማዊ ሰልፍ ጠርታ ይህን አውሬ መንግስት በፅኑ ማስጠንቀቅ አለባት ከመግለጫ ያለፈ እርምጃ መውሰድ አስገዳጅ የሆነበት ሁኔታ ላይ ደርሰናል	1	1	0	0	0	0
amh_train_track1_1774	ሁሉንም ነገር ከዘመኑ ክፋት አንጻር ተውኩትና ያንቺ ቅን ልቦና፣ ይቅር ባይነት፣ ለአምላክሽ መታመንሽ ፣ ተስፋሽ እጅጉን አስደመመመኝ አስቀናኝ። የስኬት ጫፍ ደርሰሽ ለእልፍ ሴቶች አርአያ እንደምትሆኝ አልጠራጠርም	0	0	0	0	1	1
amh_train_track1_1775	የአማርኛ ፈሊጦች መጽሀፍ ይቅርታ ጠየቀ ተማፅነ በአጠፋው ጥፋት አዝኖ ይቅርታ ጠየቀ እንዲረሳለት ለመነ ሲል ይተርጉማል፡፡ ከሀዲውና አራጁ ወያኔ ለጥፋቱ ይቅርታ ሳይሆን የጠይቀውና	0	1	0	0	0	0
amh_train_track1_1776	ጥላቻን ከልቤ ጠልቼው ርቆኛል ፣ ፍቅር ግን ሳፈቅረው ይበልጥ ቀርቦኛል፣ አምኖ መጎዳቱም ምርጫዬ ሆኖኛል ፣ ምክንያቱም በእምነቴ አምላክ ያድነኛል! SaveIDP	0	0	0	0	1	0
amh_train_track1_1777	ከትናንት በስቲያ ቀይ ባህር ላይ ወደብ አገኘን ብላችሁ ይህንን መንጋ የማያስብ ደንቆሮ አስጨፈራችሁ ዛሬ ደሞ ሌላ ቀደዳ አጭበርባሪ ስርአት	1	1	0	0	0	0
amh_train_track1_1778	በትግራይ በምግብ እጥረት 13 ህጻናት ሞተዋል- አይደር ሆስፒታል	0	0	0	1	0	0
amh_train_track1_1779	አባታችን ጠንካራ የእውነት ሰው ነዎትና በአባትነዎት ኮራንብዎ እናመሰጌንወታለን	0	0	0	0	1	0
amh_train_track1_1780	ሌላ ጊዜ ግን ድንገት አታስቂኝ?	0	0	0	0	1	0
amh_train_track1_1781	ከለማኞችና ቀምኞች የሚተርፍ ካለ ነው አንዱ ሆዳም ቀማኛ አንተው ነህ ንገሩኝ ባዮች የሾርት ሚሞሪ በሽተኞች	0	1	0	0	0	0
amh_train_track1_1782	ዛሬ ያጎረስከው አድጎ ይበላሃል ዘረኝነት ጥንብ ናት ። ነብዩ መሀመድ (ሰዐወ)?	0	0	0	0	0	0
amh_train_track1_1783	እኔ ማን ነኝ ፆታየ ስራየ ምንድነዉ ክልል እና ሃይማኖቴ ያወቀ የ100ካርድ ሽልማት ኣለዉከ ቢኒሄድ ይሻላል እንዉጣ ብየ ነዉ	0	0	0	0	0	0
amh_train_track1_1784	መጨረሻ ላይ ዴኒዝና ናሪን መሞታቸውን ሳይ ማየት ደበረኝ ድራማውን	0	0	0	1	0	0
amh_train_track1_1785	ድል ለፋኖ ድል ለጭቁኑ የአማራ ሕዝብ ውድቀ ት ለእብዱና ለጨካኝ አረመኔው አብይ አመድ እና ለሆድ አደር ተከታዮቹ 	0	1	0	0	0	0
amh_train_track1_1786	ይኸ ለማንም መራራ እዉነት ሊሆን አይችልም ከፀሀፊዉ በቀር። ይልቅ ጣፋጭ እዉነት ነዉበእየሱስ ክርስቶስ ማመን።	0	0	0	0	0	0
amh_train_track1_1787	21 አመት ያገለገላቸውን መከላከያ ሰራዊት ያለ ርህራሄ ያረደው አረመኔው ወያኔ ዛሬ አንገታቸውን ደፍተው  ቢኖርም አሁንም የማይታመኑ ናቸው ጀግናው የመከላከያ ሰራዊታችን ግን ወንድምና እህቶቻቸውን ቀብረው በእልህ አገራቸውንና ሕዝባቸውን እያሰከበሩ ይገኛሉ ክብር ይገባቸዋል ክብር ለንጥሩ ወርቅ መሪአችን ክብር ለኢትዮጵያን ወዳድ ሕዝብ ሞት ለጫካው አውሬጄውሳ  ሸኔ ፀረ አገሮች	1	1	0	0	0	0
amh_train_track1_1788	ደርሳችሁ ለምን ተንጓጠጠ እያላችሁ የድጋፍ ሳይሆን ራሽናል ለመምሰል የምታደርጉትን ጥረት ሳላደንቅ አላልፍም ። እስክንድር ነጋን አስታውሱ ። What goes around comes around 	0	0	0	0	1	0
amh_train_track1_1789	እውነት ምን እንደምል አላውቅም ቀጥታ ስርጭቱን ሳይ እንባ ነው የተናነቀኝ 	0	0	0	1	0	0
amh_train_track1_1790	ጀዋር ከሁሉም ጉዳይ ኒውትራል ለመሆንና ማንንም ላለማስቀየም ያደረገው ጥረት የፖለቲካ ሰብዕናውን አውርዶታል መልሶቹ አንድም የፖለቲካ አቋም የሌለው ግን ሁሉም ሊስማማበት የሚችል ሀሳብ ላይ ማተኮሩ ሊታመን የማይችል ፖለቲከኛ ያደርገዋል ፍርሀትም ሌላው ማነቆ ነው በፖለቲካ አለም ሁሉም ነገር እሱ እንደሚለው ቀላል አይደለም በውይይት የማይፈቱ ነገሮች ባይኖሩም ሁሉም ቡድን በውይይት ያምናል ብሎ ማሰብም የዋህነት ነው ጦርነት አንዳንዴ ግድ የሚሆን	0	1	0	0	0	0
amh_train_track1_1791	ይዘገያል እንጂ አህያ የጅብ ናት	0	0	0	0	0	0
amh_train_track1_1792	ወለጋ የሚጨፈጨፈው አብዛኛው የደቡብ ወሎ ህዝብ ነው። የዞኑ ካድሬ የብልጽግና ምንጣፍ አንጣፊዎች ግን የብልጽግና ፍቅር ከህዝባቸው ስቃይ በለጠባቸው።	0	1	0	1	0	0
amh_train_track1_1793	የእግዚአብሔር ምህረት እንዴት ድንቅ ነው ፍቅሩስ እንዴት ጥልቅ ነው ስንቴ ይቅር አለን ስንቱን ሰው አደረገ ስንቱን ከትቢያ ላይ አነሳ እንደ በደላችን ብዛት ቢሆን ሞት የሚገባንን ከትልቅ ፍቅሩ የተነሳ ህይወትን ሰጠን?	0	0	0	0	1	0
amh_train_track1_1794	ኧረ ተው የዚች ልጅ እንባ ግፍ እንዳይሆንብህ🤔🤔🤔	0	0	1	1	0	0
amh_train_track1_1795	ድራማው ከሚባለው በላይ አሪፍ ነው ግን እባካችሁ ድምፅ ይስተካከል	0	0	0	0	1	0
amh_train_track1_1796	አሁን ሁሉም ነገር ግልጽ እየሆነ ነው ግልጽ ነገሩ የሶማሊላንድ ምድያዎች በትናንትናው እለት እንደተናገሩት ከሆነ ከሁሉም ሀገራት ቀዳሚው የኢትዮጵያ ጠቅላይ ሚኒስትር በዝህ ሳምንት ወደ ሀገራችን ለስራ ጉብኝት ሀርገሳ ይገባሉ በሚል አስገራሚ መረጃ እያወጡ ነው ለኢትዮጵያ መንግስት ሁሉም ነገር የገባቸው ይመስላል ባለፈው ሳምንት ውስጥ ሶማሊያ ለሶማሊላንድ እውቅና እንደምትሰጥ እና ኢትዮጵያ ወደብ አልባ ሀገር ሆና እንድትቀጥል ፍላጎቷ ነው ነገር 	0	0	0	0	0	0
amh_train_track1_1797	የጠቅላዩን መሸለም አወራችሁ እንዴ	0	0	0	0	0	0
amh_train_track1_1798	መቼም የወያኔ ደቀመዛሙርቱ አይደላቹ ሁሉ ጊዜ ውሸት መቼ ነው እውነት የምታወሩት	1	1	0	0	0	0
amh_train_track1_1799	ትክክል ብለሀል የናቶችንና የንጹሀንን ደምና እንባ የሚያፈስና የሚያፍስ ግፈኛ ነው	1	0	0	0	0	0
amh_train_track1_1800	አሳ ጋር መዝናናተ ደስ ይለኛል  ጀዝባ ማን ጫትህን ሊቅምልህ ነዉ	0	1	0	0	0	0
amh_train_track1_1801	ኧረ ያላለህ ልብ ይሰብራል ያማል ፅናቱን አላህ ይስጣቸው	0	0	0	1	0	0
amh_train_track1_1802	ተደመር ተብሎ እንቢ ያለ ቡድን ያለ እላማ አንድ ሚሊዮን ወጣት አጥፍቶ አሁን እደመራለሁ እያለ ነው። በጣም የሚገርም በአለም ታይቶ የማያውቅ	1	0	0	0	0	1
amh_train_track1_1803	 የሰው ልጅ ጥፋተኛ እሚበለው ለሸይጣንነት አስቦ ቲያገርገው ነውነገሩ የተፈጠረው ባጋጣሚ ነው ኩዚ ግን በግልፅ መሳዋትነት ሆኖታል ለጉኒ ኩዚ እኔ ነኝ ሲል ምንም አልተነፈም ደሞ ለመጀመሪያ ግዜ በልጅነታቸው ሊሳሳሙ ሲለ አቋረጣቸው እራስ ወዳዳድነት ነው እንጂ ፍቅር የለበትም ፍላጎትንጂ ስለዚህ በጭራሽ ከልቡ አያፈቅራትም ብር ነው እሚወደው	0	0	0	0	0	0
amh_train_track1_1804	ገዳ ፍቅር ነው አብሮ የመኖር ተምሳሌት ነው ፍቅር ያሸንፋል የኢትዮጲያ ሰላም አረጋጋግጠን ብልጽግናዋን እናፋጥናለን አራት ነጥብ !	0	0	0	0	1	0
amh_train_track1_1805	የቱ ጋር ነው ይሄ ፖለቲካነቱ? ጭፍን አስተያየት አትስጥ የህዝብ እንባ ፈሶ አይቀርም ዋጋችሁን ከፈጣሪ ታገኛላችሁ ጭፍን በሄርተኛ ሁላ	1	1	0	1	0	0
amh_train_track1_1806	ይህች አንዲት ፍሬ ልጅ በቤተክርስቲያን ውስጥ በተጣለ የጭስ ቦንብ በእልህና ሲቃ ውስጥ ሆና የዛሬ አሳዛኝ ሁነትን የተጋፈጠችበት ወቅት የተናገረችው ቅዱስ ጊዮርጊስ ያድናችኋል፤ አ	0	0	0	1	1	0
amh_train_track1_1807	ከፋንታሁን ዋቄ ውጪ ይህንን የዘገበው አለ፧ ድንገት ውሸት ከሆነ ህዝብን ከአባቶች ጋር ለማጋጨት እንዳይሆን። ፋንታሁን ይህንን ያደርጋል እያልኩኝ ሳይሆን ድንገት እሱ	0	0	1	0	0	0
amh_train_track1_1808	እንደው ለድንገቴው የዚህ እኩይ ሴራ ካልሆነ ኩዴታው የነአባሳዊሮስ ሥራ? ድንገት ጨለምተኞች እንደልማዳቸው በአባቶች አባት አድሮ መንፈሳቸው ዖር	0	1	0	0	0	0
amh_train_track1_1809	ሊፍት ተጠቅማ እንዳይሆን? ለመሬት ስርቆትና ወረራዉ ድንገት ከተጠየቅን ብለው Counterresponse ማዘጋጀታቸው ነው ሳትጠየቅ መልስ ማዘጋጀት	1	0	0	0	0	0
amh_train_track1_1810	አሜሪካ በተቃራኒ ኢትዪጲያ እና ኤርትራ ተጨፋጨፉ ማለቷ ነው እንጂ አሜሪካ ተው አታውቅም እረ ይበቃናል መንግስታችንን ሳናጣጥም የከፋ ግዜ መጣ አላህ ሀገራችንን ሰላም አርግልን	0	0	0	1	0	0
amh_train_track1_1811	እንደ ዩቲዩበር ጭንቀት ለአብይ መመኘት እስካሁን ሞቶ ነበር ግን ጭንቀቱ ለአንተ ና ለአንተን መሰሎች ይሁን	0	1	0	0	0	0
amh_train_track1_1812	አላማጣ ስትለው ይደነግጣል ? የተሰረቀ ነገር ሁሉ ኮሽ ባለ ቁጥር ያስደነግጣል ሌባ አካሉም ህሊናውም ለዘላለም አያርፍም ?	0	1	0	0	0	0
amh_train_track1_1813	ጂጂ የሴት ልጅን ጥልቅ የተቃራኒ ጾታን ፍቅር ስሜታዊ ምናብ በቃላት የማሳዬት ችሎታዋን ማንም አይደርስበትም። ጽድት ባለ ስነስረዓት ባለው አገላለጽ ለዚያውም?	0	0	0	0	1	0
amh_train_track1_1814	እኔ እኮ የቱ ነው ስንዴ 1ኩንታል ዱቄት 800ሺ ብር ገብቶ ያሳዝናል የኢትዮጵያ ነገር	0	0	0	1	0	0
amh_train_track1_1815	የዚምባብዌ ዜጎች የገንዘብ ሚኒስትራቸው 'የአፍሪካ ምርጥ' ተብለው መሰየማቸው አስገርሟቸዋል	0	0	0	0	0	1
amh_train_track1_1816	እንደው ምን ኣይነት ጭካኔ ነው እየተካሄደ ያለው? ያማል። የሰው ልጅ በሰላም የመኖር መብቱ ተነፈገ። የት ሂዶ ይኑር? ፈጣሪ ሆይ ምህረት ኣውርድልን።	0	0	0	1	0	0
amh_train_track1_1817	ጋለሞታ ሀዱሽ ገኪዳን አንዳንዴማ አቅምህን ማዎቅ ግድ ይላል እንዳ አንተአይነቱን ማህይም ቢጤህን ብትፈልግ ይሻላል ይህ ሰው በብዙ መመዘኛ እጅግ በተጋነነ ይበልጠሀል	1	1	0	0	0	0
amh_train_track1_1818	ማን ኦሮሞ ዘረኛ ነው አለህ አትቀባጥር ግን ዝቅተኝንት የሚስማቸው ጥቂት ዘረኛ ኦሮሞዋች ግጥም አርገው አሉ ዘረኛ የሚለው ቃል ከሌለ አማርኛን ጠራርበን የአሁኑን አ	1	1	0	0	0	0
amh_train_track1_1819	ከዚህ በሗላ አብይ እንደ ጀግና የሚታወሰው አቃተኝ ብሎ በግላጭ ስልጣኑን ለህዝብ ሲያስረክብ ብቻ ነው። ይህ የምታዩት በየቦታው እየተከሰተ ያለ ስቃይ ነው። በዚህ አምስት በንጹሃን ላይ የሚደርስ ስቃይ	1	0	0	1	0	0
amh_train_track1_1820	እውቀት ከስክነት ጋር ስትጣመር የዛሬውን ጃዋር ትሆናለች ደሬ እጅግ ድንቅ ጋዜጠኛነህ ክብር ይገባሃል	0	0	0	0	1	0
amh_train_track1_1821	ይህ መልካም ሀሳብ ሳይሸራረፍ ስራ ላይ ከዋለ አዲሰ አበባ እንደ ስምዋ ታብባለች፣	0	0	0	0	1	0
amh_train_track1_1822	የፍልስጤም ህፃናት ሰቆቃ ምንም ስሜት የማይሰጥህ ሰው ነህ አንተ	1	0	0	1	0	0
amh_train_track1_1823	ሰሞኑን ፍቅርሽ ገጣሚ አረገኝ ለአፍታ ለቅፅፈት ውልብ ብለሽ ባይኔ ድንገት የወሰድሽው ያለከልካይ ከኔ ትንሽ አይከብድሽም ስታሾፊ በኔ ይሁን አንቺን እንዳሻሽ ይግባኝ የሌለበት ፍትህ	0	0	0	0	0	0
amh_train_track1_1824	ግን ለዛሬ አማረኛ አልችልም ማለት አለመቻል ነው	0	0	0	0	0	0
amh_train_track1_1825	ለይኩን ለይኩን እዉነት ነዉ ሰዉ ሰዉ መሆን የቃተን ጊዜ ነዉ እግዚአብሔር እንደቸርነቱ ይህን ክፋ መናፍስት እንድናዉቅ እንደርስዎ ያለ አባት ፈጣሪ ሰቶናል ተመስጌን ያህንም መስማት የማይፈልግ ብዙ ሰቃይና ሞት አለ	0	0	0	1	0	0
amh_train_track1_1826	የሱዳን ቀውስ ለኛ ያለው እንድምታ ምንድነው? ከእርስ በርሱ ጦርነት ጀርባ ያለው አጫዋች ማን ነው?	0	0	0	0	0	0
amh_train_track1_1827	አምላኬ ሆይ መስማትም ይገብዳል የምትናገረውን ይህን ሁሉ መከራ ከምታሳያት በህይወት ባትኖር እናት ሳትሆን ሌላ መንፈስ ናት የአውሬው መንፈስ እረ አምላክ የት እንግባ በዚህ ዘመን የማንሰማው ምን ይሆን???	0	0	0	1	0	0
amh_train_track1_1828	ጦርነት የኔዉድ መጨረሻዉ ሁሌም በድልሊጠናቀቅይችላል ግን ሞት ደሞ ዋናዉ የጦርነት መገለጫነዉ	0	0	0	1	0	0
amh_train_track1_1829	ስለ ሥጋ ማሰብ ሞት ነውና፥ ስለ መንፈስ ማሰብ ግን ሕይወትና ሰላም ነው። ሮሜ 8፥6	0	0	0	0	0	0
amh_train_track1_1830	ይህ ጥቅስ ግን እውነት ነው? ከኦሮሞ ቀሳውስትና ከኦሮሞ ኣቡናት ጋርእየጸለዩና እየመከሩ እንዴት እንዛ ማለት ቻሉ? ስለ ተጋሩ ውሸት ሲነገር እንደ ተጸየፍነው፣ ኣቡነ	1	0	0	0	0	0
amh_train_track1_1831	ከሳይጣን ጎን ያለ በገዛእጁ ይጠፋል ገናም ታያላችሁ እግዛብሔር እስራኤልን ይጠብቃል የኦሪት አምላክ በጠንካራ ክንድ እስራኤልን እየጠበቀ ነው አህዛብ ግራ አትጋቡ ከሳይጣን ጎን ሽሹ ምክሬ ነው።	0	1	0	0	0	0
amh_train_track1_1832	ገራሚ የሆነ መደናገጥ እዛ ሰፈር ተፈጥሯል፡፡ እነዚህ እናቶችማ ምኑን ያውቁታል አድርጉ የተባሉትን ከማድረግ ውጪ፡፡	0	0	0	0	0	0
amh_train_track1_1833	እነዚህ ከርሶች ናቸው እያስበሉን ያሉት እነዚህ ከውስጥ ያሉት ሆዳሞች! ሌላው ወራሪ ቅዘናም እየመጣ ትጥቁን ያስረክባል ድሮ ከአንበሶቹ ጋር ሊገጥም እንደማይች	1	1	0	0	0	0
amh_train_track1_1834	መከላከያ የኢትዮጵያ የመጨረሻው ምሽግ ከስንት አበሳና መከራ ደሙን አፍስሶ ህይወቱን ገብሮ ያወጣቹንም መከላከያ ሰራዊትን እንደዚህ ማንቋጠጠ የናት ጡት ከመንከስም የዘለለ ነው። መከ	1	0	0	0	0	0
amh_train_track1_1835	ቆሻሻ መልካም ከአይጋ የለም ዳቢሎስ መልካም ነገር አለውዴ ዘርህ ከምድርላይ ይጥፋ	0	1	0	0	0	0
amh_train_track1_1836	እዚህ ድራማ ሃና ዮሐንስ ብትገባበት ደሞ ሴራው ይገርም ነበር ግን አሁንም ምርጥ ነው	0	0	0	0	1	0
amh_train_track1_1837	ደሬ ለካ እንዲህ ያለ ፖለቲከኛ ነህ እንዴ ለከባድ ተጫዋች ከባድ ዳኛ ሆነህ ነው የገጠምከው ደሬ ከመቀመጫዬ ተነስቼ አጨብጭቤያለሁ ይህን ታሪካዊ ኢንተርቪው ለ 12 ዓመት ልጄ አስቀምጥለታለሁ ኢትዮ በ2016 እንዲህ ነበረች ብዬ	0	0	0	0	1	0
amh_train_track1_1838	የምትስቁ ሰዎች ግን ደንቆሮ አይገልፃችሁም ይሄን መደገፍ አለብን እንደ ጊንጥ እራሳችንንን በራሳችን ባንገድል ጥሩ ነው	1	1	0	0	0	0
amh_train_track1_1839	የዕለቱ ምርጥ ፎቶ! ብዙዎቻችንን የሚመለከት ሃቅ! በሃይማኖቴ ቀልድ የለም	0	0	0	0	1	0
amh_train_track1_1840	እኔ ከባንዲራውዎ ችግር የለብኝም የተመቸው መጠቀም ይችላል ግን ይህን ባንዲራ አያቶቻችን ማለትም እነ አብዲሳ አጋ፣የሰላሌው አቢቹ፣ጃግማ ኬሎ ሌላው ቢቀር ለኦሮሞ ነፃነት የታገሉት የባሌው ጀነራል ዋቆ ጉቱ፣ ታደሰ ብሩ እና ሌሎችም አሁን ይሄን ባንዲራ ቢያዩት ያውቁታል ወይ???🙄🙄🙄	1	0	0	0	0	0
amh_train_track1_1841	እኔ በጣም የገረመኝ ይህን እብድ በንጹሃን ደም የተጠመቀ የወደፊቱ ጠቅላይ ሚኒስትር ማለት ቲኒሽ ክላሽ አያደርግም ጋይስ አድናቂዎች ተረጋጉ ውሃ ጠጡ ይህን comment ስታነቡ	0	1	0	0	0	0
amh_train_track1_1842	እናት እና አባትህን አክብር በምድር ላይ እድሜህ እንዲረዝም መልካም እንዲሆንልህ ከሀብትህ አክብር ይላል ቅዱስ ቃሉ።ዘመናቹ ይባረክ ለምልሙ በጣም ደስ ይላል	0	0	0	0	1	0
amh_train_track1_1843	አባይ ቲቪ ዜናቹህ በጣም ደስ የሚል ወቅታዊ ጉዳዮችን ነው የምታቀርቡልን ነገርግን በጣም አጭር ነው ለዜና ሙሉ ሳዓት አዘጋጁልን እባካቹ	0	0	0	0	1	0
amh_train_track1_1844	እኔም ቤሩት ነኝ ያስፈራል ግን ደሞ በቃ ከፀሎት ውጪ ምንም ማድረግ አይቻልም እንዳሻው ፈጣሪ ወደ ዳር ነሽ አንቺ እኔ ከተማ ነኝ አይዞኝ	0	0	1	1	0	0
amh_train_track1_1845	የኔም ስጋት ይህ ነው ?	0	0	1	0	0	0
amh_train_track1_1846	አለቃችሁ ቀጣይ ይመጣና '''ጦርነት እኛ ሀገር ብቻ ሳይሆን እስራኤልም ጦርነት ላይ ናት''' ይልላችኋል።	0	1	0	0	0	0
amh_train_track1_1847	አማራ አመራርነኝ የሚል ሁሉም በታሪክ ተወቃሾች ከመሆን ከማይታረመው ኢህአዴግ ብልጽግነዎች በማግለል መከራ ከሚቀበለው ጎን እንድትቆሙ ጥሪአችን ነው የአማራ ህዝብ	1	0	0	0	0	0
amh_train_track1_1848	ጀግኖች በተለይም ሀብትሽ እናመሰግናለን	0	0	0	0	1	0
amh_train_track1_1849	በጣም ድንቅ አገላለጽ ነው ፊማ ብርሃኑ ጁላ ስለኢት የመከላከያ ያስቀመጡት መስፈርት ሌጀ አበባው ታደሰም አጠናክረው ደግመው ገልፀውታል እሰየው የሚያስብል ነው የውስጥ ቦርቧሪ ይውደም ጠላት ይክሰም ኢትዮዽያ ትከምልም	0	0	0	0	1	0
amh_train_track1_1850	ኧረ ተው ሳሚ! በዛሬው ቀን ጠቅላዩ ጭንቅ ጥብብ ብሏቸው አንተ ሽሮ ምናምን ትላለህ?	0	0	0	0	0	0
amh_train_track1_1851	አንደንዶች እስራኤል ትጥፋ ፍልስጤም ትኑሪ እያላችሁ እባካችሁን ባለስልጣኖች የኑጹሃን ጠላቶች ይጥፉ እንጂ ሀገርና ህዝብ ምን አደረጉን መቼም ለስድብ አንደኛ ነን እንጂ እኔ ሁሌም ሰላም እንድ ወርድ እጸልያለሁ አምላክ ለኑጹሃን ወገኖች ይድረስልን እውነት ነው ኦባማ ያሉት ህጻነት ህንፃ ፈርሶበችሁ በጣም ያማል ልብን ይሰብራል ሀገሬ እንድ አለም አቀፍ እንድ ስሆን በጣም ያሳዝናል	0	0	0	1	0	0
amh_train_track1_1852	አሕያ መሳይ ነህ። ሽብር በመንዛት ማጋጨት አይቻልም።	1	1	0	0	0	0
amh_train_track1_1853	አፍንጫዋን እንደ ዙ እንስሳ ተበስታ ቀለበት ያንጠለጠለች ሴት ቢንያምን የሚያክል ትልቅ ሰው ለመጠየቅ ከፊቱ ስትቀመጥ አለማፈሯ ያሳዝናል  ያመፀ ትውልድ  ከባህሉ ያፈነገጠ ትውልድ ማየታችን አዲስ ባይሆንም ለመድረክ ግን ክብር መጥነው ቢቀርቡ የተሻለ ነበር  አርትስ ሚድያ ኃላፊነት መውሰድ አለበት 	0	1	0	1	0	0
amh_train_track1_1854	ማነ ፈቅዶለት ነዉ ደሴ ከተማ የገባዉ። እነርሱ ወሎዬ አአ መግባት አይችልም ብለዉ በወሎዬ ላይ መከራ እየወረዱ እሱ እንዴት ደሴ ሊገባ ቻለ?	0	1	0	0	0	1
amh_train_track1_1855	በጣም ያሳዝናል ይህን እዉቀት ይዘሽ ግን በጥላቻ ቡዛት አይምሮሽን ሳትጠቀሚበት እንዲሁ ተራ አሉባልተኛ ሴት ማትናገረዉን ስትዘላቡጅነበር ለትግራይ ሴቶች የታል	0	1	0	1	0	0
amh_train_track1_1856	ኢትዮጵያ በተለይ ኤርትራን የባሕር በር የማግኘት ሕጋዊም ታሪካዊም ምንም ዓይነት ድጋፍ እና ማስረጃ የላትም  አሁን እሄደችበት ያለው መንገድ ግን በሕዝቦች መፈቃቀድ በጊዜ ሒደት ሊመጣ የሚችለውን ውሕደት ክራሽ እያደረገችው ነው እያበላሸችው ነው በተለይ ኤርትራ በአሁኑ ስዓት ላይ ከኢትዮጵያ ጋር በጋራ በመከባበር ክና በመተባበር በሒደትም ጥሩ ደረጃ ላይ ሊደርስ የነበረ ግንኙነት ከሕዝብ ሰላም እና ደሕንነት ይልቅ ለስሙ እየሰራ ያለው አብይ አ	1	0	0	0	0	0
amh_train_track1_1857	ለሮበርት ዲ ኒሮ ለ11 ዓመታት የሰራችው በጾታ መድልዎ 1.2 ሚሊዮን ዶላር እንዲከፈላት ታዘዘ	0	0	0	0	0	0
amh_train_track1_1858	መጠረግ መጠረግ ትላላላችው ከሚጠረገው መሀል መሆናችውን ረስታችውት ነው? ወይስ ፅድቃችው በዝቶ ሰማይ ነካ? መጠረግ ስቱሉ ትንሽ ማዘን እንኳን አይታይባችውም እንደ አባት አብርሃም አስር ሰው እንኳን ቢገኝ ከተማዋን ማርልኝ ማለት ማንንን ገደለ? ለኢትዮጵያ ኑሮ ማን ይፈራል ኖርነው የሚባለው ከኖርነው ከምናቀው ህይወት የማናቀው ሞት አይሻልምን? ደሞ ገነትም ሲዖልም የለም ሲዖልም ገነትም ይህችው ምድር ናት አታስፈራሩን ፈጣሪን እያመሰገንንን በሰ	1	0	0	1	0	0
amh_train_track1_1859	አዲስ አበባ ውስጥ ፍቅረኛውን በእሳት አቃጥሎ ለሞት ያበቃት ተከሳሽ ሞት ተፈረደበት Ethiopia AddisAbaba 	0	0	0	0	0	0
amh_train_track1_1860	ሱሌ በውንነት !ግን የወያነ መሪዋች ሊያዙ 2 ወይ 3 ቀን ነበር ግን ድንገት ጦርነቱ ይቁም ተባለ ።ምክንያቱም ቅራጥነቱ በ ምዕራባውያን ስልክ ጥሪ ምላሽ ተ	0	0	0	0	0	0
amh_train_track1_1861	ኣይነ ጥላ😢😢😢ሆሆሆ ዳኒ😳 ግን ኣያቿት በጣም ብልጥ ነች love you 😍😍😍እራት የሚሏት ነገር😂😂😂ወይኔ ፍጥነት thank you 💎💎💎	0	0	0	0	1	0
amh_train_track1_1862	እንዴት አይነት መከራ ነው ? 10 ሚሊዮንም ከፍለው እቤታቸው ድረስ ሳይላክላቸው ጭራሽ እጅ ነስተው ተቀበሉ፣ ያውም ከደራሲው ሳይሆን ከእንደራሴው	0	0	0	1	0	0
amh_train_track1_1863	በጣም ኣድናቕሽ ነኝ የምትይው ሁሉ የሚገርም ቅኔ አዘል ግን ትልቅ ቁምነገር ትምህርት አልፎም የሚያዝናና ነውና በርችበት ኢትዮጵያ ባመት 11 አድጋለች ያለው መለስ ዜናዊ አንቺ ይደመለስሽው መልስ ይመስለኛል ጉዋደኞቻቸው ፊት እያዩ ነው መሰለኝ የሚያነቡት 11 ማለት ይቀናቸዋል ቅቤ ነው ያጠጣሽኝ ተባረኪ 	0	0	0	0	1	0
amh_train_track1_1864	የቀድሞው የሲአይኤ አባል የ40 ዓመት እስር ተፈረደበት	0	0	0	0	0	0
amh_train_track1_1865	በጣም ያማል እግዚሀብሄር ይጠብቅሸ ቃላት አጠረኝ	0	0	0	1	0	0
amh_train_track1_1866	የአማራ ክልል ግብርና ቢሮ ሀላፊ ያቀረበው ሪፖርት መልካም ሆኖ ሣለ ግን የዘንድሮውን ክንውን ከአምናው ጋር በማወዳደር በፐርሠንቴጅ ቢቀርብ ይበልጥ ገላጭ በሆነ ነበርየሲዳማየደቡብ ክልሎችስ አገራችን በጀመረችሁ የስንዴ ልማት ዙሪያ ምን እየሠሩ ነው ሕዝባችን ማብራሪያ ይሻልና አንድ በሉን	0	0	0	0	1	0
amh_train_track1_1867	በኦሮሞ ላይ የጥላቻን ንግግር መናገር ቅጣቱ ከዚህ ብኋላ የከፋ ይሆናል።	1	0	0	0	0	0
amh_train_track1_1868	አላህ ሂዲያ ሰቶ እሰልምናን ይወፍቅ እብዶ	0	0	0	0	0	0
amh_train_track1_1869	በጣም መልካም ሰው ነው !	0	0	0	0	1	0
amh_train_track1_1870	አልቅሰሽ ቢወጣልሽ ይሻልሻል እንዲህ ከምትሰቃይ።	0	0	0	1	0	0
amh_train_track1_1871	እስክንድርና ባለቤቱ ሰርካለም ናቸው። አዎ ብዙዎቻችን ድንገት ድህነት ሆኖብን ይሆናል ነገር ግን ሀብቱ ጸጋው ተትረፍርፎልህ ነገር ግን ሌላ አለም ዉስጥ መኖር ሌላ ጥበብ ሌላ ህይወት ነው። ለእኔ ባልም ተብሎም እንደስክንድ የሚኖር አይመስለኝም ፮	0	0	0	0	1	1
amh_train_track1_1872	በሺዎች የሚቆጠሩ ከደቡብ አሜሪካ የተውጣጡ ስደተኞች አንድ ላይ ወደ አሜሪካ ድንበር አቀኑ	0	0	0	0	0	0
amh_train_track1_1873	እንዴ፣ ናዝሬት ከተማ ከምኔው እንደዚህ ፎቅ በፎቅ ሆነች? በእውነት በጣም የሚገርም ነው!	0	0	0	0	1	1
amh_train_track1_1874	በጣም የሚገርም ነው ደር ዐቢይ ና ባለቤታቸው የሚሰሩት በጎ ምግባር ግሩም ነው እግዚአብሔር የሰጠንን ወጣት ባለራዕይ መሪ ነቱን የተረዱ ጠላቶች ስራውን ለማደናቀፍ እየሰሩ ይገኛል እግዚአብሔር እውነቱን ይግለጽልን	0	0	0	0	1	1
amh_train_track1_1875	እነሱ ቢያንስ በልተው ለማደር ነው ያንተ በክህደት ነውወላጅን ከመካድ የከፋ ነገር የለም ሰው የማያልፋቸው ቀጭን መስመሮች ከሌሉት እንሰሳ ነው	1	1	0	0	0	0
amh_train_track1_1876	የእግዚአብሔር ሰው እጅግ በጣም እወድሃለሁ እንወድሀለን አንተ ማለት ለእኔ ለመላው ቤተሰቤ የሕይወት ዘመን መሪይ ደቀ መዝሙሪ አስተማሪይ ብቻ ምንም አልልሕም ሆድ ያመስግን አይደል የሚባለው  እየሱስን አሳይተሕኛል እውነት	0	0	0	0	1	0
amh_train_track1_1877	ከፍተኛ የውጭ ጉዳይ ባለሥልጣናት ያሉበት የአሜሪካ ልዑካን ሰኞ አዲስ አበባ ይገባል	0	0	0	0	0	0
amh_train_track1_1878	ልደቱ አሁንም ከአማራ ፖለቲካ እንደራቀ መቆየት አለበት! ከአብይ ጋር ግን ከፈለገ መደባደብ ይችላል። ድንገት በድብድቡ አብይ መሬት ከወደቀ የአብይን ጭንቅላት እንጨፈልቃለን። ልደቱ	0	1	0	0	0	0
amh_train_track1_1879	የወያኔን ስርአት ያነሳልንን ጌታ እያመሰገን ለውጡን እናጣጥማለን መድረ ዘረኛ ተንጫጫ	0	1	0	0	1	0
amh_train_track1_1880	ጽዳት ከቤት ነው የሚጀምረው፣ ኦሮሚያ ላይ የአማራ ኦርቶዶክስ በሞኖፖሊ የያዘውን ቤተእምነት ሁሉ ለቆ ወደመጣበት ይመለስ እንጂ ሲኖዶሱ ቀስ በቀስ ከቀይ ሽብር ተፈላጊ ወንጀለኞች እና	0	1	0	0	0	0
amh_train_track1_1881	ሰላም ለንፁሀን እስራኤላዊያን ፍልስጤማዊያን ሰላም ለሰው ልጆች ሁሉ!!!	0	0	0	0	0	0
amh_train_track1_1882	ከመቶ ሀያ ሚሊዮን ህዝብ በላይ የነከሰዉን የሰዉ ዉሻስ ኢትዮጲያ የት ታርገዉ	1	1	0	0	0	0
amh_train_track1_1883	እንዲህም አለ እንዴት ያማል አይዞሽ የኔ ውድ ነገም ሌላ ቀን ነው	0	0	0	1	0	0
amh_train_track1_1884	መሀይምነትህን ተጠቅሞ አሜሪካ ተቀምጠህ በነጻነት ሽብር መምራት ትችላለህ ብሎ የመከረህ ክፉ ወዳጅ ነው ጠላትህ የጋሽ አያሌው ልጅ ስም ጠርተህ ያስገደልከ	1	1	0	0	0	0
amh_train_track1_1885	ሁሉም በጦርነት የሚጎዱ ንፁሃን ብቻ ናቸው ምርጥ ንግግር 	0	0	0	0	1	0
amh_train_track1_1886	የግል ክስ ጉዳይን እንደ ትልቅ ዜና ማቅረብ አይጠበቅባችሁም ነበር  ሬድዋን ሁሴን ለነገ ሳይል የተጠቀመባቸው ቋንቋዎች የዲፕሎማሲ ድህነት ነው  ሕዝብን ለሌላ ዙር ዕልቂትና መከራ ለመዳረግ ነው የተዘጋጁት 	1	0	0	0	0	0
amh_train_track1_1887	ልዩነት ጋዛ የታጠቀ ወታደር ሰገድል እሰራኤል የሰደተኛ ካንብ እና ሆሰፒታል የተኙ ህመምተኛ ትገላለች አቤት ልዩነት የፈሪ ብትር ንፁሀንንን መግደል ወይሰ ሜዳ ወርዳ ከታጠቀዉ ጋር መዋጋት😂🤣🤣🤣	1	1	0	0	0	0
amh_train_track1_1888	የእልፍኝ በር ሲከረቸምብህ እና ሞት መደፈር መፈናቀል የተጋሩ የ40 ቀን ስጦታ እንዳልሆነ ሲገባህ እንዲሁም ድንገት የቤተ መንግስቱ ነዌሪዎች ቢቀየሩ ለማንኛውም በሚል ነዎ	1	0	0	0	0	0
amh_train_track1_1889	ቴድሮስ ፀጋዬ የተባለው የኦርቶዶክስ አባቶችን ሲያዋርድ የሚውል ምላሳም ባለጌ ይሄን አላየም ወይ?	0	1	0	0	0	0
amh_train_track1_1890	አርህ ብትቀመጥ ሰላም ይሻለናል ጦርነት ለውያኔም አልጠቀመ የሚስኪኑ እናት ልጅ አለቀ እጂ ቁረጠው ፍለጠው አይሰራም በከላከያ እኮ ነው የሀገር ጠባቂ እስከአፍጫው	1	0	0	1	0	0
amh_train_track1_1891	ይሄ ጦርነት የሙስሊም እና የክርስቲያን አርገዉ ብዙ ሠዉ ያስበዋል አይደለም የግዛት ይገባኛል ጥያቄ ነዉ ጦርነቱ ብዙ ሠዉ ግን ገልብጦ ነዉ ሚረዳዉ በግራም ሆነ በቀኝ ስለ ሚሞቱት 0r ስለሚሰቃዩት ሠዎች ማዘን ሰባዊነት ነዉ	0	0	0	1	0	0
amh_train_track1_1892	ገታ ዎይ ኤዳዝ የቶጋዱ ሰቶች ማጫራሻቾ አስማር ኡኡኡፍፍፍ ያማል የአች ችገር። አዞሽ የን ቆንጅ እዳዝ አይናት እናት እዝ አላም ላይ አለች ገን	0	0	0	1	0	0
amh_train_track1_1893	ለማንኛውም ሰውየው ስለኢትዮዽያ እንዲህ መልካም ነገር የተናገረ ነበር	0	0	0	0	0	0
amh_train_track1_1894	እህቴን አይዞሽ ከዚህ ሁሉ በደል በሁዋላ እናቴን አሁንም እወዳታለሁ አለች አምላክ ጥንካሬውን ይስጥሽ	0	0	0	1	0	0
amh_train_track1_1895	መምሕር ዶክተር ሲሳይ በየጊዜው እየቀረቡ ለሚሠጡት ሚዛናዊ አስተያየቶቻቸው ከፍተኛ አክብሮት አለኝ ከጨዋነታቸው ከአቀራረባቸው ከሥክነታቸው ብዙውን አየተማርን ነውና እነደዚህ ያሉ ጨዋ ምሁራንን ፈጣሪ አምላክ የብዛልን አሜን	0	0	0	0	1	0
amh_train_track1_1896	በ መላው አለም የምትኖሩ የ አማራ ህዝብ ሆይ በአባቶቻችን በእናቶቻን በ ዎንድሟቻችን ደም የተግነባች ሀገር ለ አማራው የ ስቃይ እና የመታረጃ መሸማቀቂያ ሀገር ከሆነ	1	0	0	1	0	0
amh_train_track1_1897	5 አመት ሙሉ ጭንቅ ውስጥ ያለኸው አንተ ነህ አምስት አመት ሙሉ አራት ኪሎ ተናወጠ አብይ ተጨነቀ ውጥረት ነገሰ አብይ ደነገጠ እያልክ ጭንቀትህን እያወራህ በቅጀት የከረምከው አንተ ነህ ለአንተ ተከታዮች አፈርኩላቸው	1	0	0	0	0	0
amh_train_track1_1898	አብ የሚገርም ስራ ነው የምሰሩት የኔሱ አጥያት ኢትዮጵያን አገላቱ	0	0	0	1	0	1
amh_train_track1_1899	እስካሁን ከተከፈለው በላይ መጪው ያስፈራኛል ነገ ልክ እንደ ጎርፍ አልያም እንደ አውሎ ንፋስ ድንገት የመከራ መአት አምጥቶ የሚቆልልብን ነው የሚመስለኝ ፤የሚመጣውን ለመከላከል በቂ	0	0	1	0	0	0
amh_train_track1_1900	አባዮች ዲፕሎማሲና ፖለቲካ እጅግ በጣም ተምታቶባችሗልና አስተውሉ አትቸኩሉ ኢትዮጵያን በውል አስቡ ፍቅር ያሸንፋል ኢትዮጵያም አሸንፋ ትሻገራለች	0	0	0	0	1	0
amh_train_track1_1901	እኔን ወድንሜ አላፍ የመሰለ ሰው ማጣጥ ያማል በእውነ በጣም ጥሩ ሰው ነው ለቤተሰብ ለቅርብ ቤተሰቦች መፅናናትን እመኛለሁ እግዚአብሔርፅናቱን ይስጣችሁ	0	0	0	1	0	0
amh_train_track1_1902	ከዚህ በፊትስ የሚያቆማት ሀይል ኖሮ ነው!? ስሜታዊ አንሁን እግዚአብሔር አምላካችን ስለ ቅዱሳኑ ብሎ የመከራውን ቀን ያሳጥርልን!	0	0	0	1	0	0
amh_train_track1_1903	ዶክተር ሊያ ታደሰን ተክተው የጤና ሚኒስትር የሆኑት ዶክተር መቅደስ ዳባ ማን ናቸው?	0	0	0	0	0	0
amh_train_track1_1904	አይ አሁን ይህን ዱርየ ባል ብለሺ	0	1	0	0	0	0
amh_train_track1_1905	ፓርላማም ሆኑ አራት ኪሎ ቤተ መንግስት ያሉትን እረስተውት ነው እንጅ ቀጥረናቸው ነው ? ?ፓር ቸሬ ያልተጠበቀ መልዕክት ለባለስልጣነቱ አስተላለፈ እግዚአብሔር ለማንም በግ	0	0	0	0	0	1
amh_train_track1_1906	ከዛስ? ብአዴን የረጅም ግዜ ስትራተጂና ዕቅድ ይዞ የሚንቀሳቀስ ድርጅት አይመስለኝም። አብይ ድንገት ተነስቶ ኦሮሚያና ደቡብን ይዤ እገነጠላለሁ ቢለው መልስ ያለ	0	1	0	0	0	0
amh_train_track1_1907	ህዝቤ ለምን ግን ትሸወዳለህ ይህ ሰውየ ማለት እኮ በአልጀዚራ ዶኩመንታሪ የተሰራበት በጣም አጭበርባሪ ማፊያ ነው ካለመናችሁኝ Gold Mafia ብላችሁ አልጀዝራ ላይ ገብታችሁ ተመልከቱ በጣም ከባድ ማፊያ ነው አትሸወዱ!!!	0	1	0	0	0	0
amh_train_track1_1908	ወፍራም ደንቆሮ ነሽ እንደአጎቶችሽ ሁሌ ጦር ነው የሚታይሽ ያልተዘራ አይበቅል ቆንዳፍ	1	1	0	0	0	0
amh_train_track1_1909	ዉይ ቅናት እንዲህ እርር ድብን ያደርጋል የሚገርም ነው ስትስርቁ ስታሰርቁ ነውጥ ለማስነሳት አንዴ በዘር አንዴ በባንዲራ አንዴ በሃይማኖት ስትተራመሱ	1	1	0	0	0	1
amh_train_track1_1910	የአማራ ብልጽግና እውነት አምኖበት ከሆነ በጣም የሚገርም መግለጫ አውጥቶል ባለፈ ታሪክ ምርኮኞችና በነገው ተስፋችን ቁማርተኞች ሕልውናዋን የማታጣ ሀገር መገንባት ከሁላችንም የሚጠበቅ ሃላፊነት ነው ከመግለጫው የተወሰደ	0	0	0	0	1	1
amh_train_track1_1911	አማራ ለኔ መፈራቱ ብቻ በቂ ነው፤ይህን ማስቀጠል ነው ያለበት፤ያው መስተካከል ያለባቸው እንዳሉ ሆነው። 1 ዘመነን ማሰር መፍራት ነው። 2 ፍኖን ማሳደድ ስጋት ነው። 3 ዘረኛ መሆን	0	0	0	0	0	0
amh_train_track1_1912	ለዓይን ድቅን አርገሽ ስታበቂ ከዓይን ያውጣችሁ! የሚገርም ነው ፡)	0	0	0	0	0	1
amh_train_track1_1913	Meri Ar ብዙ ናችሁ አንድ አይነቶች ብዙ ቦታ ላይ አንድ አይነት የዘቀጠ ሀሳብ ያላችሁ!!! ይቅርታ ሀሳብ አልኩ ለካ ሀሳብ የላችሁም ።ለማንኛው ከንቱ ዘረኞች ጉም ዘጋኞች ናችሁ። ከሌላው የማትማሩ ከንቱዎች!!!	1	1	0	0	0	0
amh_train_track1_1914	ድንቄም አስፈሪ በሠራዊት ብዛት ቢሆን ኖሮ የጥቅምቱ አይፈጠርም ነበር	0	1	0	0	0	0
amh_train_track1_1915	የኢኳቶሪያል ጊኒ ፕሬዝዳንት ልጅ የመንግሥት አውሮፕላን በመሸጥ ተጠርጥረው ታሰሩ	0	0	0	1	0	0
amh_train_track1_1916	አይ ትግሬ ካለፈ አለመማር አሁንም የአማራን መሬት ላይ አይናቸውን እንደተከሉ ነው መጨረሻቸው ግን እጅግ የከፋ ነው ሚሆነው	1	1	0	0	0	0
amh_train_track1_1917	የኢስት አፍሪካ ቀውስ አውሮፓን እያሳሰበ ነውሰድተኞችን ባሉበት ለማቆየት በተያዘው ስትራቴጂ ቀንደኛ የሱዳን የኤርትራ ሱማሊያ በተለይ ብዙ ህዝብ ያላትን ኢ	0	0	1	0	0	0
amh_train_track1_1918	ጌታውን ሸሽቶ የወጣ ውሻ ነው ያየሁት አሁን ድንገት እግርጥሎት የጌታው ቤት ሲገኝ ጭራውን ሲቆላ አየሁት	0	1	0	0	0	0
amh_train_track1_1919	ሶማሊያ በኢትዮጵያ የሚገኙትን አምባሳደሯን ጠራች	0	0	0	0	0	0
amh_train_track1_1920	አሏህ ሆይ አንተ አግዘልን ፍልስጤሞችን ሞት ለአይኩኮሁዶች ይሁን	0	1	0	1	0	0
amh_train_track1_1921	አሜን! ? ካዪት ድንገት በእንግሊዘኛ እናዉራ እንዴ ?	0	0	0	0	0	0
amh_train_track1_1922	ለምንና ለማ እንደቆመ የዓላማ ግልፅነትና የግብ ዕይታ የሌለው የደህንነት ተቋም ጥርት ያለ የውጭና ውስጥ ስጋት ለይቶ የሀገሪቱን ብሔራዊ ጥቅም ለማስጠበቅ ይ	1	0	0	0	0	0
amh_train_track1_1923	እንኳንም ደስ አለቸው የ ትግራይ ህዘብ የኦርቶዶክስ እምነት ተከታዮች።?	0	0	0	0	1	0
amh_train_track1_1924	የአውሬ ልጆች የው አውሬ መሆኑ እመ ነው	1	0	0	0	0	0
amh_train_track1_1925	ከጦርነት ትርፉ ሞት ውድመት መፈናቀል መቁሰል ነው ፈጣሪ ለሁሉም ኣለም ሰላም ያውርድልን ሰላም ለሰው ልጅ ሁሉ	0	0	0	0	0	0
amh_train_track1_1926	ወንድሜ ሬድዋን በጣም የሚያሳዝን ነገር ነው የገጠመህ እግዚአብሔር ላንተና ለቤተሰቡ ሁሉ መፅናናትን ይስጣችሁ 	0	0	0	1	0	0
amh_train_track1_1927	አላህ ነፃ የበላችው ያው ነጌ ሊፍጃችውም ቢሆንም ምን ድስታ አላችው ህጻናት እይነድድው	0	0	0	1	0	0
amh_train_track1_1928	እደ እሥራኤል ፈሪና አረመኔ በአለም የለም አላህ ያሥምጣቸው	1	1	0	0	0	0
amh_train_track1_1929	ከዚህ ጭንቅ ሙሲባ ይገላግላችሁ ፉልሰጤም እህት ና ወንድሞች ኢላሂ በእዝነቱ በቃችሁ ይበላችሁ ኢንሻ አሏህ ቢኢዚኒላህ	0	0	0	1	0	0
amh_train_track1_1930	እሚገርም ነዉ የእያንዳንዱ ሐገር ታሪክ ያስቃል	0	0	0	0	1	1
amh_train_track1_1931	እና ብርቅ ነው የሷ መሞት በፍልስጤም በኩል ሆስፒታል ገብቶ የሚገድል ውሻ የይሁዳ ስብስብ ምን እንበለው ህፃናቶች ሰላማዊ ሰዎች ህንፃቸው እያፈረሰ የዘር ማጥፋት የሚሰራ ወራሪ ሀይል ምን ትላላላቹ	1	1	0	0	0	0
amh_train_track1_1932	የተከበበ በማይጠጣ በአለም ያለ ሰው የሱስን ያጣ በጀልባ እንደጠፋ ውቂያኖስ ላይ ኢየሱስ የሌለው ሰው እሱ አይደል ወይ ተበልቶ ተጠጥቶ የለም እርካታ ኑሮ ማለት ሃሩር ከሌለው ጌታ!	0	0	0	0	0	0
amh_train_track1_1933	እኛ ስሜታዊ ነን አባቶቻችን ግን በሰከነ ልብ ነገሮችን ስለሚያከናውኑ ከትላንት በበለጠ ዛሬ ከቅዱስ ሲኖዶሱ ጎን መሆን አለብን! እኔየቅዱስሲኖዶሱንጎንነኝ	0	0	0	0	0	0
amh_train_track1_1934	ለዘረኞች አይወጥላቸውም አንተም ከነሱ ነህ	0	1	0	0	0	0
amh_train_track1_1935	ፋሽዝምና ናዚዝም መጨረሻ ላይ ያዋረደውና የበላው ጀርመንና ጀርመናውያንን ነው! እንደዚህ በጥላቻና በጥጋብ የተወጣጠረው የኦሮሞ ብሄርተኛ በመጨረሻው ውድቀቱ መከራ የሚያመጣው ለኦሮሚያ	1	1	0	0	0	0
amh_train_track1_1936	ጋሼ መልካምን ማሰብ አስቦም መጽሀፍ ለራስ ጥሩ ነው! ለነገም ጸጸት የለውም ሰውም ያስተምራል	0	0	0	0	0	0
amh_train_track1_1937	ወንድሜ እረ እባክህ የኤርትራ ታሪክ በደንብ ብታነብ ወይም ብትጠይቅ ይሻላሀል ዝም ብለህ የምሁር ደንቆሮ ብለው እንዳይሰድቡህ 	1	1	0	0	0	0
amh_train_track1_1938	imagine ከስራ ገብተህ ለሚስትህ ቀልድ እየነገርካ አልጋ ስር ያለ ወንድ ሲስቅ ?	0	0	0	0	0	0
amh_train_track1_1939	ኧረ ጭካኔ ወዴት እየሄድን ነው😭😭😭	0	0	0	1	0	0
amh_train_track1_1940	ኢየሱስ የምተዉ ቤሔር ለይቶ ነው።መጀመረያ ሀዋራያትንሰልክ ሂዱ ወንጌልን ሰበኩ ነው ያለው መጀመረያ ሰልጣን ከመሰጣጣት ይቅ ወንጌልን ብኮኮፅድቅን መሻት ከዛ የተጠማሀውን ሰልጣን(ፅድቅ	0	1	0	0	0	0
amh_train_track1_1941	በትግራይ እናት ላይ የደረሰው መከራ በቤትሽ ይግባ።	1	1	0	0	0	0
amh_train_track1_1942	ፕሮፋይል መግቢያህ ላይ ያስቀመጥከው ፀሎት መንፈሳዊ እንዲያስመስልህ ሞክረህ ነበር ከአፍህ ፍሬ ግን ማን እንደሆንክ ታወቀብህ አስመሳይ የበግ ለምድ የለበስክ ተኩላ ነህ	0	1	0	0	0	0
amh_train_track1_1943	የጅሀን መጩረሻ በቃ ይሄ ሆነ ያሳዝናል	0	0	0	1	0	0
amh_train_track1_1944	በትግራይ ህፃናት እና እናቶች በከፋ የምግብ እጥረት እየተሰቃዩ ነው ተባለ	0	0	0	1	0	0
amh_train_track1_1945	በታቦት ፊት በአውደምህረቱ ቆመው ክቡር የሰው ልጆን ከነዘሩ ግደሉ የሚሉ አባት ማየታችን አመመን ቤተክርስቲያናችን ባለማውገዟም አሳፋሪና አሳዛኝ ነው ቤተክርስቲያናችን በዚህ ደረጃ መውረዷ ያሳዝናል	0	0	0	1	0	0
amh_train_track1_1946	የተባበሩት መንግሥታት ለጋዛ እርዳታ ማድረግ ያቆሙ አገራትን አወገዘ	0	0	0	0	0	0
amh_train_track1_1947	እግዚአብሔር አምላክ የከሳሾችን ክስ ከንቱ የሚያደርግ ለምድራችን የተትረፈረፈ የበረከት ጊዜ እንዲሆን በጌታ በእየሱስ ስም ባረክኋችሁ	0	0	0	0	0	0
amh_train_track1_1948	ክብር ከንታባ አዳነች ስራዎትን ሳላደንቅ አላልፍም ነገር ግን የኔ ወንድሞች ዜጋ እንደመሁናቸዉ መጠን በቀበሌ ቤት ጥገኛ ነበሩ አፍርሰዉ በምትኩ ሌላ ቤት ሳይ	0	0	0	1	1	0
amh_train_track1_1949	በጣም የማከብረውና የምወደው መሪያችን ኢትዮጲያዬን ዳግም አስደነገጣት ... እኔ ም በጣም ፍርሀት ውስጥ ነኝ... ግን ለምን???😢😢😢😞😞😞🇪🇹🇪🇹🇪🇹	0	0	1	0	0	0
amh_train_track1_1950	አሸባሪ ሁነው እዴት ነው ሚያድጉት እናተስ የሰራችሁት ግፍ በእስራኤላውያን አረብ የተባለ መጥፋት አለበት	1	1	0	0	0	0
amh_train_track1_1951	አምላክ ለይቶ ቀብቶእ የፈጠረውን የሰይጣን መለክተኛ ሊያጠፋው አይችልም አልቻለም ኦሮሞ የሚገርም ህዝብ ነው፣ ይህን ሁሉ ግፍ አልፎ የኦሮሞ ቋንቋ፣ ባህል፣ ዘመንን ተሻግሮ እስከነሞገሱ	1	0	0	0	0	0
amh_train_track1_1952	ዛሬ የታላቅ አማራ ሰማእት የአባታችን ፕሮፌሰር አስራት ወልደየስ የሰማእትነት እለት ነው የአማራ ሕዝብ አባታችንለትግል ከተነሱበት ጊዜ ይልቅ ዛሬ በከፋ የኅልውና ስጋት ውስጥ ይገኛል	1	0	0	0	0	0
amh_train_track1_1953	እንሱ ሲፈፅሙት የኖሩት ተኮል እንሱ የዘሩት ተንኮል ነዉ ዛሬ ይሄን ጦርነት ያስነሳዉ እንጅ ሀማስ አይደለም ራሳቸዉ እስራኢሎች በፍልጢም ህዝብላይ ሲፈፅሙት የኖረዉን ግፍ የማያዉቅ አለ ለመሆኑ የሀቅ አምላክ አላቸዉ እነሱም ምንግዜም ሀቅ አሸናፊነዉ	1	0	0	0	0	0
amh_train_track1_1954	ለሆድ ከማደር ከሁሉ የከፋ የለምቅን ጋዜጠኛ የሕዝብን ፍላጎትእምቢተኝነትን አብጠርጥሮ ለሕዝብ በግልፅ ያሳውቃል የመንግስት ድክመቶችን ያለ ማድበስበስ በመጠቆምመንግስትንም ስህተቱን እንዲያርም ይረደዋል ሰሚፈፃሚ አካል ካለ	1	0	0	0	0	0
amh_train_track1_1955	ከሆነ ደስ ይለኛል! ግን አይመስለኝም ብዙ ይቀራል አሁን ያለውን ግን አለማድነቅ ንፉግነት ነው በአፍሪካ የሚለው ቃል ግን ተጋኗል።	0	0	0	0	1	0
amh_train_track1_1956	ሎሚ ራሱ ሱፐርማርኬት ካልገባው ባለበት በዚህ ወቅት መሆኑ ጉዳዩን አሳሳቢ ያረገዋል።	0	0	1	0	0	0
amh_train_track1_1957	ስሙ ብቻ ሳይሆን መዝፈን ቢተው ጥሩ ነው	0	0	0	0	0	0
amh_train_track1_1958	በቃ ኢትዮጵያ ምን ነካች ኢትዮጵያ የት ገባች የት ወጣች ምን ሰራች አይይ ጠላት እግዚአብሔር ይገልብጠው ኢትዮጵያ ምትነካው ነገር በቃ እርር ድብን ይላሉ ቅናት ነው ይሄ በቃ አታድግም ኢትዮጵያ ካደገች በነገራችን ላይ በጣም አደገኛ ሀገር ነው ምትሆነው በ አፍሪካ ውስጥ ፈላጭ ቆራጭ እንደምትሆን ግልፅ ነው በአለም መድረክ ተሰሚነት ይኖረናል ይሄ ደሞ ግብፅ አትፈልገውም ለዚህ ነው ግብፅ ከ ኢትዮጵያ ያላት ችግር ለማውራት ወደ አረብ ሊግ ሮጣ ም	1	1	0	0	0	0
amh_train_track1_1959	እንደ ሱማሌ የአአሜሪካ እና የእስራኤል እሬሳ እንጎትታለን አልሸባብን እንቀላቀላለን የኢትዮጵያ ሙስሊምም አጋጣሚ ነው ሚጠብቀው	0	1	0	0	0	0
amh_train_track1_1960	ከታላቁ ሩጫ ታዳሚያን መካከል 12 ቱ ብቻ ሳይሆኑ በርካታ አደገኛ ቦዘኔዎች ናቸው መታሰር የነበረባቸው 	1	1	0	0	0	0
amh_train_track1_1961	የአሁኑኑ አባባልህ ጥሩ ነበር ግን በአንድ ራስ ማለት ምላስ ሇነክኝ	0	0	0	0	0	0
amh_train_track1_1962	እውነትሽን ይመስለኛል ጃንሆይ ያልታወቀላቸው ነገር የሰሩት ግን በከንቱ ጥላቻ የተበደሉ ይመስለኛል። መንግስቱ ግን እልም ያለ ጨለማና ስሜታዊ ሆኖ አገሪቱን የአማራ ጠልነትና ደም አፍሳሽ ነው ነበር ብዬ አስባለሁ።	1	1	0	0	0	0
amh_train_track1_1963	የታሪክ ምርኮኛ ያንተ ታሪክ ጥቁር ነዉ መቼም ጥሩ ታሪክ የለህም ከብቶች ከናንተ ጋር አንላቀቅም	1	1	0	0	0	0
amh_train_track1_1964	ዉስኪ ቢጠጣ አይነኩትም ነበር ከቤተሰቡ ነበር ሚጀምሩት	0	0	0	0	0	0
amh_train_track1_1965	ፍንዳታ ጌታ ይገስፅህ ራቁትህ ሁነህ ለሴቶች ብትልክ አይሻልም ደሞ እ/ር ያሻግራል ትላለህ😂 ኢየሱስ ሊመጣ ሲል ጦርነት ረሀብ ሀሰተኛ ነብያት ይመጣሉ ኢሉምኔንቲ ይመጣል ... . የት እናድርገው ትንቢቱን	1	1	0	0	0	0
amh_train_track1_1966	አሁን መታስቢያ ያለችው ገዢ ቢመጣ እንዴት እንቀበለዋለን በአብይ ተደስተን በጣም መጥፎ ነገር ነው ያጋጠመን የሚመጣውን ገዥ ማንም አያምነውም ወርቅ ላንጥፍ ቢልም	0	0	0	0	0	0
amh_train_track1_1967	የጅሎች ግንዛቤ ነው።ምንም አዲስ ነገር የለም ቤክ ከ2ሺ አመታት በላይ ባስቆጠረችው እድሜዋ ያላሳለፈችው መከራ የለም፣ቤክን ለማፍረስ ከአይሁድ እስከ ሮማ ቄሳ	1	0	0	0	0	0
amh_train_track1_1968	አፍ ሲከፈት ጭንቅላት ይታያል ይባላል አምያሳዝነው አንደናንተ አይነቱ ላይ ኢትዮጵያ መውደቁዓ ያሳዝናል ፊልድ ማርሻል ማአረግ ለናነተ በመሰጠቱ ያሳዝናል የኢትዮጵያ ውድቀቷ አዚህ ላይ ይታያል የሚልተሪ ትምህርት የሌለው 10 አለቃ ፊልድ ሲባል አረመኔዎች	1	1	0	1	0	0
amh_train_track1_1969	እናትነቷን ጥግ ለተረዱ በልጇ አምነው ምልጃ ዋን ለጠየቁ ተአምራት ትፈጽማለች እኔ ምስክር ነኝ ለኔ ብዙ አድርጋለች ድንገት ላንተ ካልተደረገልህ ል	0	0	0	0	1	0
amh_train_track1_1970	የመቅዶንያ ዩቱዩብ ቻናልም ብታስተዋውቁላቸው ጥሩ ነው ሚኮ የሚባለው ልጅ ከፍቶላቸዋልና	0	0	0	0	0	0
amh_train_track1_1971	ዶ/ር እሌኒ እንኳን ደስ አለሽ አየሽ ክፉ ቀን ሲያልፍ	0	0	0	0	1	0
amh_train_track1_1972	ቂጥ ማጠብ ንፅህና ነው እናንተ ቆሻሾች መግማማትና የኑፁሀን የህፃናት ደም መጠጣት የሰይጣናዊ ተግባራችሁ ነው የአይሁድ ድቃሎች መልካም የስኦል ጉዞ	1	1	0	0	0	0
amh_train_track1_1973	ልጆች በሚጠቀሟቸው የቆዳ ቅባቶች ይዘት ላይ ወላጆች ቁጥጥር እንዲያደርጉ ማሳሰቢያ ተሰጠ	0	0	0	0	0	0
amh_train_track1_1974	አባቶቻችን አለባብሳችሁ እያረሳችሁ በአረም ትመለሳላችሁ እስኪ ስለሚሳደዱት ስለሚፈናቀሉት ስለሚያለቅሱት ምእመናንም ይሰማችሁ እና እነዚህን ዘረኛ ዱርዬዎችም አብራችሁ አውግዙልን	1	0	0	1	0	0
amh_train_track1_1975	ኬንያ ተወክላ የመጣች ሴት አደገኛ የCIA ኤጀንት ናት ማንላካት?ማን ጋር ምን ሰራች? የምናውቀው ነገር የለም ጀብርሀኑ ጁላ ቦሌኤርፖርት የሰጡት ቃል አስተውላችህ	0	0	1	0	0	0
amh_train_track1_1976	hamas የወሰደው እርምጃ እጅግ በጣም ትንሹ እንጂ የበዛ አይደለም 75 አመት ሙሉ የበላችሁት የፍልስጤም ወጣት ሴቶች ህፃናት ከዛ በላይ ሽብር አለ ??? እስር ላይ ያለ ከአመፀ የሚመልሰው የለም	1	0	0	0	0	0
amh_train_track1_1977	አቃቂ ቃሊቲ ክከ የማህበር ቤቶች አከልግሎት ከቆመብን 3 አመት ሆኖል ሰሚም አተናል መገነንባት መሸጥ ለባንክ አሲዞ መበደር ሊዝ እንዳንከፍል ግብር እንዳንከፍል ተከልክለናል ምክንያት ስንጠይቅ የመሬት ኦዲት ተብለናል መቼ ነው የሚያልቀው ህብረተሰቡ ከፍተኛ የኑሮ ቀውስ ውስጥ ገብቶል ሰሚ አጣን እባካቹ ስሙን	0	0	0	1	0	0
amh_train_track1_1978	ጀዋር አሁን ያለበት የፖለቲካ ብስለትና አመለካከት አገር የሚያድን ሕክምና ነውአገር የሚመሩ መሪዎች ከወታደራዊ ተቋም ከሆነ ሥነ ልቦናቸው የአሸናፊት ስለሆነ ግጭቶቾን በሠላም መፍታት ይልቅ በኀይል መደፍጥ ይመርጣሉ  በማንኛውም ወገን የተሠለፈ ፖለቲከኛ የጦር መሣሪያ አስታጥቆ ወደ እልቂት የሚልካቸው ኀይሎች ስለሚደርስባቸው ጉዳት ወይም ስለሚያስከትሉት ጥፋት ምንም ስሜት አይሰጣቸውም  ምከንያታቸውም ሥነ ልቦናቸው የአሸናፊነት ስለሆነ ብቻ  ጀዋ	1	0	0	0	0	0
amh_train_track1_1979	ታዬ ደንድኣ የሚፈራው ነገር የለም መታሠርን ተለማምዷል እውነታው መንግስት ዙሪያውን በጦርነት እና በኢኮኖሚ ውድመት ኢትዮጵያ ወንፊት መሆኗን ተረድቶታል አሁን ሁሉም ድርሻውን ወስዶ ሊበታተን እንደሚችል ያውቃል ወይም ጥሎ ማለፍ በር ላይ ነው ፋኖ ትንሽ ቡድን ሳይሆን ሕዝባዊ ሆኗል ኦሮሞ አልተጠቀምኩም አማራንም አልወጋም ያለው ስርዓት ሲወድቅ ከዚህ የባሰ መከራና ውርደት አይገጥመንም ብሎ ያስባል ከተማ ኮንደሚኒየም ከተሰጠው ድንገት ሚሊኒየር የ	0	0	0	0	0	0
amh_train_track1_1980	መንግሥት ከኦነግ ጋር ድርድር ተቀምጦ እያለ ሰላማዊውን ገበሬዎች የኦነግ አባሎች ናችሁ በማለት ግድያ መፈፀሙ ፍፁም አግባብነት የለውም ድርጊቱም ፀረ ሰላም ነው በመንግሥት በኩል ከኦነግ ጋር የሚነጋገሩት ኦሮሚኛ ተናጋሪ አማሮች ናቸውን ይጣራ	1	1	0	0	0	0
amh_train_track1_1981	በ7 ወሩ ማግኘት እኮ ምስጋና አያስፈልገውም ይልቅስ የተቋሙን ድክመት ነው የሚያሳየው	0	0	0	0	0	0
amh_train_track1_1982	ድሮም ውሸትና ለብነት የሚጀምረው ከእናንተ አካባቢ ነው ለዚህም ማሳያው የአካባቢ ምርጫ ማጭበርበር እና ውሸት ምርጫ ቦርድ ያውጣው መረጃ አለም የመሰከረው ሆኗል	0	1	0	0	0	0
amh_train_track1_1983	ከእርስዎ ጋር ማጋራት የምፈለገው ጣቢያ (ከ Phoenix መተግበሪያ)	0	0	0	0	0	0
amh_train_track1_1984	አያወግዙም ደደብ ያንተ ብቻ ናቸው የሞቱት ደሞ ለአረብ ምን ስለሆኑ	1	1	0	0	0	0
amh_train_track1_1985	የትግራይ ተገንጣይ ቡድን እስካለ ድረስ የኢትዮጵያ መከራ ይቀጥላል በአልጀርሱ ስምምነት ኤ ርትራ መሬቷን ይዛለች ከወሎ እና ከጎንደር የተዘረፈ ህዝብና መሬት ተመልሷል አከተመ	1	1	0	0	0	0
amh_train_track1_1986	አዲስ አበቤ፣ ዐቢይ አህመድ ድንገት በጥይት ወይም በድንገተኛ ላስ ቢል በሰዓታት ውስጥ ታሪክህ ይለወጣል። የምፈራልህ የወለጋን የደም ጎርፍ እንደናቅህና መስማት እንኳ እንደተጠየፍህ	1	1	0	0	0	0
amh_train_track1_1987	የኢትዮጵያ ህዝብ እኮ ገራሚ ህዝብ ነው ወዳጁንም ጠላቱንም የማይለይ ከንቱ ህዝብ ፕሬዚዳንት ኢሳያስ አፈወርቂ ማለት የኢትዮጵያን ህዝብ የሚጠላ ነገር ግን የሀገሪቱን አንጡራ ሀብት የሚወድ ወያኔን አደራጅቶ አሰልጥኖ እና አስታጥቆ ኢትዮጵያውያንን በወያኔ ግፍ አገዛዝ እንዲማቅቁ ያደረገ ኤርትራን ከኢትዮጵያ ገንጥሎ ኢትዮጵያን የባህር በር አልባ ያደረገ አሁን ደግሞ የአማራ ሽፍታዎችን እያደራጀ እያስታጠቀ ኢትዮጵያን የሚያተራምስ ምግባረ ክፉ ሰ	0	1	0	0	0	0
amh_train_track1_1988	እግዚአብሔር ካለብኝ መከራ ሁሉ እርሶን አባት አድርጎልኝ በቃ እስኪለኝ አግኝቼዎት እስክፈወስ ጓግቻለው እድሜና ጤና ይስጦት	0	0	0	0	1	0
amh_train_track1_1989	ተመንጥተዋል ስለዚህ እንደ ድርጅት ከኦህዴድና ህወሓት የከፋ አደገኛ የባዳ ጠላት መሆኑን መረዳት የመፍትሄው አካል መሆኑን እናሰምርበት።	0	1	0	0	0	0
amh_train_track1_1990	አልሀምዱሊላህ ያረበና ሁሌም የእስራኤልን ከሳራ አሠማኝ ግን የሚወጡትም ከእስር ቤት ከተለቀቁም በኋላ ሀዘን ነው የሚጠብቃቸው ቤተሰቦቻቸውን ማግኘታቸው በጣም አስፈሪ ነው አላህ ያፅናቸው ኢማንን ይጨምርላቸው ያረብ	0	0	1	1	0	0
amh_train_track1_1991	ፈጣሪ ኢትዮጵያ ካሉት ከተሞች በተፈጥሮ ውብ አድርጎ የፈጠራት ምድርና ከተማ ባህርዳር ኑ ከእኛ ጋር ኑሩባት ጎብኟት!	0	0	0	0	1	0
amh_train_track1_1992	አለም ነዋሴ ትንታኔህ እጅግ በጣም ጥሩ ነውእኔን የደበረኝ የጀነራሉ ፎቶ ለመጀመርያ ጊዜ በጥይት ግባሩን ተመቶ ቁጭ ጀነራል ካንተ ማየት የምትነግረኝ ሁሉ እውነት ነው ለማለት	0	0	0	1	1	0
amh_train_track1_1993	በጣም ነው ደስ የሚለው ወንድሜ ዘመንህ በቤቱ ይለቅ እግዚአብሔር ይመስገን ስለሁሉም ነገር❤	0	0	0	0	1	0
amh_train_track1_1994	ፓሰተር ብን ስለተናደደደ ነው እውነትን ወደ ውሸት እየቀየረ ያለው	0	1	0	0	0	0
amh_train_track1_1995	እግዚኦ ምን ያሰማናል ስዉ ምነው ጨካኝ ሆነ አቤቱ ጌታ ሆን መልካም ዘመንንን አምጣልን ያስፈራል ድንግል ማርያም ከነልጇ ትደግፍሽ 💔💔💔 ያማል	0	0	0	1	0	0
amh_train_track1_1996	ሲጀመር ባንዲራ አትበሉ ባንዲራ የሀገር መጠሪያ ነው። ሲቀጥል ጥቁሩ የጭቆናችንንን ጊዜ እንዲሁ የደረሰብንንን ግፍ ያመለክታል ተብሎ ተግሮናል። ታዲያ ዛሬ ምነው ትርጉሙን ቀየራችሁት?	1	0	0	0	0	0
amh_train_track1_1997	ቤt እጅግ ትልቅ ለውጥ	0	0	0	0	1	1
amh_train_track1_1998	በነገራችን ላይ የአማራ ብሔርተኛ ሆኖ የኦሮሞ ህዝብ እየሞተ አይደለም የሚል አላየሁም። የኦሮሞ ህዝብ ግን የሚሞተው አማራዎችን ለማፅዳት በተነሳ ግጭት ነው የተባለው።	0	0	0	0	0	0
amh_train_track1_1999	በአደባባይ ይህን መሰለ ህዝብን የማጥፋት ቅስቀሳ ብቻ ሳይሆን ድርጊትም እየተፈጸም ብልጽግና ብለው በእየለቱ ሲያምታቱ ማየት ያማል የጉራጌ ማህበረሰብ አፈና ይቁም	1	0	0	1	0	0
amh_train_track1_2000	ይቅርታ በሌላ ቀን እንገናኛለን አሁን ልወጣ ነው። መልካም ቆይታ!	0	0	0	0	0	0
amh_train_track1_2001	መወያየት አሪፍነው አቶ ንጉሴ ትክክለኛ የሀገሪቱ ችግር የሆኑትን ነገሮች ስላቀረቡ እናመሰግናለን	0	0	0	0	1	0
amh_train_track1_2002	ሙስሊም መሆን መታደል ነውኮ ጀግንነትንም ከኛ ጋር ነው መሳሪያ የያዘን ወራሪ በድንጋይ የያሚሯሩጡ ናቸውኮ ሞ ት ለወራሪዋ	0	0	0	0	1	0
amh_train_track1_2003	የኢትዮጵያ ጥቅላይ ሰው በላውን አብይ አህመድን እና ጦርነት ያጥፋልን ፈጣሬ  አብይ አህመድ እድሜህን ያሳጥርው 	1	1	0	0	0	0
amh_train_track1_2004	መንግስት የአማራ ክልልን አጥፍቻቸው ልጥፋ ካላለ በስተቀር አሁን በሚያካሂደው ጅምላ ጨራሽ ጦርነት ምንም አዎንታዊ ለውጥ ማምጣት አይችልም	1	0	0	0	0	0
amh_train_track1_2005	በጣም የሚገርም ነገር ቢኖር ገንዘብ ወጪ ስታደርግ በወጣህ ብር መጠን በፐርሴንት ይቅርጣል ፣ ንግድ ባንክ የደሃውን ብር ዘርፉ ስለጀመረ ገንዛባችውን ወደ ግል ባንክ እናዙር	1	0	0	0	0	1
amh_train_track1_2006	እንኳን እግዚአብሔር ረዳችህ ::: ልጅ ማለት እንዲህ ነው : በደስታችሁ እጅግ ደስ ብሎናል::: ተባረኩ	0	0	0	0	1	0
amh_train_track1_2007	ይህ ትምክህታችሁ ነው ሀገር እያፈረሰ ያለው ሰሜን ላይ ዘመናቶች ስትገዙ ለዚህች ሀገር እድገት ምን ሰራችሁ ያው ዛሬም ራዕብ ስደት ኃላ ቀ	1	1	0	0	0	0
amh_train_track1_2008	ተስፋየ ገብረ እባብ በምድር የለም ሞቷል በሰማይ ደሞ ገሀነም ውስጥ ያስገባው መጥፎው ሁሉ ለሱ ይሁን እሱን ለሚከተሉትም እንደዛው ሞት ለነሱ ይሁን	1	1	0	0	0	0
amh_train_track1_2009	ዐብይ ስሜታዊ ነዉን? 1) ቀጀላ መርዳሳን የባህል ሚቴር አድርጎ መሾሙ 2) የአአን ቻርተር ጥሶ የምቤት አባል ሳይሆን ታከለን ከንቲባ አድርጎ መሾሙ 3) በሰኔ 2019 የዐማራ ክል	0	0	0	0	0	0
amh_train_track1_2010	የሚገርም ነው እኔ ሰው ሞተ ሲባል እንጅ አይቼ አላውቅም እንዴት እንደሚቀበር ይገርማል ይህማ ከሆነ ምኑን ተቀበረ ያረቢ ምን ጉድ ነው ሀብታሞች እንድህነው የሚቀበሩት አሉ በነሱ	0	0	0	1	0	1
amh_train_track1_2011	ለኦርቶዶክስ ሞት ክብሩ ነው! ኢንፈርህሞተ	1	0	0	0	0	0
amh_train_track1_2012	እየሆነ ያለውን ማሰብ ያሳምማል ከሁሉም በላይ ግን ምንም ማድርግ እንደማትችል ማወቅ ስቃዩን ያበረታዋል ለዚህ ነው የደከመኝ ለዚህ ነው መራቅን ምርጫ ማድረጌ	0	0	0	1	0	0
amh_train_track1_2013	አንተ በመጀመሪያ ሰላም ወዳድ መሆን ይገባሀል አለበለዚያ መቼም ቢሆን ኢትዮጵያ ልትበለጽግ አትችልም	1	0	0	0	0	0
amh_train_track1_2014	በተደጋጋሚ ንፁሀን ሲጨፈጨፉ ግልፅ የሆነ የህግ ጥሰት ሲደረግ በተወካዮች ምክር ቤት ሳይቀር ግጭት ቀስቃሽ ንግግር ሲደረግ እና ሰዎች ህይወታቸውን ሲያጡ በቅርቡም በግልፅ በጠቅላይሚ	1	0	0	0	0	0
amh_train_track1_2015	ናፖሊ በቲክቶክ በአጥቂው ቪክተር ኦሲምሄን ላይ አሹፏል በሚል ሊከሰስ ነው	0	0	0	0	0	0
amh_train_track1_2016	እግዚአብሔር የሰውን ደም በከንቱ የሚያፈሱትን አረመኔዎችን አጥብቆ ይፀየፋቸዋል የሚፈሰው የሚስኪኑ አማራ ገበሬ ሐረጋዊያን ህፃናት ደም ወደ እግዚአብሔር እየጮኸ ነው ብልፅግና በግብሩ ብልግና የሆነው የጨካኞችና የአረመኔዎች ስብስብ ነው በጠንቋይና በሐሰተኛ ነብይ የሚመራ እብድ ንጉስ እድሜው አጭር ነው አወዳደቁም የከፋ ነው ይ	1	1	0	0	0	0
amh_train_track1_2017	ጓዶች የኦሮሚያ ዜጎች አብን ግን እነማን ናቸው አሁን ይህች ቀውስ ሴትዮ ይገደሉ የምትለው	1	1	0	0	0	0
amh_train_track1_2018	የምር በደረሰ ጋታ ላይ በፍንጂ ምክንያት ህይወታቸው እይታ የምገኘው የህፃናት ሞት ጦርነትን እንዳንረሳ ያደርገናል።	0	0	0	1	0	0
amh_train_track1_2019	አፉ መርዝ የሆነ ሠውዬ ነው የብልጽግና ባንዳ ነው የሚያነሳቸው ሀሳቦች ሁሉ ጥላቻ ነው ትግራይም አማራም አንድ ይሆናሉ	0	1	0	0	0	0
amh_train_track1_2020	የጭንቅላት መሻገት ትክክለኛ መገለጫው ነህ መቼም አጎቶችህ አስተምረውህ የሄዱትን ኢሰብአዊ ተግባር ዛሬም እንደ ጥሩ ነገር ለሌላው ትመኛለህ ወንድ ልጅ እንደሌ	0	1	0	0	0	0
amh_train_track1_2021	ሰዉየዉ ይህንን ቤትህ ዉስጥ እስኪገባ ሰብኣዊነት ሚባል ነገር ያልተሰማህ ደደብኮነህ ኣሁን ነዉ እንዲህ ህዝብ ለይ የሚፈጠረዉን መከራ የታየህ ህዝቡ እኔ ያለፍኩ	1	1	0	0	0	0
amh_train_track1_2022	አገራችን በመደመር ህሳቤ ወደ ከፍታዋ ትደርሳለች ምን ግዜም ለአገራችን ብልፅግና አንቦዝንም ድንቅ ገለፃ ነው 	0	0	0	0	1	0
amh_train_track1_2023	እኔ ኦሮሞነቴት እልቀበልም እዲህ እይነት ጨካኝ የሰው ሴጣን ናቸው በእማራ ሕዝብብላይ ያልችው ጥላቻ የሚገርምው እብረው የግዛ ውግኑን የሚያስጨፍጭፍው የእማራው ብግናው ቡድን እማራ ሕዝብ ይህንን በቀል መበቀል እልበት ምንም ምህርት እያስፈልግም ስልጣን እስክራቸው እበይ እና ጀሌው ኦሮሙማው 	1	1	0	0	0	0
amh_train_track1_2024	መስቀል አደባባይ ድንቅና ውብ አቀማመጥ አስገራሚ የፓርኪንግ፣ የላይቲንግና ሎሎች ዘመናዊ መሰረተ ልማቶች የተሟሉለት ግዙፉናና ምርጡ የህዝብ አደባባይ 	0	0	0	0	1	0
amh_train_track1_2025	እንደዚ አመድ ያደረገቻቸው ህፃናትና የእናቶ እንባ እንደዚ ያውድማት ኢቺን አይሁዳ የሆነች ሃገር ድል ለፍልሥጤምም	1	1	0	0	0	0
amh_train_track1_2026	የሜቆዶንያ መስራች ቅዱስ ዶር ቢኒያም እግዚአብሔር ጨርሶ ጤናህን ይመልስልህ እንዳታ ያሉትን ፈጣሪ ያብዛልን	0	0	0	1	0	0
amh_train_track1_2027	ABITCHU ABATEየተሰማኝ ስሜት አይኔን ውሀ ሞላው እግዛብሄር የምታልመውን ኢትዮጵያ ማማዋ ላይ ያድርስህ 	0	0	0	0	1	0
amh_train_track1_2028	ኢትዮጵያዊዉ አንጋፋዉ ስመጥሩ ጋዜጠኛ ዓለምነህ ዋሴ ስለሀገሩ ጉዳይ ምንም ማለት የማይፈልገዉ ከፍርሀት ወይስ ከምንአገባኝነት በፍጹም እስካሁን ድረስ ሊገባኝ ያልቻለ ጥያቄዬ ነዉ መልስ ግን እፈልጋለሁ	0	0	0	0	0	0
amh_train_track1_2029	አላሁ አክበርር ድል አሁንም ለፍልስጤማዉያን ዉርደት ሽንፈት ሞት አሁንም ለተረገመችዉ ቡዳ ሰዉ በላዋ ይሁዳ ይሁን	0	1	0	0	0	0
amh_train_track1_2030	ሙሉ ታሪኩን አልሰማሁትም ግን የገረመኝ ሰው የፈለገውን እምነት መከተል አይችልም እምነት እኮ የግል ነው ሁሉም የሚያድነውን እራሱ ያውቃል በስራው የሚጠየቀው እራሱ ነው ሌላው ምን አገባው ለምን ዝም አይሉም	1	0	0	0	0	1
amh_train_track1_2031	ሙሉ በሙሉ የኣባይን ውሀ አቅጣጫ ማስቀየር በኢትዮጵያ ውስጥ ማሰራጨት ግብጽ ከኤርትራ ቀጥሎ አደገኛ የኢትዮጵያ ጠላት ነች	1	1	0	0	0	0
amh_train_track1_2032	ስሙኝማ ውዶቸ አንድ ፍቅረኛ ነበረኝ እና በጣም ብዙ ጊዜ ይሰድበኛል እንጨቃጨቃለን ከዛም ይቅርታ ይጠይቀኛል እና እኔም ስለምወደው ይቅርታ አደርግለታለሁ አንድ ቀን ግን አስመሳይ ነሽ አለኝ እመብርሀንን እያሰመሰልኩ አልነበረም እንዲያውም እንድንጋባ ጠይቆኝ ነበር እና እሽ ብየው ነበር ግን ስልክም መደወል ቀነሰ ግን ሁሌም እንደሚወደኝ ይነግረኛል ሲስተሮቹ ጋርም አስተዋውቆኛል እና ምን ይሻለኛል እባካችሁ ንገሩኝ ላስቸግሬችሁ እና ለላይክ ብየም 	0	0	0	1	0	0
amh_train_track1_2033	እግዚአብሔር ይባርካችሁ እውነት ምንጊዜም ያሸንፋል ስንገደል 50 ዓመታት አልፎናል መከራ ተሸክመን እየኖርን እንደሆነ ይታወቃል ኦሮሞ ከፈፀመው ገፈት የመጀመሪያ ገፈት ቀማሾች ነን ዛሬ ብንደክምም ባቅማችን አማራን በሚገባው ከፍታ ክፍ ለማድረግ ያለማቋረጥ እንታገላለ የኦሮሞ ትግል ጥልቅና አውዳሚ ነው እንታገል አመሰግናለሁ	0	1	0	0	0	0
amh_train_track1_2034	ግራ የገባኝ ሀብታሙና ኤርሚያስ ጋዜጠኛ ናቹ ?ማለት ትንተናቹ ከሞያዊ ስነምግባር እጅግ ያፈነገጠና ግለሰባዊ ጥላቻ የበዛበት ይመስላል ከማረምና አቅጣጫ ከማሳየት የማሸማቀቅ አይነት ነገር ይታይባችሀል እናንተም ታረሙ	1	1	0	0	0	0
amh_train_track1_2035	ከምግብ ጋር የሚያስታውክ ሰርፕራይዝ ቀረበለት 🤧🤧🤧	0	0	0	0	0	0
amh_train_track1_2036	በኒው ዮርክ ሁለት ልጆችን ጨምሮ አራት ግለሰቦች በስለት ተወግተው ተገደሉ	0	0	0	1	0	0
amh_train_track1_2037	አለም ባንተ አንደበት 24 ዜና ብሰማ ደስ ይለኛል	0	0	0	0	1	0
amh_train_track1_2038	እነዚያ በምድር ላይ አለቅጥ ያመፁ የሆኑት አይሁዶችና የምዕራቡ ዓለም መንግስታት ይህ ትግላቸው እስልምናን ለማጥፋት የሆነ እንደሆነ ያንንን የእስላም የተፈጥሮ ምልክት የሆነውን ጨረቃ መተው ከስሥፍራው ያውርዱት ይህንንን ማድረግ ካልቻሉ መቼም አይችሉምና ከዚህ በጋዛ ንፁሃን ላይ ከሚፈጽሙት እኩይ ተግባራቸው ይከልከሉ አዋጅ ግፈኞች በከሳራ ላይ ናቸው	1	0	0	0	0	0
amh_train_track1_2039	የፌድራል ተቋማት ልብ እንዲሉልኝ ግልባጭ ይህን ትዊት አድርሻቸዋለሁ ድንገት ብሰወር ወይም ድምፄ ቢጠፋ ተጠያቂው ይህ ግለሰብና አንጃዎቹ ናቸው	0	1	1	0	0	0
amh_train_track1_2040	እኔንም የገረመኝ ይሄ ነው በጣም ተቸገሩ 	0	0	0	0	0	1
amh_train_track1_2041	አማራዉ እንዳያመርት ጦርነት አወጀ አንድ ምግብ አማራ እንዳትሰጥ	1	0	0	0	0	0
amh_train_track1_2042	አትሸነፍም ነው የተባለው ደደብ በጦርነት ውስጥ አንዳንዴ ያለ ነው	1	1	0	0	0	0
amh_train_track1_2043	የሱዳን ህዝብ ለኢትዮጵያ ባለውለታ፣አጋር በስጋ እና በደም የተጋመደ ነውና በህዝቡም ሆነ በሀገረ መንግስቱ ላይ የተፈጠረው ግጭት የከፋ ጉዳት ሳያደርስ በቶሎ ይቋጭ ዘንድ ልባዊ ምኞታች	0	0	0	0	0	0
amh_train_track1_2044	ማቅራራትና ማለባበበስ አያስፈልግም። ሁሉም አውቆትና ፈቅዶት በሆነ ነገር ሀገሪቱ ከገጠማት የኢኮኖሚ ችግር መውጣት የምትችለው እጅግ መራራ የሪፎርም ውሳኔዎችን በመወሰን ነው። በተጨማሪ	1	0	0	0	0	0
amh_train_track1_2045	ጋዜጠኛ በየትኛውም ኣለም ጦርነት : ድርቅ: መፈናቀል:የመሬት መንቀጥቀጥ:የጎርፍ ኣደጋ : የእሳት ኣደጋ ከተከሰተ በቦታው ሂዶ የደሰውን ጉዳት ዘግቦ ለመላው ኣለም ያሳውቃል።ጋዜጠኛ #ገነትኣየለ በጣም ዘረኛ ነሽ ለኣንድ ማሕበረሰብ የወገንሽ ነሽ ከቃለ መጠይቁ መረዳት ይቻላል።ለትግራይ ህዝብ እና ለወያነ ፍፁም ጥላቻና ፍራቻ ኣለሽ።በኢትዮጵያ ውስጥ የተካሄደው ደም ኣፋሳሽ ጦርነት ብዙ ጉዳት ያደረሰው በትግራይ ህዝብ እና በትግራይ ክልልል ነው።በ	1	1	0	0	0	0
amh_train_track1_2046	የዚህ ሁሉ እልቂት መነሻ ሃማስ የተባለ የሰይጣን ቁራጭ ነው፣ በእስራኤልም ንጹሃን ዜጎች ሞተዋል፣ በፍልስጤምምም እንደዛው	1	1	0	0	0	0
amh_train_track1_2047	የዓለም ምግብ ፕሮግራም በኢትዮጵያ ያቋረጠውን የምግብ እርዳታ ሊያስቀጥል እንደሚችል ተጠቆመ	0	0	0	0	0	0
amh_train_track1_2048	አትፍረድ ይፈረድብሃል እመብርሃን አናቴጥበቃሽአይለየኝ አኔ ደካማነኝ ልቦናውንይስጠን 😊	0	0	0	1	0	0
amh_train_track1_2049	በሶማሌ ክልል ጎዴ የመንግስት ግብር እየተባለ ህገወጥ ስራና ህዝብላይ አደገኛ ብዝበዛ እየ ተካሔደ ነው እባካችሁ ለርሰ መስተዳደሩ አድርሱልን	0	0	0	1	0	0
amh_train_track1_2050	ኢቶጲያ ገለልተኛ መሆን አለባት አሸባሪ የእስራኤል ታጣቂን መደገፍ የለባትም።🇵🇸💪	0	1	0	0	0	0
amh_train_track1_2051	አለማችን ላይ የበለፀጉ የሚባሉት ሀገሮች ከድህነት ተላቀው ለዚህ የበቁት መጥፎ ትርክቶችን በማስወገድ መልካም የሆኑ ትርክቶች ለሀገር እድገት እና ለውጥ በአግባቡ በመጠቀማቸው ነው ዛሬ ላይ ሃያላን ለመሆን የበቁት ስለዚህ እኛ ኢትዮጵያዊያንም ከድህነት መላቀቅ ከፈለግን እኛም እንደነሱ መጥፎ ትርክቶችን በማስወገድ ጠቃሚ የሆኑ ትርክቶችን ብቻ በአግባቡ መጠቀም አለብን ስለዚህ ከኢትዮጵያ ትርክቶች ውስጥ ጠቃሚው እና ግንባር ቀደሙ የአድዋ	0	0	0	0	0	0
amh_train_track1_2052	የሚገርም ነው የጭንቅ ቀን ሲደርሥባ ሥለፀሎት አወቀች ኢቺ ወራሪ ገና ሽንታቸውን በቁም ሲሸኑ እናያለን እነዚ ርህራሄ ያልፈጠረባቸው አይሁዳውያን ሁሉ	1	1	0	0	0	0
amh_train_track1_2053	በዳይ ሁሌም ስጋት እንደገባው ነው በአለም ላይ ሞትን እንደ ይሁዳ የሚፈራት የለም	0	0	0	0	0	0
amh_train_track1_2054	በየዓመቱ ሰው በእንቶ ፈንቶ ምክንያት ይሞታል ከአዲስ አበባ መውጣት ስጋት እየሆነ ባለበት ዘላለም ዲስኩር የዜጎች ደህንነት ላይ ሰላም ላይ ስራ መጀመሪያ ብልጭል ብቻ	0	1	0	1	0	0
amh_train_track1_2055	ማነሽ በስሜት እና በጩኸት ሚፈጠር ነገር አለ ብለሽ የምታምኚ ከሆነ ስሜታዊ ነሽ ማለት ነው።ሰሞኑን እንደ ባለፈው ሰሞን እያየሺው ያልፋል።	0	0	0	0	0	0
amh_train_track1_2056	እግዚአብሔር ከልጆች ጋር ይሁን 🥺 ሰላም ለሁሉ ሰው ይሁን 🤲	0	0	0	0	1	0
amh_train_track1_2057	በጦርነት በሞቱ ሰዎች መርዶ ሐዘን ያጠላባት ትግራይ	0	0	0	1	0	0
amh_train_track1_2058	ቢሮሽ ላይ መለጠፍ እንዳትረሺ አንድ ቀን ድንገት ሲመጣ ቢያጣው ይወርድብሻል	0	0	0	0	0	0
amh_train_track1_2059	የአማራን ህዝብ የጅምላ ጭፍጨፋ እያየሽ ምንም እንዳልተፈጠረ የምታይ ወራዳ ሴት ነሽ! አማራ ከሆንሽ የአያት ቅድም አያቶችሽና የዘር ማንዝራቸው አጥንት ይውጋሽ!	1	1	0	0	0	0
amh_train_track1_2060	ማንም የማንንም ሞት አይደግፍም።የገደሉትን የሽመልስ አብዲሳ ቅጥረኞች ናቸው።ግልፅ ነው።የፖለቲካ ጫወታቸው የተበላበት ቁማር ነው።እመነኝ እጃቸው ያለበት ለፍ	1	1	0	0	0	0
amh_train_track1_2061	ታዲያ ብትከስ ምን ታመጣለች እሷስ ቢሆን የወረረረችን ወያኔ ጋ ጦርነት በገባንበት ወቅት አይደል እንደ የወረረረችን	1	0	0	0	0	0
amh_train_track1_2062	ዋው ሁለቱም ግጥሞችህ ምርጥ መልክት አላቸው ድንቅ ነበሩ ብፅአትዬ ሁሌም በስርቅርቅ ድምፅሽ በትዝታ ታሰምጭናለብ ኑሪልን	0	0	0	0	1	0
amh_train_track1_2063	መቼ ነው ድንቅ የኢትዮጵይ ልጆች ከጦርነት ስደት ረሀብ እርዛት መንከራተት ወጥተው ወዛቸው ተመልሶ ያለ ፍርሀት መብታችው ተጠብቆ ሀላፊነታቸውን እየተወጡ በተሻለ ሁኔት የሚኖሩት? ምነ	0	0	0	1	0	0
amh_train_track1_2064	ትንሽ አታፍርም የአማራ ኦርቶዶክስ ስትል ዘረኛ ኦርቶዶክስ መቼም ዘር አትቆጥርም ዘረኛ ሁላ ትንሽ ቆይታችሁ ክርስቶስ አማራ ነው በሉና ዳሩ ምን ታደረግ እምነት ዘር ይመስልሀል ነውረኛ ሁላ	1	1	0	0	0	0
amh_train_track1_2065	ለኣባታቻቸው ክበር ለእናቶቻቸ እንባ ለማበስ ለተደፈሩ ህቶቻቸው ብለው ለሰማእትነት ዝግጁ ሆነው የወጡ ጀገኖች ናቸው አንተም ልያኮራህ ይገባልማነህ ኣስተማሪው	1	0	0	0	1	0
amh_train_track1_2066	ለምን ግን ሰው በእናንተ ይሰናከላል ?	1	0	0	0	0	0
amh_train_track1_2067	የውሻ መብት ተቆርቋሪዎች! ቀን የሰው ደም እየረከሰ ባለበት ሀገር ስለውሻ መዘገብ አይከብድም	1	0	0	0	0	0
amh_train_track1_2068	Gech Gech Unity ታውቃላችሁ እንዴ ? 5 አመት ሙሉ ብሔር ዘር እየመረጣችሁ እየገደላችሁ ቤት እያፈረሳችሁ ሃገር እያፈረሳችሁ ጦርነት እየጠመቃችሁ 🤔	1	1	0	0	0	0
amh_train_track1_2069	የሀበሻ አይኖች ምንኛ ውብ ናቸው ሲያለቅሱ ሲያነቡ ንጉሱ ቢያያቸው በሌላ ሀዘን ነው ሚያባብላቸው	0	0	0	1	0	0
amh_train_track1_2070	የዓለም 14ኛውን ትልቅ አልማዝ ያገኙት ቆፋሪዎች ሕይወታቸው ምን መሰለ?	0	0	0	0	0	0
amh_train_track1_2071	ምን አይነት ባለጌ ክፍትአፍ ነች!?!?! ታከለ ኡላው በህዝብ የግብር ገንዘብ ነው ተማሪ ምግብ ያበላው የህዝብ ቤት ሰርቆ ለማን እንዳከፋፈለ ያዲሳባ ህዝብ ያውቃል	0	1	0	0	0	0
amh_train_track1_2072	ቦረና ከአምና ጀምሮ ያለማቋረጥ ተከስቶ የቆየው ድርቅ ዛሬ እንደሰበር ዜና ሁሉም እየተቀባበለው ነው ዛሬ ስናያቸው የነበሩ ፎቶዎች ሁሉ የት ተደብቀው ቆይተው ድንገት እንደእንጉዳይ	1	0	0	1	0	0
amh_train_track1_2073	የምን በገነት ማኖር ነው ለዚህች አውሬ ስኦልም ስያንሳት ነው!	1	1	0	0	0	0
amh_train_track1_2074	የቤቶች ልማት መመርያ በነፃ ሰርቶ መስጠት ከ1090 ፕሮግራም መርሃ ግብር ጀምሮ እንደዜጎች አቅም እና ፍላጎት 2080 4060  7030 ማህበር ቤት ሪል ስቴት ወዘተ ፕሮግራም በምርጫቸው መርጠው እንዲሳተፉ የተደረገው ዝርዝር አላማ ሁሉንም ዜጎች እንደአቅማቸው አሳታፊ አካታች ፕሮግራም እንደሆነ ቤት ለማግኘት ካለን ጉጉት አኳያ ተበድረን ንብረት ሽጠን ቆጥበን እንጂ ተርፎንም አይደለም ከቤት ችግር ከኪራይ ምሬት አንፃር ቶሎ እናገኛለን ብለን ለ	0	0	0	0	0	0
amh_train_track1_2075	እቺ ጭራቅ ከሰው ልጆች ተገልላ ዕድሜ ልክ መታሰር አለባት።	1	1	0	0	0	0
amh_train_track1_2076	Birhanu Tamirat ኡፍ 😭 ዋው የሚገርም አገላለጽ 🙊 ምንም ሳታስቀር ገልፀኸዋል አንተ ራሱ ቅባቱ ነካክቶሃል መሰለኝ ይታይብሃል ! ደሞም ተረድቼዋለሁ ያልከውን 😘 ¡	0	0	0	0	0	1
amh_train_track1_2077	መሣሪያ አለን ከማለትየሚያምነንጋሻ መከታ የሆነን የኢትዮጵያ ሕዝብ ከጎናችን ነውየሀገር መከላኪያ የመንግስት ገበና ሸፋኝ አይደለምየግለሰቦችን ስልጣን ጠባቂና ሎሌ አይደለምየማንንም ዘር አስጠባቂ አይደለምመከላኪያችን ከማንኛውም ዘር ወገንተኛ አይደለምአይፈቅድምምከማንኛውም ፖለቲካ ኃይል ወጥ አማሳይጥገኛ አይደለም መከላኪያ ኃይላችን የሕዝብን የፖለቲካ ቅሬታወችን በኃይል ማብረጃ መጠቀሚያ አይደለም የዕምነት ቤቶች ውስጥ ገብቶ ነብይ ነኝ አይልም በ	1	0	0	0	0	0
amh_train_track1_2078	የዩክሬን ጦርነት፡ የሩስያ ሚሳኤሎች ካርኪቭ የሚገኝን ሆቴልን አወደሙ	0	0	0	0	0	0
amh_train_track1_2079	በስተ እርጅና ሸበቶ ፀጉርህን ቀለም እየቀባህ ውሸት ማውራት አቁም እያለቁ ያሉት አማራ ልዩ ሀይል የደሀ ልጆች ናቸው በሞታቸው አትቀልድ😢😢😢	1	1	0	0	0	0
amh_train_track1_2080	የኔ ፍቅር ኩዚ አለቀሰ የማይረባ ወንድሙ ሲያናድድ ሁሌ ዞሮ ይወጋዋል	1	0	0	1	0	0
amh_train_track1_2081	እስት ለኢትዮጵያ 82ቱ ብሄሮች ያላችሁትን ጥላቻና ንቀት አስብ	0	1	0	0	0	0
amh_train_track1_2082	እስራኤልን የሚባርክ ይባረካል የሚረግም ይረገማል የሚለው በሂብሩ ተርግሟል ነው የሚለው  በቃልህ ራስህን ረገምክ  በእስራኤል ሟርትና ድግምት አይሰራም ያለ እስራኤል ይህ አለም ሃይማኖት መጽሐፍ ሁሉ ውሸት ነው የእግር ቃል ይሰራል ንስሃ ግባ ድሃ	1	1	0	0	0	0
amh_train_track1_2083	በኢትዮጵያ ላይ ከለፉት አምስት ዓመታት መከራ የከፉ ነገር እየተኮሰ ነው ኢትዮጵያ በውስጥ የእርስ በርስ ጦርነት እየወደመች ወታደራዊ ዲፕሎማሲያዊና ኢኮኖሚያዊ ጉልበቷ እየመነመነ ስለመጣ በኢትዮጵያና በሶማሌ አንዲሁም በኢትዮጵያና በኤርትራ መካከል በአጭር ጊዜ ጦርነት የሚጀመር መሆኑን የምስራቅ አፍሪካ ተንታኞች እያመለከቱ ነው የሀሰን ሸህ መሐመድ የአስመራ ጉብኝት የጦርነቱን እቅድ ለመወያየት እንደሆነ ይነገራል ኢትዮጵያን ለማፍረስ የምትጥረው 	0	0	1	0	0	0
amh_train_track1_2084	ሜክሲኮ ውስጥ በማፊያዎች ታግተው ከነበሩት አሜሪካዊያን ሁለቱ ተገደሉ	0	0	0	1	0	0
amh_train_track1_2085	1887 የሱ በጣም የሚገርም ነው ግን ለምን እስካሁን አታድርጉም ያለ ማረጋቹም ይገርመኛል ።	0	0	0	0	0	1
amh_train_track1_2086	ኧረ አላለም! ነገር አማረልኝ ብለሽ አትበጥረቂ!ለኦሮሙማ መግዘፍ ብአዴንም ድርሻ አለው ነው ያለው፤ሃብታሙ ስሜታዊ ሆነ እንጂ እያሉ የነበሩት ይቀራረባል።	1	1	0	0	0	0
amh_train_track1_2087	የራሳችንን ጦርነት ማን ይተንተንልን	1	0	0	0	0	0
amh_train_track1_2088	የውጭ ጉዳይ አይደለችም she was The Home Secretary ማለትም የሀገረ ውስጥ ጉዳይ ሚኒስቴር ናት  ለስደተኞቹ የከፋ ጥላቻ ያላት መጥፎ ሴት ነበረች	0	1	0	0	0	0
amh_train_track1_2089	የኣትዮጵያ ጠላቶች እነማን ይሆኑ ጎረቤት ሀገራት ወይስ የኦሮሙማው ወኖበዴና ሽፍታ ስብስብ ሁሉም ቆም ብሎ በማስተዋል ጉዳዩን ይመልከተው	0	1	0	0	0	0
amh_train_track1_2090	ለሁሉም መልካም የስራና የስኬት ዘመን እንዲሆንላቸው እንመኛለን።	0	0	0	0	1	0
amh_train_track1_2091	ትግራይና ጎንደር የተፈትሮ ድንበራቸው የተከዜ ወንዝ ነውጎንደሬ በወልቃይትና በተለምት ትግሬ በትግራይ ኖረዋል ይኖራሉ	1	0	0	0	0	0
amh_train_track1_2092	ማሞ ለጠጣው ማሚቱ ሰከረች ይላል አማራ ሲተርት የሚገርም ነው ? 	0	0	0	0	0	1
amh_train_track1_2093	ለዚህ እኮ ነው የሀገሪቱ መከራ የበዛው ግብራችሁ ሴጣን የሚቀናበት የታይታ ሀይማኖተኝነትቅድስት አገር ምናምን እያሉ መቀላመድ ከዛ ሲጨንቃችሁ ደግሞ ጥቅስ መ	1	1	0	0	0	0
amh_train_track1_2094	ለእምነትም ለሀገርም ለህዝብም ክብር የሌለው ቀጣፊ ወንበዴው አብይ አህመድ የኦርቶዶክሳውያን ልሳን የሆነውን ማህበረ ቅዱሳን ቴሌቪዥን ዘግቷል። ይሄ ለህዝቡም ለአማኙም ያለውን ንቀትና ጥላቻ የሚያሳይ ነው። 	1	1	0	0	0	0
amh_train_track1_2095	ክብሬ እንዴት አይነት ጥሩ ሰው መሰለህ!? ሁሉንም አክባሪ ከማንም ጋር ነዋሪ ሰው ነው!	0	0	0	0	1	0
amh_train_track1_2096	አለምነህ በዘመኑ ሁሉ በኢትዮጵያውያን ዘነድ የታወቀ ጋዜጠኛ እንጂ ዩቱበር አይደለም  ከማንም የተሻለ መረጃ እውቀት አለው አለምነህን መሳደብና መጥላት ቅናትና የአዕምሮ ድህነት ነው  እስራኤልን መደገፍ መብቱ ነው የሚያቀርበው ዜና ግን እውነታውን ብቻ ነው ሙያዊ ዲሲፕሊን ያለው ነው 	1	0	0	0	0	0
amh_train_track1_2097	አማራ አቅሙን ማጠናከሩ ላይ በርትቶ መስራት አለበት ለአማራ ማንም አይደርስለትም እያየነው ነው	1	0	0	0	0	0
amh_train_track1_2098	በመዲናችን ካሉ መንገዶች ባንዱ ጥግ ተደፍተህ ትቀራለህ ጠብቅ አንተ ዲቃላ ሰው በላ ድንጋይና ችግኝ ሀገር አይሆንም ክቡር የሆነውን የሰው ልጆችን ህይወት እንደ ዋዛ ታጠፋለህ ሀገርና ሀብትን ታወድማለህ የሆነ ቦታ በተፉጥሮ የበለፀገውን በኔነው ትላለህ ግራ ገብቶህ ግራ ያጋባኸን የሉሲፈር ልጅ እግዚአብሔር ከምድራችን ላይ ያንሳሳህ	1	1	0	0	0	0
amh_train_track1_2099	ያአላህ ያረህማን የጃቸውን ስጣቸው ይችን ህፃን ልጅ አሰቃይተው ለገደሉ ሰወች ያረብ ያማል ወላሂ ከመሞቷ አሟሟሟቷ አላህ ሰብሩን ይስጣቸው ለቤተሰቦቿ ከባድ ነው	0	0	0	1	0	0
amh_train_track1_2100	አይ ዘንዶር የገጠመን ትግል እኮ እስኪ በጎንደር ሞት ምኑ ነው ጎጠኛ የሚያስብለው?	0	0	0	1	0	0
amh_train_track1_2101	የእዉነት ያማል የሰው ልጅ ድርጊቱ ከዉሻ ያነሰበት ዘመን	0	0	0	1	0	0
amh_train_track1_2102	ኤደን ነኝ ምህረቱ የበዛልኝ ኤደን እህቴ ከእየሱስ ጋር የሙጥኝ የምትይዉ ሌላዉን ለማናደድ ነዉ? ወደ እግዚአብሔር ቤት የምሔደዉ መንፈሳዊ ህይወቴን ለማጠንከር እንጅ ኤደንንን ለማናደድ ብየ አይደለም።።።ሳይገባዉ የሚያደርግ ደግሞ ደንቆሮ ይባላል	1	1	0	0	0	0
amh_train_track1_2103	የሶማሊያው ፕሬዝዳንት ጠቅላይ ሚኒስትራቸውንና የባሕር ኃይል አዛዣቸውን ሥልጣን አገዱ	0	0	0	0	0	0
amh_train_track1_2104	የአደንዛዥ ዕጽ አዘዋዋሪዎች በሜክሲኮ ማረሚያ ቤት ላይ ተኩስ ከፍተው አስረኞች አስመለጡ	0	0	0	0	0	0
amh_train_track1_2105	ብሮ ጌታን ተቀበልክ መልካም ሽቀላ ብሮ	0	1	0	0	0	0
amh_train_track1_2106	ለካ ጥሩ አባትና ጥሩ ባል ነክ በርታ መልካም ምሳሌ ነህ!!!	0	0	0	0	1	0
amh_train_track1_2107	ይሄ ፍቅር የሚባለዉ በሽታ ባሌን ቢይዛዉ ግን ከኔ ብቻ ብይዛው ብየ ተማኛዉ ባሌ ሆይ ከኔ ብቻ የፍቅር በሽታ ይያዝህ አሚን በሉ	0	0	0	0	0	0
amh_train_track1_2108	ሶፎንያስ የድንግል ማርያም ስም ሲጠራ ደነገጠ ለእኛ ግን ከልጇ ከአምላኳ ዘንድ ታስታርቀናለች	0	1	0	0	0	0
amh_train_track1_2109	ሀገር በእርስ በርስ ጦርነት ላይ ወድቃ ህዝብ ተፈናቅሎና ተርቦ ኑሮ ውድነቱ ከአቅም በላይ ሆኖ ስራ አጥነት ተስፋፍቶ ኢኮኖሚው አፈር በልቶ ዲፕሎማሲያችን ውርደት ላይ ወድቆ ሀገራችን በውጭው አለም መሳቄያ ሆና ፖርኮች ቤተመንግስት የሚገነባ የጦር መሳሬያ በሌለን ገንዘብ የሚሸምት ወረዳ ብልግና የተባለ የወንበዴ ስብስብና ወፈፌ መሪው አብይ አህመድ ሀገራችንን መጫወቻ ሲያረጎት እያየ የሚያጨበጭብ ሆዳም ወይም መሀይም ተለጣፊዎች ማየትያሳዝናል ትላ	1	1	0	1	0	0
amh_train_track1_2110	ዋልታ እና ዋፋ በፋና ብሮድካስቲንግ ኮርፖሬት ስር ሊጠቃለሉ ነው	0	0	0	0	0	0
amh_train_track1_2111	መልእክቱን ለአለቆችህ በሚገባቸው ቋንቋ ብትነግር ጥሩ ነበር። ለነገሩ መስሚያቸው ጥጥ ነው ።	1	1	0	0	0	0
amh_train_track1_2112	ጥንቆላና ሃይማኖት የተቀላቀለበት እምነት ኢትዮጵያ ውስጥ እየተስፋፋ ነው የኢትዮጵያ መከራ እንደ ባንዲራዎቿ ብዛቱ?	0	0	0	0	0	0
amh_train_track1_2113	የውስን በለ ስልጠናትና የሙሰኞች ጦርነት የፈጠረው እል^ቅት !!! አላህ ለቤተሰቻው መጽናነትን ይስጠቻው ። በዚሁ ተመሰሳይ በእና ዲየቆን ሀብታሙ አየለው በለው  በይነት የእና ፋኖ እናቶች ይሄንንን ቀን ማክበረቻው አይቀርም ።	0	0	0	1	0	0
amh_train_track1_2114	በጣም ከምንም በላይ ያማል ይሠቀጥጣል	0	0	0	1	0	0
amh_train_track1_2115	በጣም ጎበዞች ናችሁ በተለይ ትርሀስ ሳላደንቅ አላልፍም በርቺ ባለ ጎዳይዋ ልጁማለትም ጓደኛዋ የባሰ እያሳማት እንደሆነ እርስዋም ተናግራለች የሚታይም ሀቅ ነው ቢቻል ልጅትዋ የሚያታደግ የ ህግ አካል ብታገኝ	0	0	0	0	1	0
amh_train_track1_2116	Learn how the BBC is working to strengthen trust and transparency in online news	0	0	0	0	0	0
amh_train_track1_2117	ከምር ገናናነቷ እየጨመረ ይሄዳልይህንን አንተ ካንተ ቀጥሎ ያለው ትውልድ ያያልእኔን የሚገርመኝ ለምንድነው አብዛኞቹ የ እስልምና ሐይማኖት አራማጅ የሆኑ አገራት የ እስራኤል ጠላት የሆኑትይህ የፈጣሪ ጠላት መሆን አይደልእስቲ ቁርአንን በ ደንብ ፈትሹና ለ እስራኤላውያን የሚሰጠውን ቦታ ብትገነዘቡ ደስ ይለኛል	1	0	0	0	0	1
amh_train_track1_2118	በብዙ እግዚአብሔርን ያለ ጭንቅ እያሳዘንነው፣ በብዙ የጌታ ምህረቱ ሲበዛ ካስተዋልን፣ ያን ጊዜ ያለንበትን ህይወት በደንብ ልንመረምረው ይገባል። የእግዚአብሔር ጸጋ እጅጉን የሚበዛው ኃ	0	0	0	0	0	0
amh_train_track1_2119	ይህን የሠው በላ የሰልቃጭ ስርአትን እናፈራርሰዋለን እያፈራረስንውም ነው የኦርሙማው ቲሪክ እበት መጠፍጠፍ ሆኖ ቀጥሏል አወ ኦሮም ትልቋን ኢትዮጵያን አይደለም አንድ ዞን ማስተዳደር እንደማይችል የሚታወቅ ነው ይህ ወራዳ ሰልቃጥ ደንቆሮ ስርአት ነው አገር ህዝብ እያገማ የቀጠለው መፈራረሻው ቅርብ ነው 	1	1	0	0	0	0
amh_train_track1_2120	አልሸባብን የሚያስንቅ አሸባሪ አራት ኪሎ አስቀምጣችሁ ስለ ሌላው አሸባሪ ታወራላችሁ? አልሸባብን በአይነት በአይነቱ አገዳደል ያስተማረዉ አቢይ ይባላል።	0	1	0	0	0	0
amh_train_track1_2121	ገና 30 ዓመት ጨለማ ነበር ብሎ ጨፍረዋ እግዚአብሄር አያይም አይሰማ ም ብለው አይናቸው በጨው አጥበው የተናገሩት እዴት በቀላሉ ይመለሳል ይህ ማለት ግን አህአዴግ ችግር አልነበሰውም ሜሐቶ አይደለም ችግሮችን በትክክክል አስቀምጠን ለሚመጣ ደግሞ ጥሩ እንዲሰራ በአንድነት መስራተ ሲጠበቀን የተሰራ ጥላ ሸት ቀብተው ገና ለሚመጣ ሙሴ ያችን ብለው የወደሱ ገና የግፍ ግፍ ያያያሉ ምንም አንኳን ችግሩ ለሁላችን የሚተርፍ ቢሆንም	1	1	0	0	0	0
amh_train_track1_2122	የአገራችን ፖለቲካ ዋና በጥባጭ ዝቃጭ ናይሮቢ ቁጭ ብለህ መታገል ብሎ ጨወታ አያዝልቅምና ሰለሕዝብ የሚያስብ መንግሥት ያምጣልን አሁንም መታገል መታገል	0	1	0	0	0	0
amh_train_track1_2123	እናዚ ዩሁዳ ከሃዲ ዎች አላሃ የጥፋቹ	1	1	0	0	0	0
amh_train_track1_2124	ለኔ የሆነ ያህል እረካሁ ደስ ሲል።	0	0	0	0	1	0
amh_train_track1_2125	ወላሂ ወላሂ ሁለተኛ አማራ አልሆንም ። የ6 አመቷ ህጸን በአብይ እህመድ ገዳይ ቡድን ከመገደሏ በፊት የተማጸነችው መሪር ቃል ነበር። አማራ ለበቀል ተነሳ እየጠፋህ ሌሎች እየበዙ ሀገ	1	1	0	1	0	0
amh_train_track1_2126	የ 3 ሺ ዘመን ታሪክ የምትለው ከወዴት ነው አንተ ሰው የሰሜኑን ህዝብ አታባላው። ያልታሰበ በራሪ ጥይት ይቀንጥስኽ የዛች የግም ልጅ። ስራ ታጥቶ ጭስ ይሞቃል አ	1	1	0	0	0	0
amh_train_track1_2127	ወይኔ ስታሳዝን #ሰውዬ እንዴት አስቻለው! አዬ ፕራንክ Curse to Prank	0	0	0	1	0	0
amh_train_track1_2128	እንኳን የሰው ደም የውሻ ደም የማያስቀርው አምላካችን ይፈርዳል በስካቫተር እላዩ ላይ ያፈረስከው ሰውዬ ይሄ የነሱ ስቃይ በልጅህ በቤተሰብህ ይድረስ የቁም ስቃይ ይልቀቅብህ አምላኬ ሆይ የዚን ንፁህ ደም ፍረድለት	1	1	0	1	0	0
amh_train_track1_2129	ዛሬ እየተከታተልክ ከሚታቀርብልን...ህዝቡ ራሱ ቀጥታ እንድከታተል ማድረግ ለምን ተሳናችሁ? በሀገራችን የመጀመሪያውና ቀዳሚው Commmunity media SMN መሆኑን ለምን ዘነጋችሁ...ለምንስ አቀነጨራችሁት? በፊት ለDiaspora የሚሰጠው የአየር ሰአት ለምን ተቋረጠ!...የህዝብ ሚድያ ለህዝብ ለቀቅ አድርጉ!...ካድሬወች ከፈለጉ የራሳቸውን ሚድያ ያቋቁሙ!...Hawallle keeerunnni iiilllitinooonnni!!!	1	0	0	0	0	0
amh_train_track1_2130	እነሱ ያንን ባይገሉ ኖሮ ይሄ ሁሉ ህዝብ ባላለቀ ነበር አረብ ሁለቴ ማሰብ አይችልም አጠፌታው የከፋ መሆኑን ያውቃል	0	1	0	0	0	0
amh_train_track1_2131	በአዲስ አበባ ዙሪያ አዲስ በተመሰረተው የሸገር ከተማ እየተካሄደ ባለዉ ቤት የማፍረስ ዘመቻ ከሰብዓዊነት ያፈነገጡ ተግባራት እየተፈጸሙ እንደሚገኙ የኢትዮጵያ ህዝብ እንባ ጠባቂ ተቋም	0	0	0	1	0	0
amh_train_track1_2132	አንችን ብሎ ጥቃት ተከላካይ አብረሽ እንዳትጠፉ ምክንያቱም ግጭቱ ከሀማስ ጋ ቢቻ መስሎሽ !!!	1	1	0	0	0	0
amh_train_track1_2133	ሃጫሉን ከጅዋር ሌላ ሊያስገድል የሚችል የለም  ምክኒያቱም ሕዝብን ስሜታዊ አድርጎ በምርጫ ማሸነፍ ነበር የሴራው ፖለቲካ ስትራቴጂ የስክነቱም ሚስጥር የጥፋተኝነት ስሜት ነው ብዬ አምናለሁ	0	1	0	0	0	0
amh_train_track1_2134	ያለ ጥሩ ማኪያቶ ፆም መፍታት ግን	0	0	0	0	0	0
amh_train_track1_2135	አርቶዶክስ ተዋህዶን ለማሸማቀቅ የተጓዝክበት ጉዞ ይገርማል ወይ ናትናኤል እግዚአብሄር ይክፈልህ የድሃ እንባ እና ልቅሶ ባንተ በልጆችህ እና በዘር ዘርህ ይሁን	1	1	0	1	0	0
amh_train_track1_2136	ቦምብ በማፈንዳት ተጠርጥሮ ለ50 ዓመታት ሲፈለግ የነበረው ጃፓናዊ ሳይገኝ እንዳልቀረ ተገለጸ	0	0	0	0	0	0
amh_train_track1_2137	ድሉ የኢስራኤል ነው ሲቀጠቀጡ አደሩ ስንቱን የሐማስ አስክሬን አሳማ ይበላዋል ቀፈጣሪ አረመኔወች ነበሩ አረመኔ በላቸው በውሃ በአየር በታንክ በእግር ጦር እንቀጠቅጣቸዋለን ድሮም ወራዶች ናቸው ተዋርደው ሞቱ ድሉ የኢስራኤል ነው የኢስራኤል አምላክ አይተኛም አያንቀላፋምም የሐማስ አምላክ መኖኑር እንጃ ተኝኝቶ አይሰማም	1	1	0	0	0	0
amh_train_track1_2138	የበሻሻ ቆሻሻ ውሻ ቦቲ አፍ ሂድና ዛፍህን ቅቤ ቀባ አንተን ብሎ ዶክተር ማንም አይሰማህም 	1	1	0	0	0	0
amh_train_track1_2139	Pro Silesh Shibru Oysama እግዚአብሔር በሌባ ጎበኘን እረ ሼም ይህ አለም ያወቀው ዘራፊ ሌባ ነው አልጀዚራ ዶክመንተሪ እዩ በጭፍን አትነዱ	0	1	0	0	0	0
amh_train_track1_2140	አውሬው አብይ አህመድ መጨረሻው እንደ ላይ ይቤርያው ሳሙኤል ዶ ነው የሚሆነው ይሰቀጥጣል እርሱ በንጹሀን ላይ ከሰራው ግን አይበልጥም የእርሱኮ ወድረየለሽ አረመኔነት ነው አቻ የለውም	0	1	0	0	0	0
amh_train_track1_2141	ህዝባዊ ድጋፍን ይጠይቃል በመጀመሪያ የደህንነት ስጋት አለብን እውነት ነው ጊዜውን ያልጠበቀ አጀንዳ ነው	0	0	0	0	0	0
amh_train_track1_2142	የልጅ ፍቅር ምን ያህል እንደሆነ ሰዉ ለሆነ ሰዉ መንገር ባያስፈልግም በተለይ ለንፁሀንና ለህፃናቶች በጦርነት ጊዜም ቢሆን ልንጠብቃቸዉ ልንከባከባቸዉ እንደሚገባ የሚያሳይና የሚስደስት ነዉእኔም በነዚህ አባትና ልጅ መካከል ያለዉን ደስታ ወደራሳችን ወስደን ማየቱ በቂ ነዉነገር ግን በዛኛውበጋዛደግሞ ያለዉ ሁኔታ በጣም አሳዛኝ ነዉምክኒያቱም ብዙ ህፃናቶችና ንፁሀን እናትአባትወንድምእህት አልቀዋል ቢሆንም አሁንም ይህ አስከፊ ጭፍጨፋ በዚ	0	0	0	1	1	0
amh_train_track1_2143	ፓስተር ቢኒ መላጣህ የአሮጊት ጡት ነው ።ሚመስለው ቂጥ ራስ	0	1	0	0	0	0
amh_train_track1_2144	ከመልካም ሰው ጎን መቀመጥ መልካም አያደርግም።	0	0	0	0	0	0
amh_train_track1_2145	በሆነ ግዜ የመን ሒጄ ነበር ግን ያየሁት ነገር ሆዴ በላው የመን ታኢዝ የሚባል ወደብ ጫፍ ላይ 3 ትላልቅ የሚያምሮሩ መረከብ ተጥለዋል ጠጋብየ ሰው ስጠይቅ በ1983 በግዜው በነበረው ጦርነት ከአሰብና ምጽዋ ሸሽተው የመጡ ኢትዮጵያ ባህር ሐይለ ነው	0	0	0	1	0	0
amh_train_track1_2146	በሠላማዊ ከተማ ይሄ ሁሉ ግርግር እና የጦር መሣሪያ ማንን ለማስፈራራት እንደሆነ ግልፅ ነው የምታደርጉት ነገር ከሚፈጥረው ፍርሃት የበለጠ የእናተን ሽብር ይነግረናል በቃን	1	0	1	0	0	0
amh_train_track1_2147	ኢንዳንተ ያለ ወራሪ ስለማያስፈልግ ነው	0	1	0	0	0	0
amh_train_track1_2148	ቀጥሎ በኢትዪጵያ ውስጥ ታላቅና እውቅ ሰው ነበር ራስ መኮንን በውትድርና የአገልግሎት ዘመኑ ሞት የማሽረው ታሪክና ዝናን ያተረፈው በጀኔራል ባርቲሪ ይመራ የነበ	0	0	0	0	0	0
amh_train_track1_2149	ፋኖ እኮ የሚፈልገውን እንኳን በወጉ ጥርት አድርጎ ማስረዳት አልቻለም ርዕዮተዓለም የላቸውም የሕዝብ አስተዳደር ሙያ የላቸውም በጣም ወደ ኋላ የቀረ አመለካከት ያላቸው ታጣቂዎች ናቸው የሚመሩት በዚያ ላይ በየመንደሩ የየራሳቸውም ቡድን መሥርተዋል አፄ ቴዎድሮስ ወደው አይደለም በጉልበት በዚያ ዘመን የነበሩት ለመጠቅለል የተነሱት አማራ በታሪኩ አንድ መሆንን አያውቅም የተበታተኑ ስለሆነ ከጥንት ጀምሮ ትግሬዎች በየግዜው ድንገት ይመጡና በቀላሉ እበ	0	1	0	0	0	0
amh_train_track1_2150	ይህ ሞት ለልዩ ኃይል አባላቶች የተደገሰው በአማራው ፅንፈኛ ፖለቲከኞች ነው። መከላከያ ስራዊት ራሱን ከመከላከል አልፎ የዜጎችን ድህንነት የመጠበቅ ግዴታ አለበት።	1	1	0	0	0	0
amh_train_track1_2151	መምህር እግዚያቡሄር ይባርክህ ነገር ግን ስለ ዘፈን እና ዘፋኞች አስተምረካል ነገር ግን ሠው ንሰአ ሳይገባ ከዚህ አለም በሞት በድገት ሲለይ ያማል ምክንያቱም ዘፋኞች መግስተ ሠማይ አይወርሱም ይላል አያሉ ታላቁ መፅአፍ እግዚያብሄር ለቀረነው ንሰአ እንድንገባ ዘወትር መመመለስ ይሁንልን ለወዳጆቹ አና ለአድናቂዎቹ መፅናናናትን ይስጥ ቤተሠቦቹን እግዚያብሄር ያፅናናናቸው	0	0	0	1	1	0
amh_train_track1_2152	 ምን አደረገ መጀመርያም ከጉርሉ ፍቅር ያዘው እሷ ደሞ አትንከባከበውም ጥፋቱ ምኑላይ ነው	0	0	0	0	0	0
amh_train_track1_2153	የ አብይ ጦስ ሀገራችንን እንዳያሳጣን እፈራለሁ	0	1	1	0	0	0
amh_train_track1_2154	“በትግራይ ያንዣበበውን ረሃብ ለመግታት የፌዴራል መንግሥቱ ግዴታውን ሊወጣ ይገባል” - አቶ ጌታቸው ረዳ	0	0	0	0	0	0
amh_train_track1_2155	የሚያሳዝነው የመንግስት እና የሀይማኖት ልዩነት በማያውቅ የማይረባ ዘረኛ መሪ መመራታችን ነው የሄ ድንቁርና የሚያስከትለውን መዘዝ በቅርብ ግዜ ትረዳዋለህ።	0	1	0	1	0	0
amh_train_track1_2156	እነሱ ስራቸውን ይሰራሉ እነሱ የፈለጉትን ስም እያወጡ ይዘውት ይዙሩ	1	0	0	0	0	0
amh_train_track1_2157	የኔ ቆጆ በጣም ያሳዝናል አይዞሽ ፍርዱ በሰማይ አለ	0	0	0	1	0	0
amh_train_track1_2158	ከምናወራው እንደው ጥቂቷን ብንኖራት ባይ ነኝ ይሄ የሱን ደጋፊዎችም ያካትታል ድንገት ተነስታቹ ልደቱ ልክ ነበር ልደቱ እንዲህ ነበር ልደቱዬ ላንተ ከሆነ ልሂድ በግንባሬ እምትሉ ሰዎ	1	0	0	0	0	0
amh_train_track1_2159	አቤት ቢንያም ቅጥረኛ ሆንክሳ!!!ፓስተርነትህ ያሳፍራል	1	1	0	0	0	0
amh_train_track1_2160	ይቺን አጭበርባሪ ሴት በጋራ እንከላከል የሉሲፈር አምላኪ ነች	0	1	0	0	0	0
amh_train_track1_2161	መቼም ቢሆን ግን የኤርትራ ሉኣላዊ ምድር ብቁም መርገጥ እንዳማራቹ ወደ ሲኦል ትሰኛላቹ 4ነጥብ  ትርፍ እንደጫነች ኣገር ሁሌ ጦር እና ሞት የማይቆምላት ኣገር ኢትዮጵያ መቼም ኣትስተካከልም	1	1	0	0	0	0
amh_train_track1_2162	አፄ ቴዎድሮስ ገና በሽፍትነት ወቅት ሆነው የእርሳቸው ወታደሮች ያደጉበትን የማህበረ ስላሴ ገዳም ከአፄ ቴዎድሮስ እውቅና ውጭ ከብቶት ዘርፈው በልተው ነበር።በዚህም ገዳማውያኑ እንዴት ያሳደግነው ልጃችን ለገዳሙ ጠበቃ መሆን ሲገባው ያዘርፈናል ብለው ያዝናሉ። ይህን ቅየት ብለው ያወቁት ንጉሱ ገዳሙ ድረስ በመሄድ ተንበርክከው ለወታደሮቹ ጥፋት ምህረትና ልምና ጠይቀው ምህረት ተደርጎላቸዋል። ለዚህም ምህረትም ቃል ይገቡለት ዘንድእኔ ወታደር ነኝ	0	0	0	0	0	0
amh_train_track1_2163	ብአዴኖች ቆመው ሳሉ ገድለው ያስጉዱልናል። ሞተውም በነሱ ምክንያት ያስገድሉናል። የነሱ መኖርም የነሱ መሞትም ለኛ ያው ሞት ነው። ? አምሀራ	1	1	0	0	0	0
amh_train_track1_2164	መሪዎችም ስራ ከአቆሙ አምስት አመት ሆኗቸዋል ይባላል	0	0	0	0	0	0
amh_train_track1_2165	ይህ መራራ ሀቅ እንቅልፍ ሲነሳቸው በየቀኑ ከfake Ethiopianist እያመለጡ የሚመጡት የትኛው Camp ነው የሚገቡት? እዛው ሰብሰብ አድርገህ አቆያቸው እን	1	0	0	0	0	0
amh_train_track1_2166	እናመሰግናለን የሚገርም ፅሁፍ ነው	0	0	0	0	1	0
amh_train_track1_2167	የሳዑዲ አረቢያው አል-ሂላል ቡድን ብራዚላዊውን ኔይማር ለመግዛት ከፒኤስጂ ጋር ተስማማ	0	0	0	0	0	0
amh_train_track1_2168	ሲጀመር ሰውዬው ህግን አክብሮ እየሰራ አይደለም ሰዎቹም ስራቸውን ነው የሰሩት ግን እኔ የሰውዬውን ልክ አለመሆኑን አውቆ ትቶ ሲሄድ ያ ሁኔታው ያሳዝናል በተረፈ ስራቸውን ነው የሰሩት	0	0	0	1	0	0
amh_train_track1_2169	ደደብ በብልጭልጭ ነገር አይደለም እንደ አህያ በሆዱ የሚገዛ የለም ሆዳም ከፈለክ ተሸክመህ ዉሰደዉ። በዚህ በ21ኛዉ ክዘመን እንዳንተ አይነት ኋላ ቀሮች የ	1	1	0	0	0	0
amh_train_track1_2170	ቆይ በጣም የሚገርም እኮ ነው በቃ ኦሮሞ ከውሃ እንደመጣ አምኖ ተቀበለ ማለት ነው ይገርማል ። እረ ወገን እንዴት ነው ለ ኦሮሞቹ ግን አንድ ተቆርቋሪ እንዴት ይጠፋል የእውነት ግን ታሪክ ይቅር የማይለው ነገር እየሆነ ነው።	0	1	0	0	0	0
amh_train_track1_2171	በቲተር እና ፌስ ቡክ የሚሆን ነገር የለም ሰውዬው እንደ እንተ ሃሳብ የእብድ አስተሳሰብ ያለው አይመስለኝም ስሜታዊ አድርጋችሁ ለለማስነሳት ከሆነ ዋጋ ሕዝብን ዋጋ	1	1	0	0	0	0
amh_train_track1_2172	ትክክክል አይደለህም ውይይይ ራስ ምታት የሚያስከትል ፕራንክ ጥሩ አይደለም	0	0	0	0	0	0
amh_train_track1_2173	በጋዜጠኛቱ  ፍቅር ሊደፍኝ ነው ባረብ ሀገር	0	0	0	0	1	0
amh_train_track1_2174	የትላንቱ የክርስቲያን የፓርላማ ጥያቄ መግቢያ ለሁላችሁም ሆዳም ካድሬዎች ይሰራል።እዉነትን በብሄር አትመንዝሯት	1	1	0	0	0	0
amh_train_track1_2175	አስፍዬ እግአብሄር ነብስህን ይማረዉ ለሁላችሁም መፅናናት ይስጣችሁ ኡፍፍ ያማል 	0	0	0	1	0	0
amh_train_track1_2176	ቃና ሳይመጣ በአረብኛ 2አየሁት ቃና ስመጣ አየሁ አንም በድጋሚ እንደ አድስ ጓጉቼ ማዬቴ ነዉ የገረመኝ	0	0	0	0	1	1
amh_train_track1_2177	ወደ ሮሜ ሰዎች 13 1 ነፍስ ሁሉ በበላይ ላሉት ባለ ሥልጣኖች ይገዛ ከእግዚአብሔር ካልተገኘ በቀር ሥልጣን የለምና ያሉትም ባለ ሥልጣኖች በእግዚአብሔር የተሾሙ ናቸው 2 ስለዚህ ባለ ሥልጣንን የሚቃወም የእግዚአብሔርን ሥርዓት ይቃወማል የሚቃወሙትም በራሳቸው ላይ ፍርድን ይቀበላሉ 3 ገዥዎች ለክፉ አድራጊዎች እንጂ መልካም ለሚያደርጉ የሚያስፈሩ አይደሉምና ባለ ሥልጣንን እንዳትፈራ ትወዳለህን መልካሙን አድርግ ከእርሱም ምስጋና ይሆንልሃል 4 ለመ	0	0	0	0	0	0
amh_train_track1_2178	መንግስቱ በሚሊዩን የሚቆጠሩትን የኢትዮጵያ ወጣቶች የጨፈጨፈው መንግስቱ አልነበረም ? በጎባ ባሌ ከተማ 120 ወጣቶችን ገድሎ በአንድ ጉድጓድ አሰቀበራቸው በየያንዳዱ የኢትዮጵያ ከተሞች 30---1000 ወጣቶችን በቀይ ሽብር ሥም የጨፈጨፈው አስጨፍጫፌው መንግሥቱን ሥሙን መሥማት አንፈልግም ።	1	1	0	0	0	0
amh_train_track1_2179	የኔ ቆጅ ይሁሉ መከራ በልጅነትሽ መከራ አይዛሽ ነገ ሌላ ቀን ነው በጣም ያሳዝናል ነገ መልካም ይሆናል ያጨካኝ የስራውን ይሰጠዋል ያስለቅሳል😭😭😭	0	0	0	1	0	0
amh_train_track1_2180	ቅመ አያትህ ይህን ልቤ ወልድ እንኩዋን ዛሬ ያኔ ሁሉ በእናቴ እጅ ባለ ግዜ ሞክሮ ሞክሮ ይሄው እናንቴንም ለዝህ አበቃችው ... ግን እኮ ሞጤ እደዚህ አይነት ጥላቻ በእሮሞ ሕዝብ ላይ አላችው ስባል አላምንም ነበር .ሆን ብሎ አማራ እንድጠላ ይየምናፈስ የአማራ ጣላት የምወሩት ይመስለኝ ነበር ። ግን ዛሬ ...	0	1	0	0	0	0
amh_train_track1_2181	OMN በጠባብ ኦሮሞአዊ ጥላቻ አማራንና የአማራን ብሎም የኢትዮጵያን ትልልቅ ሰወች ለመዝለፍ ሲፈልግ ሃጫሉን ጠርቶ ጥቅም ላይ ያውለው ነበረ በሌላ በኩል ደገግሞ መረጃ ቲቪ ኦሮሞወችን መሳደብ ሲፈልግ እስክንድርን ጠርቶ ይጠቀምበታል እናም ለሃጫሉ የሚያስብ ሰው ሃጫሉ በረድ ሰክን ረጋ እንዲል መምከር የነበረበት ድሮ ነው ሃጫሉ በየቦታው መነንገደድ ላይም ጭምር ሽጉጥ እየመዘዘ መዝፈን  ሽጉጥ እየመዘዘ ማስፈራራት ወዘተ ስራው ሆኖ ነበረ መመከር ይ	1	1	0	0	0	0
amh_train_track1_2182	አንዴም የሉአላዊነት ጦርነት አልገጠማችሁም በዚች የስልጣን ዘመናችሁ ቢገጥማችሁም መግጠም አትፈልጉም ምክንያቱም በራስ መተማመን የላችሁም የወረደ አመለካከት ነዉ ያላችሁ ሀገሪቷ ጀግና ዜጋ ነበራት እዉነት እላችኋለሁ በዚ አስተሳሰባችሁ የትም አትደርሱም	1	1	0	0	0	0
amh_train_track1_2183	ግይ ሰወች ስንባል የተጎደናነው እያለን ለስም ለዝና ለወሬ መጨነቅ  ሰው ምን ይለን ብለን መጨነቅ በጣም ያሳዝናል ፈጣሪ ከክፉ ነገር ሁላ ይጠብቀን 	0	0	0	1	0	0
amh_train_track1_2184	ዴ ሂያ ወደ አል-ናሲር ሄዶ ሮናልዶን ይቀላቀል ይሆን? አንድሬ ኦናናስ ወደ ዩናይትድ?	0	0	0	0	0	0
amh_train_track1_2185	በጣም ያማል ፈጣሪ ለሁለቱም ወገኞች ምህረቱን ይላክላቹ አገራችንም ፈጣሪ ይጠብቅልን ፤፤፤	0	0	0	1	0	0
amh_train_track1_2186	ኸረ ዘሩባቤል ልቤን አደከምከው የጠቅላይ ሚንስትር እና ጠቅላይ ሚንስቴርን ልዩነት ለይተህ እወቅ በጣም አሳፋሪ ነው ሚንስትር እና ሚንስቴር በጣም ይለያያሉ	0	1	0	0	0	0
amh_train_track1_2187	የትግራይ ጊዜያዊ ርዕሰ መስተዳደር ሆነው የተሾሙት አቶ ጌታቸው ረዳ ማን ናቸው?	0	0	0	0	0	0
amh_train_track1_2188	ይህ ደመቀች የሚሉት ሰዉዬ ሰልጣን ላይ በሰበሰ ሬሳዉ እሰከሚወጣ እንዲሁ ቁጭ እንዳለ የቁም ሞት ሞቶ ግዜዉን ይጨርሳል በቃኝሰ ቢል እንደ አባ ድላ በክብር	0	1	0	0	0	0
amh_train_track1_2189	እመ ብርሃን ለኔ ዉድ እናቴ ናት አዎ ታማልዳለች እርሱ ሕይወት አለኝ ካለ እመቤታችን የሕይወት እናት ናት ።	0	0	0	0	1	0
amh_train_track1_2190	ባልታሰበ ማእበል ድንገት መመታቴ ለካስ ለበጎ ነው ይህን ሁሉ ማየቴ ያስብልልን እነ እንትናን	0	0	0	0	0	0
amh_train_track1_2191	አይ የብልግና መንግስት 😂እቃቃቃ መጫወት ጀመራቹ ከአልሸባብ ጋር 😂😂😂ወያኔ ነበር አስከብሮን የኖረው እኳን ኢትዮጵያ ገብቶ ጥቃት ሊያደርስ ሱማሊያ ድረስ ገብታ ነበር አናት አናቱን ስትለው የነበረ ክብር ለወያኔ💪💪💪	0	1	0	0	0	0
amh_train_track1_2192	ሰበር ሰበር?ቻው ቻው ተመስገን ጥሩነህ ያሳዝናል ፤ የአማራ ፋኖ በጎንደር ስለ ወልቃይት መግለጫ ሰጠ ፤ ወልቃይት via 	0	1	0	1	0	0
amh_train_track1_2193	በጣም ደግ ከሆነ ኮ ታዲያ በመቅደምህ ኩራት ቢገባህም ልትታበይ አይገባም ። ያልካቸው ግለሰቦች ወደ አንተ ጎራ መምጣት እንደ ምርጥ አጋጣሚ ልናብራቸው ስንችል እንዲህ ያ	0	0	0	1	0	0
amh_train_track1_2194	የመይመስል ወሬ ውሻት መጀመረ የረሳች ጦርነት እንቃጭ አቺም ቢሎ እበሲ አቺ መላት የሞታ ዉሻ ጥብነሽ	0	1	0	0	0	0
amh_train_track1_2195	በታንዛኒያ በደረሰ የመሬት መንሸራተት የ22 ሰዎች ሕይወት አለፈ	0	0	0	1	0	0
amh_train_track1_2196	እስላም ሁሌም አሸባሪ ነው፡ so sad!	0	1	0	0	0	0
amh_train_track1_2197	ብትፈሪም ባትፈሪም መሞትሽ አይቀርም ቅዘናም በጭባጫ። ፍርሀት ነው ይሄን ሁሉ የሚያደርገው። ሸኔስ የተቀደሰ ነው አይደል። ፋኖ የቱ ጋር ነው ሲገድል ሲዘርፍ	1	1	0	0	0	0
amh_train_track1_2198	ሻኪራ ጄራርድ ፒኬን በተመለከተ ያወጣችው የሙዚቃ ቪዲዮ ክብረ ወሰን ሰበረ	0	0	0	0	0	1
amh_train_track1_2199	መጣም ደስ ይላል ግን ልብ አጠልጣይ ነው	0	0	0	0	1	0
amh_train_track1_2200	በስጋት ነው ያለነው እንደልባችን መንቀሳቀስ አልቻልንም ዛቻው በዝቶብናል እኔ ያለሁት መቋድሾ ነው	0	0	1	0	0	0
amh_train_track1_2201	ብዙ ቅሬታ አለ እኮ ?	1	0	0	0	0	0
amh_train_track1_2202	አንችም ዘግናኝ አልተባልሽ ይህንን ደም መጣጭ እርኩስ ጋ ተለጥፈሽ ዶክተር ደረጀ የእውነት የክርስቶስ ልብ ያለው የህዝብ ልጅ የህዝብ ድምፅ ነው 	0	1	0	0	0	0
amh_train_track1_2203	ሰሜን ኮሪያ ያለ ፈቃድ ወደ አገሯ በገባው አሜሪካዊ ወታደር ዙሪያ ምላሽ ሰጠች	0	0	0	0	0	0
amh_train_track1_2204	ክብርት ወሮ ዝናሽ ታያቸው ከሙሉቤተሰቦ ጋር መልካም የትንሳኤ በዓል ይሁንልዎ።	0	0	0	0	1	0
amh_train_track1_2205	እስካሆን የት ነበሩ 23 ኣመት ተኝተው ነበረ ኣሁን ምን ተገኝ የድንበር ጥያቂ ኣህውን ይፈጽሙት የሚሉት USAEu ውሸታሞች በላቸው	1	0	0	0	0	0
amh_train_track1_2206	አምላኬ ሆይ ግን መቼ ነው ታክሲ አይገኝም ከሚል ጭንቀት ወደ parking አይገኝም የሚል ጭንቀት ምቀይረኝ	0	0	0	1	0	0
amh_train_track1_2207	የኔ ውድ እህት እንኳን ፕራንክ ሆነ	0	0	0	0	1	0
amh_train_track1_2208	እሚገርም ነዉ ጋዜጠኛ በዚህ ለክ በአንዲት ልጅ አጀንዳ መጠመድ የሀሳብ ድርቀት እንዳለባችሁ ያስታውቃል	1	0	0	0	0	1
amh_train_track1_2209	የእኔ ማር አይዞሽ የእኔ እንባ ይፍሰስ	0	0	0	1	0	0
amh_train_track1_2210	ነብዩ መሀመድ ላይ ቆሻሻ ሲጥሉ ነበር ይሁዳ ማለት በቃ ይቺ አለም በፈተና የተሞላች ናት	1	0	0	0	0	0
amh_train_track1_2211	መብትሽ ነዉ ሚኒሊክ 2 ማምለክ ግን ኤርትራና ጅቡቲን የሸጠ ደንቆሮ ሰዉ ለምን እንደምታደንቂ አልገባኝም።	0	1	0	0	0	0
amh_train_track1_2212	ጀዋር ከ 15 ዓመት በኋላ አንገናኝ ከ 50 ዓመት በታች የሆነ  ወታደር ያልሆነ ሲቪል 2ኛ ዲግሪ ያለው ጥሩ የአስተዳደር ያለው ሰው የቤተሰብ ሃላፊ ጥሩ ገቢና ኑሮ ያለው ጀርባው ተጠንቶ ነው የኢትዮጲያ መሪ መሆን ያለበት  ጎረምሣ መሪ ሀገር ይጠፋል መንግስቱ  መለስ አብይ ያ የ ውጤቱ ሞት ነው 	1	0	0	0	0	0
amh_train_track1_2213	ስለወደብ ኣሰብ ተውትና ኢትዮጵያን ተፈረካክሳ እንደሶሪያ ና ሊብያ ሁና ኣገር ኣልባ እንዳትሆኑ መደንገጥ ኣለባቹ እኛ ኤ ር ት ራ ው ያ ን ግን የናንተ ጉረኝነት ኣይገርመንም ስለዚ ያልተመለሰ ችግር ካላቹ ግን ላያታቹ ሃይለስላሴና ላባታቹ ደርግ መ ሃይለማሮያም ጠይቁና መልስ ታገኛላቹ እኛ ኤርትራውያን ግን ከጎረቤት ኣገር በፍቅር ና በስላም መኖር ነው ምርጫችን በሃይል በጉራ ለመጣ ደሞ ጥሩ ኣርገን ማጉረስና ማስተናገድ እንገደዳለን 	1	1	0	0	0	0
amh_train_track1_2214	ትልቅ መልዕክት ነው እኔም ለሀገሬ ቢሆን ደስ የሚለኝ ይሄው ነው 	0	0	0	0	1	0
amh_train_track1_2215	100ውሸት ውሸት የሚታይበት	1	0	0	0	0	0
amh_train_track1_2216	እግዚአብሔር ይጠብቀው ተግባሩ መልካም ነው አሁን ግን በሁለት በኩል የተጠመደበት ያለ ይመስላል መንግስት አውቆ በየሚድያው እየጠራው ደጋፊ እያስመሰለው መጠቀሚያ እያደረገው ነው እራሱን ቢጠብቅ እና ወደስራው በአባቶች ምክር ቢመራ መልካም ነው	0	0	0	0	1	0
amh_train_track1_2217	ደቡብ አፍሪካ በሀገርዋ ያለውን ሰው አፍሪካዊ ስደተኞችን ውጡ እያለች ስቃይ ተሰያለቼ ግን ለሌላ ጀ ትላለች 	0	1	0	0	0	0
amh_train_track1_2218	ይኼ ሰውዬ ገና ሳየው ነው ከሶ ይልቅ እሱላይ ትልቅ ችግር ያየሁት ጤነኛም አይመስለኝም እሱም የራሱ ችግር ሊኖርበት ይችላል የተረጋጋ አይደለም ጋዜጠኛዋን ግን ሳላደንቅ አላልፍም የማንም ወገን አይደለሁም ጋዜጠኛ ነኝ አለች ትክክል	0	1	0	0	1	0
amh_train_track1_2219	እኛ ሃላፊነታችንን አልተወጣንም ሁሉም በሌላ አካላት ላይ ጣቱን ሲቀስር እና ሀሳብ ሲሰጥ ነው እንጅ የሚታየው ምእመኑም በሚገጥመው አጋጣሚ በሚያየው ስህተት አይቶ ከማለፍ ውጭ ባዩት ነገር ላይ አስተያየትም ይሁን ምክር ሰጥተን አናልፍም እንኳን ከበድ ያለ ሴራ ገጥሞን ማለቴ ነው እና ሁላችንም በያለንበት መትጋት ግደታችን ነው	1	0	0	0	0	0
amh_train_track1_2220	እነዛ አስከሬናቸው እራቁተታቸውን በሲኖ ትራክ ተጎትቶ እንዲጨፈለቁና እንዲገደሉ የተደረጉ የሰሜን እዝ ወታደሮች ደም ፣ጭና ላይ የተደፈሩ ሴቶችና እናቶች ግፍና እንባ ሳይደርቅ ክህደት ቦኩሉ ለጊዜ።	1	0	0	1	0	0
amh_train_track1_2221	ምኑን ነው ያበለፀጉት ሰው በመጨፍጨፍ እና ታይቶ የማይታወቅ የኑሮውድነት መዳረግ እሄ ለናተ ብልፅግና ነው 	1	1	0	0	0	0
amh_train_track1_2222	እኛንም ወላዲተ አምላክ ለደጇ ታብቃን እሙዬ ባለ መዕተቧ💚🙏	0	0	0	0	1	0
amh_train_track1_2223	ንጉሰ ሆይ በሰላም እንደወጣህ በሰላም ተመለሰልን ይህቺ ሐገርና ልጆቿ እውቀት ፍቅር ብርሀን የሚናፍቃቸው ካላንተ ይጨልማሉ አዚህ አሳተ ጎመራ ወንበር ላይ ያሰቀመጠህ የሰማዩ አባትህ ከ	1	0	0	0	0	0
amh_train_track1_2224	ሴቶች ግን ክ እያላችሁ የምታውሩት ነገር ቢቀርስ አሁን ይች በጣም ነው የሚያስጣላው ክ	0	1	0	0	0	0
amh_train_track1_2225	ከኢትዮጵያ ህዝብ የሠረቃችሁትን በሀገሬ ውስጥያሉትን ፎቆች ባንክ ውሥጥ በሚስቶቻሁ ያሥቀመጣችሁትን ገንዘብ በየውጭ ሀገር ቤት በመግዛት ዶላር ያስቀመጣችሁትን በቅርብ ቀን ወደ ደሀው ህዝብ ተመልሦ ሥራ ለህዝቡ ይከፈታል ከረሀብ ይገላገላል ደሀው ሕዝብ ዝናብ ከሚያፈሥበት ቤት አይሉት ደጅ አይሉት በስቃይ የሚኖሩት ሥምንት ዘጠኝ ልጆች በስቃያ ለምታሣድጉት ማሣ በልት እራት የማይደግመውን ደሀ ሕዝብ እግዚአብሐር እንባችሁን ቆጥሮላቸሁ ዶክተር አብይን	1	0	0	1	0	0
amh_train_track1_2226	ድንዙዛን ለመንቃት ሞክሩ ሰው ከልምዱ ካልተማረ ምን ዋጋ አለው ምንድን ነው አላማው በጣም አስፈሪ ነው	0	0	1	0	0	0
amh_train_track1_2227	የአማራ ጭፍጨፋ ባለፉት 5 ዓመታት በሁሉም የኦሮምያ አካባቢወች በዋናነት በወለጋ፣ሀረርጌ፣አርሲና ጅማ በአማራ ህዝብ ላይ ለተፈፀሙ ዘግናኝ የጅምላ ጭፍጨፋዎች ተጠያቂው መንግስትና መከ	1	0	0	1	0	0
amh_train_track1_2228	የራሱን የግል ጥላቻ የሚያቀረሽ ቅልብ ሰውየ ስቅላት ሁሉ ነው የሚያስፈልገው  እሱ እንደ አንድ የፓርላማ አባል በአማራ ህዝብ ላይ የዘር ማጥፋት አዋጅ አፅዳቂ ነውና በየዕለቱ ለሚፈፀመው ዘግናኝ የድሮን ጭፍጨፋ ተጠያቂ ነው 	1	1	0	0	0	0
amh_train_track1_2229	27 አመት ሲዘርፍ የነበር የእጅ አመልእኮ አይተውም አይ ግዜ ሌባው አራሱን እያጋለጠ ነው ገና Opdo ውሸት ም እንዲህ ፀሀይ ላይ ይሰጣል 27 አመት ያማራን ስ	1	1	0	0	0	0
amh_train_track1_2230	ዱሮም ሁናቴህ ደስ አይል ነበር ፕራንክ እንዳለ የብድ ስራ 😁ጭራሽ እለየላቸዉ ዉስጥ ገባክ ጎበዝ ነገ ትንቢት ልታወራብን ነዋ መተህ😂😁ፈተናችን	0	1	0	0	0	0
amh_train_track1_2231	ዜግኀታቸው እኮ አሜሪካዊ እንጂ ኢትዮጽያዊ አይደለም በለይ ያ ዲያቆን ምናምን የሚባለውማ ቢሆንለት የንጉሱ ስርአት ቢመለስ ወይ በቀሳውስቶች የምተመራ ኢትዮጵያ ማየት ነበር ህልሙ ግን አይሳካም	1	1	0	0	0	0
amh_train_track1_2232	ቀይ ባሕርን ያወኩት ሁቲዎች ከባሕር በታች የተዘረጋ የኢንተርኔት መስመርን እንዳይቆርጡ ተሰግቷል	0	0	1	0	0	0
amh_train_track1_2233	ደመኞች አመጸኞች ከወያኔ የማትማሩ ይሄን ህዝብ ለማስፈጀት ሽብር ትነዛላችሁ የሚመጣ የሚቀየር ላይኖር ይሄን ህዝብ አታስፈጁት!	1	0	0	0	0	0
amh_train_track1_2234	ድል ለተበዳዮች ሞት ለወራሪዎች።	1	1	0	0	0	0
amh_train_track1_2235	ስማ ይቺ ልጅ ወረኛ ናት እድሜዋም 13 አልነበረም አጭበርባሪ ናት ያን ያህል የተፈተነች ሴት ሰከን ብላ የተሰጣትን እድል ተጠቅማ የራሷ ሂወትና የልጇ ሂወት ማስተካከል ትችል ነበር ነገር ግን ሳትፈላ የሞቀች ናት	1	1	0	0	0	0
amh_train_track1_2236	የቱ ዲሞክራሲ 1600 ንፁሀንን መግደል ሂትለር ትክክል ነው	1	0	0	0	0	0
amh_train_track1_2237	ለመጀመሪያ ጊዜ አውራ ዶሮ አይቶ የታወረ ሰው በአለም ላይ ያለው ትልቅና ውብ ነገር ሁሉ አውራ ዶሮ ይመስለዋል፡፡ ሌላ አይታችሁ አታውቁም እንዳታዩም ታውራችኋል ስለ	0	1	0	0	0	0
amh_train_track1_2238	ግን የቤት ክራይ የምከፍለው አጣው ብላ ነበር ከዛ ደሞ ስምንት ሺ ይዤነው የወጣውት አለች አንዳንድ የምታወራው ነገር ይቃረናል ይቅርታ ግን ብቻ ፈጣሪ ይወቀው እውነቱን እግዚኦ ነው የምንሰማው ሁሉ ይዘገንናል ወዴት እየሔድን ነው ግን አረረረ ኡኡኡ	0	0	0	1	0	0
amh_train_track1_2239	እናንተ የሰው አጀንዳ ማራመድ እንጂ ሌላ ለህዝብ የሚጠቅም አትሰሩም ሰለዚ ጉራ ብቻ	1	1	0	0	0	0
amh_train_track1_2240	መጨረሻም ይበቀላታል ግን ብቻዋን ትቀራለች የበቀል መጨረሻው ጉልሩ ብቸኛ ትሆናለች	1	0	0	0	0	0
amh_train_track1_2241	የአንቶኒ ብሊንከን ጉብኝት የፈጠራቸው ጭላንጭል ተስፋዎች	0	0	0	0	0	0
amh_train_track1_2242	የግርግር ወቅት የሚጠቅመው ለቂመኛ ፓሊሶች ነው። በሰላማዊ ጊዜ የከሰስከው ፓሊስ የፀጥታ ስጋት አለ በተባለ ቁጥር ሁሌም በመንደር ስውሮች ሊያስነክስ ያዘምትብሃል። አንድን ፓሊሶ ከ4	1	1	0	0	0	0
amh_train_track1_2243	በኢየሱስ ሰም ምትነግድ የወንጌል ጠላት ነህ የፍርድ ቀን በቅርብ ነው brother ያኔ በስምህ አጋንንንትን አላወጣሁም አልፈወስኩም አይሰራም የእውነት የሆነው ጌታችን ኢየሱስ የፍርድ አምላክ ስለሆነ አላውቅህም ነው ሚልህ Be ready for judgment day!!!	1	1	0	0	0	0
amh_train_track1_2244	የጥበብ መጀመሪያ እግዚአብሔርን መፍራት ነው ፤ ምሳሌ 17	0	0	0	0	0	0
amh_train_track1_2245	ይህ የምዕራባውያን ልገሳ ውጠቱ አደገኛ ነው ሩስያ በእነዝህ መሳሪያዎች ከተጠቃች ብቀላዋ ኒውክልር ቦምብ በተለያዩ የዩክሬይን ከተሞች ላይ ማዝነቧ አይቀርም በዝህም አጋሮቻ ጣልቃ ብገቡ	0	0	1	0	0	0
amh_train_track1_2246	እግዚአብሔር ደግ ነህ መልካም ነህ ሩህሩህ ነህ ፍቅር ነህ መሃሪ ነህ ሀጢያትን እንጂ ሀጢያተኛውን አትጠላም እንደ እኛ በደል ሳይሆን እንደ እንተ የምህረትና የፍቅር ብዛት ራራልን ይቅር በለን በቃ በለን ?	0	0	0	1	0	0
amh_train_track1_2247	አብይ አህመድ የህዝብ እንባ አይጠቅምህም ህገ መንግስት ይከበር ፍትህ ለሁሉም	1	0	0	1	0	0
amh_train_track1_2248	ምንም አይሻም፣ ምንም አይፈልግም፣ መኖርም መሞትም የሰከንዶች ቅጽበት እንደሆነች ለሚያም ምን ልተሰጡት ትሻላልችሁ? ወደ ሞቱን እራሱን አሳልፎ በፈቃዱ መስጠት ለሚሻ ሰው ምንም አትሰጡትም ምንምም አትነሱትም፤ ምንም የመንጋ የድንቁርና ህሳቤም ፭	1	1	0	0	0	0
amh_train_track1_2249	እናንተ ተቃጠሉ የኢየሱስ ስም ሲጠራ። ሶፍንያስ ምን ያቃጥለዋል? ሲጀመር ሰይጣን የሚፈራውና የሚቃጠለው የኢየሱስ ስም ሲጠራ እንጂ የማርያም ስም ሲጠራ አይደለም አልተፃፈም አትሳሳሳቱ።	1	1	0	0	0	0
amh_train_track1_2250	ሰላማዊት ካሳ የኮሚኒኬሽን ሚኒስትር ደኤታ ነች ወይስ የአደጋ ስጋት መከላከል ወይስ የውሃና መስኖ የሚና መደበላለቅ ይልሃል ይሄ ነው	1	0	0	0	0	0
amh_train_track1_2251	ህጉ የሚፀናው ኤርትራውያን ስለሆኑ ብቻ ነው ኢትዮጵያውያኖች ከዚህ የበለጠ አሰቃቂና ዘግናኝ ወንጀሎች እየፈፁሙ አይደል እንዴ  ከዝርፊያ ባሻገር ዝርፊያው ከግድያ ጋር አደል እንዴ ድርጊቱ እየተባባሰ አይደል  የኢትዮጵያና ኤርትራውያኖች ፍርድ የተለያየ የሆነበት ምክንያት ምንድነው ኧረ እግዚኦ መሀረነ ክርስቶስ ግፍና በደል በዛ እስቲ ሁሉም አስቦበት ሞቱ ቀርቶ በእድሜ ልክ ተቀይሮ ወንጀለኞቹ የመፀፀቻና ንስሀ መግቢያ ዘመን አግኝተው የመተንፈሻ 	1	1	0	0	0	0
amh_train_track1_2252	በጣም ደስ ይላል መራክል እንኳን ደስ አለሽ ኢትዮጵያ በጣም ደስ ይላል።	0	0	0	0	1	0
amh_train_track1_2253	በዉጭ አገሮች ሁሉ የራሳችን ባለሙያዎች አሉሉእኮ ኢትዮጵያዊ የራሳችንን ያለማክበር አባዜ ስለአለ ነው እንጂ ገንዘቡም እንደ ግድቡ ለህዝቡ አክስዮን በመሸጥ በራሳችን ሙያተኞች ብናወጣ ይሻላል በጣም ብዙ ሸር እና ሸፈጥ አለበት የጋዝ ክምችት ለማዉጣት አደገኛ ሴራ አለው በየሀገሩ ያሉትን የፔትሮሊየም ባለሙያዎች በሚያማልል ደመወዝ መጥተው እንዲሰሩ ማድረግ ነው በቃ ይቻላል	1	0	0	0	0	0
amh_train_track1_2254	ጫት መቃም ምንችግር ኣሎው ዋናው ጀግንነት ነው	0	0	0	0	0	0
amh_train_track1_2255	አሁን ጭፈራ ቤት ሆኖ ቢፖስት ደስ ይላቹ ነበር አይደል	0	0	0	0	0	0
amh_train_track1_2256	አንተ ቅማላም ትግሬ አንተ ተቀበልክ አልተቀበልክ ኤርትራውያን ደንታ ይሰጠዋል እንዴ የሆንክ እበት አላህ ወ አክበር	1	1	0	0	0	0
amh_train_track1_2257	አሁን ለአለንቡት ለደረስንበት ቀውስ በብዙም ይሁን በጥቂቱ የጁዋር የጁዋር አስተዋፅዖ አለበት  ነገር ግን የትላንቱ ጁዋር ዛሬ አለው ወይ ትላንት የቆሙበት ስፍራ ነው ወይ ዛሬ ያለው  ወደፊት ነው የምናየው ሰላም ለሀገሬ	1	0	0	0	0	0
amh_train_track1_2258	የትኞቹ አገራት የሞት ቅጣትን ተግባራዊ ያደርጋሉ? ምን ያህል ሰዎችስ ተገደሉ?	0	0	0	0	0	0
amh_train_track1_2259	የታየ ነወኮ እየደገሙት ነዉ ሌላ አጣችሁዴ	1	0	0	0	0	0
amh_train_track1_2260	Arts tv ሲል ኣርእስቱ እንደስሙ ጥሩ ኣጀንዳ የሚይዝ መስሎኝ ነበር ገና እርእስቱን ሳየው ናቅኩት ሰይጣን የታሰረበት ዋሻ ብሎ ኣርእስት ሲሰጠው ውስሩ ብሰማው ምናልባት ቃለመተይቅ ለሰይጣን ኣደረግኩኝ ሊለን ይሆናል ብየ ናቅኩት የማይጨበጥ የሌለሸይጣን በኣካል ሰይጣንን ኣግኝተው ኣስረው ወዘተ ታሪክ ኣርእስት ሰጠን ያሳዝናል ምን ትምህርት ሊሰጠን ነው እየሞከረ ያለው ነው ወይሰ ሰይጣን በምድር ታይቶ እና ታስሮ ነበር ሊለን ነው	0	1	0	0	0	0
amh_train_track1_2261	ዘረኛ ደደብ ዘጋቢ ነህ ቆሻሻ	1	1	0	0	0	0
amh_train_track1_2262	ከረሀብ ጦርነት ይሻላን ይላል አማራ ሲተርት ስለዚህ ይሄን አራት ኪሎ ያለውን የአህያ መንጋ ተዋግቶ ማዳጋስካር ማስገባት ብቻ ነው !!!	0	1	0	0	0	0
amh_train_track1_2263	ለምን እዛ ያለዉን ህዝብ በደንብ አትይዙትም በተለይ ወረዳ የሚባል ነቀርሳን አደብ የማታሲዙት ስምና ፊርማ በሌለዉ ደብዳቤ ቤት አሽጐ ለሌላ ተላልፎ ካርታ የሚወጣበት ቆይ ግን በአጠቃላይ ምን ደስ የሚል ነገር አለና ነዉ ልጆቻችን ይዘን የምንመጣዉ በበኩሌ ለሀዘን ካልሆነ በስተቀር ዝር አልልም	1	0	0	1	0	0
amh_train_track1_2264	ጋሽ አብይ አህመድ ይህን ወደብ የሚባለዉን አሻንጉሊት የመጠዉ ጥሩ ነገር ሠርቷል ጀግና ለማባልና በሀገሪቷ ዉስጥ እየስፈፃመ የላዉን ጭፍጫፋና ዘራፋ ትኩራት የመስቀያሪያ አጀንደ እየሠራ ነዉ እንጅ እዉነተኛ ወደብ ፈለጊ ሆኖ አይደለም ወደቡ አንጋብጋቢም አይደለም	1	1	0	0	0	0
amh_train_track1_2265	በጣም ጭቅላት ያለህ ይመስለኝ ነበር አንተንና አዳነች አቤቤቤ ፀረ ኦርቶዶክስ ስራችሁን አቁሙ	0	1	0	0	0	0
amh_train_track1_2266	ወዮላችሁ ባለስልጣናት በምመኑላይ የምታደርሱት ግፍ ዉነት 😭አይፈርድም	1	0	0	1	0	0
amh_train_track1_2267	አረ አበዛሃው የብልግና (ይቅርታ ብልጥግና) ፍሬ! የብልጥግና ባቡር ያገኘውን ሁሉ አግበስብሶ ጭኖ አሁን ማራገፍ ጭንቅ ሆኖበታል። ጠቅላዩን ጠብሳችሁ ልትገድሉት ነወ።	1	0	0	0	0	0
amh_train_track1_2268	ልክ ነህ እንደነዚህ አይነት ደደቦች ናቸው የትግራይንም ወጣት ያስጨረሱት።አሁን እነሞጣ የት ነው ያሉት?ምንስ ያውቃል? እንደነዚህ አይነቶች በነዋይ ፍቅር የወደቁ	1	1	0	0	0	0
amh_train_track1_2269	ግን አይደብርህም እቶ ፈንቶ ትተህ እንደ መሪ ምን አለ ኮስተር ብለህ አገር ብትመራ የዚህ ሁሉ ስቃይ ምክንያት አንተና ተከታዮችህ ናቸው።	1	1	0	0	0	0
amh_train_track1_2270	ነገሩ ተባብሳል ማምሻዉን የወጣ መግለጫ ፣ የፕጌታቸዉ ረዳ መልካም ጅማሮ ፣ ወጠጤዋ የአማራ ፅንፈኛ መስከረም አበ via 	0	1	0	0	0	0
amh_train_track1_2271	አስላሙአለይኩም ወራህመቱላሂ ወበርካቱሁ ኡመር አጠቃላይ የፊኒሽንግ ስራ ግርፕ ጆይን ይበሉ ከታች በትቀመጥው ቁጥር የሚፍልጉትን ይዘዙ 🇪🇹🇪🇹🇪🇹🇪🇹🇪🇹🇪🇹🇪🇹🇪🇹🇪🇹 🏯ኢትዮጵያ ውስጥ በሁሉም ባታውች ይዘዙን አስተማማማኝ እና ጥራቱን በጠበቀ መልኩ የሚፍልጉትን አይነት ስራ እሰራለን☣ ⚛ ኳርትዝ ሥራ ⚛ ቀለም ሥራ ⚛ ቻክ ⚛ ፍሬም ⚛ ቦርድ ♻ሌሌሌችም ያልተዘርዘሩትን ጪምር ዕርሰወ በሚፍልጉት መልኩ የሚፍልጉትን አይ	0	0	0	0	0	0
amh_train_track1_2272	አንተ ፋራ ፅንፈኛ አትሁንእስራኤል ብትነድ ሰዉ ምንም የማያዉቅ ህፃናት ነዉ የሚቃጠለሁበዚሂ ደስ ካለህ ጂኒ ነዉ ፈጣሪ አይዐደዉምቀደም ሲል ፓሊስቲያን ሲኀድ ንፁሀን ነዉ የተቃጠለዉ ያሳዝናል የእስራኤል አረመኔነትን ያሳያልጦርነት እንዳይሰፋ ዱአ ማድረግ ፈጣሪ ይብቃ እንዲል	1	1	0	1	0	0
amh_train_track1_2273	ቀሽም ናችሁ እንደዝህ አይነት ፕራንክ ያስጣላል	1	1	0	0	0	0
amh_train_track1_2274	እናተ እራሳችሁ በዚህ ድፉረት የሚናገር ባለጌ ሰውን የምጋብዙት ብዙ እይታ እድታገኙ እንጅ ሌላ ነገር አሳስቧችሁ አደለም ስንት ታሪክ የሰራ ሰው እያለ ከራሱም ከፈጣሪውም የተጣላ ቀውስ ሰው ብላችሁ ታቀርባላችሁ😡😡😡	1	1	0	0	0	0
amh_train_track1_2275	በውሸት የጋታችኋቸውየዘር አተላ ምንም የማያውቁ ህፃናት ባልገባቸዉ ትክክክል ባልሆነ ጦርነት አስበላችኋቸው በእውነት ልብ ይሰብራል እግዚአብሔር ለቤተሰብ ሁሉ መፅናናናትን ይስጥ በእርግጥ በትዕቢት እና በራስ ወዳድነት ላስበሏቸው ለመሪዎች እግዚአብሔር ምህረት ያድርግላቸው አሁንም ለንግግግራችሁም ልጓም ለክፉ ስራችሁ ምህረት ያርግልችሁ የእነሱልጆች ምናቸው ተነካ	1	0	0	1	0	0
amh_train_track1_2276	ይመልሱ! ይሸለሙ! ዛሬ ሚያዝያ 212015 ዓም ከቀኑ 6፡00 ሽልማት የሚያስገኝ ጥያቄ በባንካችን የቴሌግራም ገጽ ብቻ ይጠብቁ፡፡ የፀሐይ ባንክ የቴሌግራም ገጽ	0	0	0	0	0	0
amh_train_track1_2277	አቤት ውሸት ስታስጠሉ እስራኤል የምትባት ሀገር እንልነበረች እናንተም ተውቃላቹ ጨፍጫፊ ጨቛኝም ወራሪም አሸባሪም 1948 በኋላ የተፈጠረችዋ ሀገር ናት	0	1	0	0	0	0
amh_train_track1_2278	ከአንበሳጋ ደረሱ አንበሳ ለምን መጣችሁ ብሎ ጠየቃቸው አህያ አንስቶ እሳር ሰማያይነት ነው እያልኩት እሱ አረንጔዴ ነው ብሎ ተከራከረኝ ብሎ ተናገረ አንበሳው አህያው ባለው ብቻ ከነብርላይ ውሳኔ ሰጠ ውሳኔውም ለነብር ስወስት ስምንት ከቤት እዳትወጣ የሚል ነው ታድያ ነብር ለአንበሳ እዴ እሳር አረንጔዴ መሆኑን እያወክ እዴት እኔን ጥጥጥፋተኛ አድርገህ ትወነጅለኛለህ አለው አንበሳም ለነብሩ እደዚህ አለው አንደኛ ከማይረባ ሰው ጋር በመከራከርህ ሁ	0	0	0	0	0	0
amh_train_track1_2279	ኦነግ ሸኔ አማራን የሚያርደው ሽመልስ አብዲሳና እና ከንቲባዋ ቤት የሚያፈርሱትና ህዝብ የሚያፈናቅሉት ፅንፈኛ ሆነው ኦሮሚያን ከሌላ ዘር ለማፅዳት ሳይሆን ለህዝቡ ካላቸው ፍቅር የተነሳ	0	1	0	0	0	0
amh_train_track1_2280	ትችላለሕ በቃ ይችላል አለማድነቅ ከቅናት ወይም ካለመቻል ይመሥለኛል ግን ይቅርታ እሺ ድንገት ተቃራኒ ካላቹ።	0	0	0	0	1	0
amh_train_track1_2281	አንች አይሁድ አንችንም እዛው እህንፃው ውሥጥ ያድቁቅሽ አንች አውሬ ተበዳዮችን ሳታይ አሸባሪ አሸበሪ ናቹህ ለሠው እማታዝኑ አረመኔ	1	1	0	0	0	0
amh_train_track1_2282	አይ ሲማይ የኔ እረ ተይክክሚስኪን ጉዚ ሰራሽለት	0	0	0	0	0	0
amh_train_track1_2283	ትንሳዬ ለካ በጣም ጎበዝ ነህ ተባረክ	0	0	0	0	1	0
amh_train_track1_2284	አማርኛ ሀገር በቀል ቌንቌ አይደለም የኔ ነው የሚለዉ ካለ ይዞ ነው የመጣው ማለት ነው ?	0	0	0	0	0	0
amh_train_track1_2285	የማንነት ፖለቲካ ያመጣው የተከለዉ ወያኔ ነዉ አማራጩ ከዘረኝነት የፃዳ ሁሉም ኢትዮጵያዊ አንድ ሁኖ አገሩን የሚያሳድግበት እና ህገ መንግስቱ ካልተሻሻለ ገና የማንወጣው መከራ ይገጥመናል	0	0	1	0	0	0
amh_train_track1_2286	እስራኤል መሸነፏን አለም መስክሯል ለመሸነፏ ሌላዉ ቢቀር የህፃናቶች ሞት ይበቃሉ አለማችን እንደእስራኤል አይነት ፈሪ ወራዳ ጨካኝ አላየችም የራሷን ንፁሐን ህዝብ የጨፈጨፈች ሚስጥር እየወጣ ነዉ አለም እያየ ነዉ	1	1	0	0	0	0
amh_train_track1_2287	በሁለቱ ታዋቂ የኦሮምኛ ዘፋኞች መካከል የተፈጠረው ምንድን ነው?	0	0	0	0	0	0
amh_train_track1_2288	ወንድማችን አስፋው መሸሻ ሞት በጣም አዛንኩኝነፍስ በአጸደገነት ያኑርልን መልካም አስፋችን በጣም ስበዛው መልካም ደግ ጋዜጠኛችን ትልቅ ሰው አጠን	0	0	0	1	0	0
amh_train_track1_2289	ፅየን ስታገኛት ቪዲዬ ስራልን !አሳዘንከኝ የፅየን ቁጣ ማን ሊችለው	0	0	0	1	0	0
amh_train_track1_2290	በህይወት ዘመናቹህ መቼም የማታፍሩበት አንድ ሃቅ ልንገራቹህ በኦሮሞ ነፃነት ግንባር ተፈፀመ የተባለው ኢሰብኣዊና አሳዛኝ ድርጊት የተፈፅመው በፋኖ (በአማራ ሸኔ ነው) (100 እርግጠኛ ሁኑ)	0	1	0	0	0	0
amh_train_track1_2291	ከአክአብ ርቱዕ ሕግን እና ፍትሕን የሚጠብቅ ምን ዐይነት አባት ይኾን ዐምስት ዓመት ሙሉ አንድ ዐይነት መግለጫ ገዳዩን ጠብኝ የሚል መግለጫ ነገር ያለቀው እኮ አስኬማውን ውርደት ስታከናንቡት ነው በቀኖና እና በሕገ ቤተክርስቲያን ሳይኾን በድርድር እና በዲፕሎማሲ ጵጵስና ሲሾም ነው ገዳዮይን ጳጳስ አድርጋችሁ እንዴት ሰላም ይመጣል አንድ ክርስቲያን ከሰይጣን መከራ እንዲድን ለሰይጣን እንዴት አደራ ይሰጣል ዐምስት ዓመታት ሙለ የአክአብን መንግሥት	1	0	0	0	0	0
amh_train_track1_2292	ድንቅ ንግግሮች የዳርት ውድድር አይደለም ድንገት ብልጭ ብሎብህ ታርጌትህን የምትመታውበደንብ እንድትረዳኝ ሰው ፊት ላይ ስታቀርሽ ውለህ ድንገት ዞር ብለ	1	1	0	0	0	0
amh_train_track1_2293	ምነው አህመድ ቴሌግራም ላይ ያለውን ባትለቀው እኛ እደነሱ ጨካኝ ልብ የለን እደት እደደነገጥኩኝ	0	0	1	1	0	0
amh_train_track1_2294	መገላበጥ ስትችል የሚገርም ነው። ያንተ ሆድ የተለየ ነው። ሆድ አደር!	0	1	0	0	0	0
amh_train_track1_2295	የጂሀንን ድምፅ ለምን ቀዬራችሁት ኤጭ ደሞ ነርሷ ጂሀንን ልታፈቅረው ነው መሠለኝ ደስ አላለችኝም ቆላት	0	1	0	0	0	0
amh_train_track1_2296	ሰውዬው የነካው መልካም ሆኖ አያውቅም ዘርዝረን የማንጨርሳቸው ምሳሌዎች አሉ	0	1	0	0	0	0
amh_train_track1_2297	ይሄ መከዳትሽ ልብሽን በውሸት እንደሰበረው አንቺም የሚያም ፔን ያለው ፕራንክ እሺ ቆንጆ ሲኦል አድርሶ የሚመልስ ቀምሪለት ደሞ በጣም ታምራላቹ❤❤❤	0	0	0	0	1	0
amh_train_track1_2298	ተስፋየ እበት ነው ሲኦል ውስጥ ክፉ ነገር ሁሉ ይግጠመው	0	1	0	0	0	0
amh_train_track1_2299	እኔ የምለው ግን ተለያይተው ማደጉ እውነቷን ልጅቷ ግን እስከመቼ ነው ግነ ሰው እየተለመነ ውጭ እወስዳቸዋለሁ ያለችው ግን ብትወስዳቸው በተለይ ለህፃኑ ህክምና ቢያገኝ ቢሄድ ጥሩ ነበር	0	0	0	1	0	0
amh_train_track1_2300	ያንቺ እና የመሰለቹሽ የዘቀጠ ዃላ ቀር የፅንፈኛ አስተሳሰብ ቃል አቀባይ ነበረ ምኑ ነዉ እዉነቱ ባክሽ	0	1	0	0	0	0
amh_train_track1_2301	ወራዳ መንግስት የሞተ ቦለቲካ ህፃናቱን አትማግድ በቃህ አብቅቶልሀል ውሸት አቁም በ ነቢይት ብርትኳን የሀሰት ትንቢት እራስህን አታሞኝ እጅ ስጥ	1	1	0	0	0	0
amh_train_track1_2302	ሩዋንዳ እያሉ ሲያስፈራሩህ የነሱን ፍርሀት እያጋቡብህ ነው። በተናጠል ከምታልቅ ይለይለት። ብዙ ነህ ስታስታምማቸው አትኖርም። ሩዋንዳ ከመጣ ለነሱም	1	0	0	0	0	0
amh_train_track1_2303	አንተ ደንቆሮ ምን ልብ፥ ታሪክና ሃይማኖት አልህና ታለቅሳለህ። የንዲውት ልቅሶ ነው። ያገኛችሁት ነጻነት በ TIGRAY ህዝብ መስዋእት ነው። ጌታችሁ መለስ ዜናዊ ኦሮ	1	1	0	0	0	0
amh_train_track1_2304	ሁሉም ማዘጋጀት አለበት ኦርቶዶክስ ነኝ የለሁሉ።	0	0	0	0	0	0
amh_train_track1_2305	ደረጀ አንተ ትለይብኛለህ በግሌ ከልቤ እወድሀለው አደቅሀለው እዳለመታደል ሆኖ ይህቺ ሃገር ልጆችዋን እየበላች የወላድ መካን እየሆነች ልጆችዋ ሲበላሉ ማየት ያሳዝናል የጀዋር መስከን ትልቅ ለውጥ ነው ግን ግን ድመት መንኩሳ 	0	0	0	0	1	0
amh_train_track1_2306	አቤት  ይደንቃል ሰዉ በራሱ አንዳች ነገር ማድረግ እንደማይችል የተገነዘብኩበት ዉይይት  በቃ ኢትዮጵያ ሐገሬ ሐገረ እግዚአብሔር መሆኗን አረጋገጥኩ  በዚህም ደስ አለኝ 	0	0	0	0	1	0
amh_train_track1_2307	ትዝታ ዘወትር ወደ ሜሪ መጥቷል። የሚገርም ቦታ!	0	0	0	0	0	1
amh_train_track1_2308	የኃጢአተኛ ፉከራ አጭር መሆኑን የዝንጉዎችም ደስታ ቅጽበት መሆኑን አታውቁምን? ኢዮ 20፥5	0	0	0	0	0	0
amh_train_track1_2309	አባቴ ጁንታው ልጆቹን ውጪ ልኮ አስተምሮ ሲያስመርቅ ያላደለው ኢትዮጵያዊ ተገዶ ዘምቶ አካሉን አጥቱዋል የሚገርም እኮ ነው እንዲ ነው 27ቱን አመት ሙሉ የኖርንበት ዘይቤአቸው ሲያስጠሉ	0	1	0	0	0	0
amh_train_track1_2310	አይ ዘንድሮ ዝሙት እየሰሩም ሰው ቢደርስበቻ ፕራንክ ነው ማለት ይጀምራል ክክክ	0	1	0	1	0	0
amh_train_track1_2311	የንጽሐን ሞት ያሳዝናል ድል ለፋኖ 😂😁	0	0	0	1	0	0
amh_train_track1_2312	ለአማራ እልቂት አጠናክሮ ለመቀጠል ለጁሀር ስራ ማስኪያጅያ ስንት እስመደበለት	1	1	0	0	0	0
amh_train_track1_2313	ኢትዮጵያ ምድራዊ ሲኦል ሆናለችኢትዮጵያ ጦርነት ችጋርመከራ ጠኔ ክፋት ሁሉ መለያዋ ሆኗል	0	0	0	1	0	0
amh_train_track1_2314	የቻይና ኮሚኒስት ፓርቲን እያንቀጠቀጠ ያለው የዢ ጂንፒንግ የፀረ ሙስና ዘመቻ	0	0	0	0	0	0
amh_train_track1_2315	የፈራሁት ጠሚው ብርሃኑን ከቦታቸው ድንገት እንዳያነሷቸው ብቻ ነው	0	0	1	0	0	0
amh_train_track1_2316	ለውጥ በሁሉም መስክ ተጠናክሮ ቀጥሎል ደስ ይላል በርቱልን	0	0	0	0	1	0
amh_train_track1_2317	ዘነበ ወላ ትክክል ነው ሄኔሪ ኪሲንጀር በጣም አደገኛ የውጭ ጉዳይ ሚኒስቴር ነበር የአሜሪካ	0	0	0	0	0	0
amh_train_track1_2318	አንድ የመንግስት ባለስልጣን (ያውም እንደ ታከለ ያለ ሙሰኛ፣ ሴሰኛ፣ ዝሙተኛ) አይደለም ስድብ ሌላም ቢደርስበት የሚጠብቅ እንጂ የሚገርም አይደለም።	0	1	0	0	0	0
amh_train_track1_2319	ግማሹን አውቄ፣ ግማሹን ባላውቅም፣ እንደው በደፈናው፣ ማርና ወተት ነው። ገጠመአልገጠመ፣ እኔ ምናገባኝ፣ የተባለው ነገር፣ ፍቅር ከጫረብኝ።	0	0	0	0	0	0
amh_train_track1_2320	የሰው ልጅ መከራ የማያልቅ ነው ሆኖም እነዚያ መከራዎች ለሰው ልጆች ጥሩ ትምህርት እና ጥሩ ነገር አምጥተዋል እንዲሁም ሰዎች የሰውን አካል እንደ እንስሳ የበሉት ተመሳሳይ ሌሎች ክስተቶች ነበሩ እግዚአብሔር ከአደጋ ይጠብቀን	0	0	0	1	0	0
amh_train_track1_2321	የናንተ ሸው በጣም ደስ ይላል ነገርግን አማራውን የምያፈዝ ነው ምክንያትም እናንትን የሚከታተል 100 አማራ ነው ብዙ መፃፍ ስላልፈለኩ ኢዚሁ ይብቃኝ	0	1	0	0	0	0
amh_train_track1_2322	ነበረበት። ድንገት እክልል ገብቶ ልዩ ኃይልን መክበብ ምን አመጣው? ደግሞስ ከአማራ ክልል ለምን ይጀመራል። ማለቴ ህወሃት ወልቃይትን አስመልሳለሁ እያለ እየፎከረ	1	0	0	0	0	0
amh_train_track1_2323	ወይኔ ስያስፈራ ደግሞ ለካ ጦርነት እንዲህ ነው ሚዋጉት የኛዎቹም  ጦርነት ሲወራ ና በተግባር ይለያያል በተግባር ስያስፈራኣምላኬ ሆይ ጦርነትን ኣጥፋልን	0	0	1	0	0	0
amh_train_track1_2324	ተቀበረ በቃ እዲ ነውዴ ታዋቂዎች ሢሞቱ ሚቀበሩት ወገኖቼ ሆይ አንድ ሠው ከሞተ በኋላ ዱኒያ ላይ እያለ ከአሏህ ጋር ያለው ግንኙነት ሢቀር ሁሉም ከንቱ ነው ምንም አይጠቅምም ከሞቱ በኋላ ህይወት አለ ዘላለም የማይቋረጥ መልካምም የሠራ ዱኒያ ላይ እያለ ጀነት ውሥጥ ይኖራል ሁሌ ምቾት ሁሌ ደሥታ ሁሌ ወጣትነት ልፋት የለ ሥራ የለ ሌላኛው ምንም አይነት መልካም ሥራ ጥግ የደረሠ ቢሠራ ዱኒያ ላይ እያለ በአሏህ ሣያምን ከሞተ በሳጥንም ተቀበረ እርቃ	0	0	0	0	0	0
amh_train_track1_2325	ዳኒየ እንኳን ደስ አለህ ዴጄ ይመችሽ ያራድየ ልጅ👍🥳🤯👍	0	0	0	0	1	0
amh_train_track1_2326	የአብርሃም፣የያዕቆብ፣የይስሐቅ አምላክ ማለትና አብርሃም ሆይ ያዕቆብ ሆይ ይስሐቅ ሆይ ማልድልኝ ማለት አንድ አይደለም።	0	0	0	0	0	0
amh_train_track1_2327	አማን ጥሩ ጋዜጠኛ ነህ ክብርም አለኝ ግን እንግዶችህ ብሔርተኞችና ጥላቻን ከበፊት እሰከ አሁን ድረስ እንደ መርዝ የሚረጩና ብሔርን ከብሔር ይበልጥ የሚያጋጩ እንጂ ሰላምን የሚፈጥር አይደሉም ስለዚህ ለሚድያውና ለእድማጭ ተመልካቾችህ ክብር የሚመጥን ጥሩ ፖለቲከኛ ማቅረብ ብትችል 	0	0	0	1	1	0
amh_train_track1_2328	በቃ ጨክናችሁ እራሳችሁን ከኢትዮጵያ ልትቆርጡ ነው። እንዴት አሪፍ ነው። ለአኤርትራም አለሆነም፣ ሕዝብን መለያየት አይቻልም፣ ጋሎቹም ከዚህ ይማሩ፣ በ	0	1	0	0	0	0
amh_train_track1_2329	በኢትዮጵያ እና በሶማሊያ ከባድ ዝናብ ያስከተለው ጎርፍ 30 ሺህ ቤተሰብ አፈናቀለ	0	0	0	1	0	0
amh_train_track1_2330	የትውልዳችን ዝቅጠት በእርኩሰት ፕራንክ	1	0	0	0	0	0
amh_train_track1_2331	Habtamu Dagne ልብ ብለህ ተመልከት የቀለሞቹ አቀማመጥ የተለያዩ ናቸው ፣ ልክ እንደ ጋና ባንዲራና የኢትዮጵያ ። የኦሮሚያ ክልልል ባንዲራ መሃል ላይ ነጭ ነው ። በጨዋ ደንብ ከመሳደብ ያልገባህን በመጠየቅህ ሳላደንቅ አላልፍም	0	0	0	0	1	0
amh_train_track1_2332	አዚዜ ግን አቃጠለችኝ ለልጅ እስከ ሞት ዋጋ ይከፈላል ግን አሁን ጀብዴትም ቤተሠቦንም አደጋ ላይ ጣለች	1	0	0	0	0	0
amh_train_track1_2333	ቡና የከፋ ሰዎች ያገኙት ስጦታ ነው ይታወቃል፡፡ ነገር ግን አቦል ቶና በረካ ከሚል ስም ጋር ባህል ያደረገው ማን ነው፡፡	0	0	0	0	0	0
amh_train_track1_2334	አሁንም ፋኖ እየፎከረ ነዉና በአሁኑ ሰአት አማራ ላይ በጀት ማፍሰስ ትርፉ ጥፋት ስለሆነ ሁነታው ሙሉ በሙሉ ሠላም ከልሆነ አደገኛ ነዉና ይህን በጀት ወደ ሠለማዊ አከባቢ አዙሮ መሰረቱ የተሻለ ይሆናል	0	1	0	0	0	0
amh_train_track1_2335	ያሰአት ጉደይ እንጅ ፍልጤምና ኢስራኤልን አንድ አድርጎ የምአስማማ ሰው ፈጣር ይልካል በያትኛውም አላም ያምገኙ ጫከኝ ከሀድያን ሰዎች በፈጠሩት ያጦር ማሰርያ ይጣፈፈሉ	1	0	0	1	0	0
amh_train_track1_2336	? ሀይ ክብርሽ ግራ ተጋብተን አለቅን እኮ። Seriously literally ወያኔ ከዚህ የከፋ ምን አደረገች (ከጦርነቱ በስተቀር)? እንዳውም	1	0	0	1	0	0
amh_train_track1_2337	ሸዋል ኢድ - ዩኔስኮ በዓለም ቅርስነት የመዘገበው የሐረሪዎች የአደባባይ በዓል	0	0	0	0	1	0
amh_train_track1_2338	ወይኔ ግን እንዴት ፎንቃ ገባልክ ቁርጥ ያባሰል ጋርድ እኮ ነዉ ምትመስለዉ ጾታዋ እራሱ ቼክ መደረግ አለበት	0	1	0	0	0	1
amh_train_track1_2339	እባካቹ ልብ አሩጉ አቢ አህመድ ተሳስተዋል ንግግግሩ ጦርነት ይቀሰቅሳል የኢትዮጵያ ህዝብ ሰለሚበዛ ያለ ወደብ መኖር አይችል ምማለት የጎረቤት ሉኡላዊአገር መዉረር ስለሆነ አያዋጣም በሰላም በርካሽ ዋጋ ልትጠቀሙ ትችላላላቹ በቀጣይ ደግሞ የኢኮነሚ እንተግረችን ሰለሚመጣ የበለጠ ሁላችን ተጠቃሚዎች እንሆናለን ስለዚህ ለቀጣይ ትውልድ ሰላምና መረጋጋጋት መመመኘት አለብን!!!	1	0	0	0	0	0
amh_train_track1_2340	Dani Bosss አሱ ይብላ ይበርክለት ወደኛ መንጋ እንዳይጠጋ l	0	1	0	0	0	0
amh_train_track1_2341	አማራ ሆይ በአብይ መቋጫ የሌለው የሴራ ድራማና እንደ ይሁዳ አሳልፈው በሚሰጡህ አመራሮች ሆዳምነት በየጊዜው ቁጭት ውስጥ መግባት ብቻ ሳይሆን ቁጭትን የሚቋጭ ትውልድ ለመሆን የዛሬ ፖለቲከኞች ከሚደሰኩሩልህ ዲስኩር ይልቅ የቀደምት አባቶችህን አፅም አዳምጥ። አማራ ባለፉት 5000 አመታት ገጥሞት የማያውቀው ፈተና ውስጥ ነው።መዳኛው አንድነቱና ክንዱ ብቻ ነው። የሆነው ሁሉ ገና ለሚሆነው መቅድም መሆኑን መገንዘብና ለሚሆነው መዘጋጀት የሁሉም አ	1	1	0	0	0	0
amh_train_track1_2342	የማላዊው ምክትል ፕሬዝዳንት በሙስና ምክንያት ለእስር ተዳረጉ	0	0	0	0	0	0
amh_train_track1_2343	Etv ዘረኛ ናቹሁ አሽቃባጭ ስንት አባቶቻችን መስዋት የሆኑበትን ባዲራ እያቃጠላቹሁ አሁን በዚህ አዲስ ባዲራ አገሯን ታባላላላቹሁ ለጊዜው ፈጩ ችግር የለም ግን ,?	1	1	0	0	0	0
amh_train_track1_2344	Adonay Shiferaw ዲያቢሎስ ጥቁር ነው ሲለው የሚያምን ደንቆሮ የተሰበሰበበበት ... 🤷🏽‍♂️	0	1	0	0	0	0
amh_train_track1_2345	የሆነ ነገር በሉኝ አለች አይጥ 🤣🤣🤣111	0	0	0	0	0	0
amh_train_track1_2346	የአማራ ክልል ፕሬዝደንት ጨምሮ ሌሎች የክልል ርዕሳነ መስተዳድሮች መቀሌ ከተማ ገቡ	0	0	0	0	0	0
amh_train_track1_2347	ንብረት ከወደመና የሰው ህይወት እንደ ቀጠል ከረገፈ ቡኃላ ከተማዋ ወደማረጋጋት እየገባች ነው ማለት ሞኝ ነት ነው  ሁልጌዜ ዝርፊያ ግድያ የማትሰለች ሀገር ማለት ኢትዮጵያ ናት  አላሁ ይስቱር	1	0	0	0	0	0
amh_train_track1_2348	ምዕራባውያን ሲጨንቃቸው እንደልማዳቸው ሩስያን ስም ማጥፋት በግፍ ወደ ዩክሬን መሳርያ ሲልኩ መሳርያው ቁጥጥር አልባ መሆኑ በመረዳት አንዳንድ ሚድያዎች እንዲህ አይነት ችግር እንዳይመጣ ፍርሀት ነበር አሁን እውን ሆኗል ተጠያቅነት መውሰድ ያለባቸው ምዕራቡ ክፍል እና አውሮፓውያን ናቸው	0	0	0	0	0	0
amh_train_track1_2349	ምን ማለት ማለት ያበዛል! ድንዙዝ። አሁን እንደናንተ አይነት ተንታኝ አይሏቹ በታኝ በዝታቹ ነው ሀገር የአጨብጫቢዎች የሆነችው። ምነው tplf መቶ ግዜ ጠራሀው!!! በቀል ነው የሚቀድመው ወይስ ጦርነት ከሻእብያ ጋር!!! የሸአብያ አተላ ተሸካሚ!!!	1	1	0	0	0	0
amh_train_track1_2350	እኔ ከንግግግሩ የተረዳሁት እሷ ወደ ሔደችበት ተከትሎ የሔደው እሱ ይመስለኛል , ከዛ በተጨማሪ ሁለቱ በትዳር እያሉ እሱ ነው ወደ ቤታቸው ይሔድ የነበረው ስለዚህ ለፀባይዋ አዲስ ነኝ ማለት አይችልም ,ከቀድሞ ባለቤቱ የተለየው ሁለቱ ከመለያየታቸው በፊት ከሆነ ለቀድሞ ባለቤቱ በደል ተጠያቂ አይደለችም ,በአጠቃላይ ወንድ ልጅ ፍላጎት ሳይኖረው በፍፁም ሴት ልታስገድደው አትችልም ለዛውም በኢትዮጵያ ኮንቴክስት!!!	1	0	0	0	0	0
amh_train_track1_2351	ነይ የዘመድኩን መንጋዎች ስታሳዝኑኮ ዘላለማችሁን በጭንቀት እና በስጋት ምትኖሩ ሰዎች አይዟችሁ	0	0	0	1	0	0
amh_train_track1_2352	አብ አለ፡፡ 1 ጴጥሮስ 117 ሀዋርያዎቹ አሉ፡፡ ማቴዎስ 1928 ፃድቃን አሉ፡፡ 1 ቆሮንቶስ 62 tweet ካረገው ሰው ነጥብ ባንርቅ ጥሩ ነው፡፡	0	0	0	0	0	0
amh_train_track1_2353	ገጠመኝ ሹፌር ድንገት መኪናው ከሌላ መኪና ጋር ይጋጫል በጣም ይናደድና በሩን ከፍቶ ወርዶ ምን ዓይነት ሹፌሮች ናቸው አለ ሹፌሮች ምናረጉኽ የተጋጨኸው ከአንድሹፌር ጋር ነውቢለው ከነ	0	0	0	0	0	0
amh_train_track1_2354	በወርቅ ማዕድን ጉድጓድ በገዛ ባልደረቦቻቸው ታግተው የነበሩ ሠራተኞች ተለቀቁ	0	0	0	0	0	0
amh_train_track1_2355	የልጆቿ አባት የጣላትን ቤተሰብ የጣሉዋትን የታመመች እሱ ምን ያረጋት የሱ ጥፋት ብሩን መብላቱ ነው	0	0	0	0	0	0
amh_train_track1_2356	የተወካዮች ምክር ቤት በህወሓት ላይ አሳልፎት የነበረውን የሽብርተኛነት ፍረጃ አነሳ	0	0	0	0	0	0
amh_train_track1_2357	ሚኮ እንኳን ጌታ እረዳህ እኔ በጣም ነው ደስ ያለኝ	0	0	0	0	1	0
amh_train_track1_2358	የ AA Twitter page ላይ ስለነዚህ ግለሰቦች የተፃፈ ምንም ነገር የለም ማስረጃ ካለሽ ብታጋሪ መልካም ነው አለበለዚያ መሰረተ ቢስ ውንጀላ ይሆናል 	0	0	0	0	0	0
amh_train_track1_2359	አንተ እበት አማራ የለም የምትለው የወሎ ህዝብ በምን ቋንቋ ነው የሚያወራው እንደው ከየት የመጣህ አዛባ ነህ	1	1	0	0	0	0
amh_train_track1_2360	ዶር አብይ ሰርፕራይዝ በቃን ግልጽነት ይጎልሀል ይህ ሁሉ ውዥንብር የተነሳው በአንተ ውትፍትፍ ሥራ ነው። በፕሪቶሪያው ስምምነት መሰረት ወያኔን ትጥቅ በህዝብ ፊ	1	1	0	0	0	0
amh_train_track1_2361	መልካም ትውልድ የሚያፈራ ምርጥ ሀሳብ ነውይበረኩ 	0	0	0	0	1	0
amh_train_track1_2362	በመፈንቅለ-መንግሥት የተጠረጠሩት የቀድሞው የብራዚል ፕሬዝዳንት ቦልሶናሮ ፓስፖርታቸውን አስረከቡ	0	0	0	0	0	0
amh_train_track1_2363	ምን ማለት ነው ያልተመቻት ነገር ይኖራል የምትሉት እምትሉት ነገረኞች ስንት የተቸገሩ ጠፍተው ነው በዚ ጉዳይ ላይ የምታወሩት በጣም ያሳዝናል	0	0	0	1	0	0
amh_train_track1_2364	ኡፍ በጣም ያማል በእጀራ አባት እናም በእጀራ እናት ማሳደግ በጣም ያስፈራል	0	0	1	1	0	0
amh_train_track1_2365	ማህበራዊ ሚድያ መዘጋቱ ስጋት ፈጥሮብናል። ያላችሁበትን እየጠቀሳችሁ የት አካባቢ እንደተዘጋ እባካችሁ መረጃ አድርሱን !	0	0	1	0	0	0
amh_train_track1_2366	የላይቤሪያ ፖሊስ ፕሬዝዳንት ዊሃን የሚተቸውን የሬዲዮ ጣቢያ ዘጋ	0	0	0	0	0	0
amh_train_track1_2367	ሰርቦዎች እኮ ዩጎዝላቪያ ወይም ሞት ብለው ሌላው እንዳለ እየተገነጠለ ሲሄድ ብቻቸውን የቀሩት ናቸው፣ መጨረሻ እንኳን ዩጎዝላቪያን ሊያተርፉ የተባበሩት መንግስታት ራሱ በዩጎዝላቪያ ስም	0	0	0	0	0	0
amh_train_track1_2368	ይሸርሙጣ ልጂ ሆዳም ለራሱ ክብር የሌለው	1	1	0	0	0	0
amh_train_track1_2369	ገንዘብ ነበር የምፈልገው ተሳካልህ ገጣጣጣ	1	1	0	0	0	0
amh_train_track1_2370	ጠሚ አብይ አህመድ የወሰዳቸውን ድፍረት የተሞላባቸው እርምጃዎች በዚህ አጋጣሚ ሳላደንቅ ባልፍ ንፉግነት ነው የሚሆነው፣ ይህንኑ መግለፅ እፈልጋለው። አቶ ጌታቸው ረዳ (የትግራይ ክ	0	0	0	0	1	0
amh_train_track1_2371	ሞትን ማቆም አይቻልም  መሪ ማድረግ ያለበትን እያረጉ ነው  የዋሁን ወገኔን ወደ ጦርነት የሚገፉትን እግዚአብሔር የስራቸውን ይስጣቸው 	1	0	0	1	0	0
amh_train_track1_2372	የሚገርመኝ ነገር ደሞ የፖሊሶቹ ነገር ምን እደሚፈልጉ  እራሳችሁን ጠይቃቹ ታቃላቹ ግን እኔ በበኩሌ አንድ ነገር አይቻለዉ አንድ ወንድማችን ድንገት ወድቆ ህይወቱን ያልፋል ፖሊሶች ይወስዱና ሬሳው ሲመለስ ግን ቆዳው እና ደም እየፈሠሠ ነው የቀበርነውነብስ ይማር ፍትህ ፍትህ ለወንድማችን	0	0	0	1	0	1
amh_train_track1_2373	የግዙፉ ዓድዋ ሙዚየም ኪነ ህንጻ በዋና አርክቴክቱ እስክንድር ውበቱ አንደበት	0	0	0	0	1	0
amh_train_track1_2374	እውነት  ነው  መምህር  ጥሩ  ገልፀውታል የአሁን  ጊዜ  አብዛኛው  ስብከቶች  ፌዝና  ቀልድ  የሞላው  እየሆነ  ነው  እውነት  ነው  እጅግ  ያስፈራል እንቁዎቻችን  እነ  አባ  ገብረኪዳን  መምህር  ዘላለም  ዲያቆን  ሒኖክ  እና  የመሳሰሉትን  ቸሩ  አመላካችን  ይጠብቅልን	0	0	1	0	1	0
amh_train_track1_2375	አለም ላይ ከገጠር ወደ ከተማ በምደረግ ፍልሰት አይደለም የተደረገ የመንግስት ግልበጣ ቀርቶ የተሞከረም የለም።የአደናች አቤቤ ርፖርት ሳይሆን ቅዠት ነክ ስጋት ነው እንለፈው።	0	1	0	0	0	0
amh_train_track1_2376	ምን አይነት ቆሻሻ አሳፋሪ ነክ	1	1	0	0	0	0
amh_train_track1_2377	አሴ አሴ በጣም ምርጥ ሰው ከትንሸ ጋር ትንሽ ሆኖ ከትልቅ ጋር ትልቅ ሆኖ የሚገኘው ወንድማችን ነው በጣም ያሳዝናል በጣም ፋቅር የሆነ ሰው ነበረ የእኔ አልቃሸ አሲፉቲ ነፍሰ ፈጠረ በገነት ያኑራ	0	0	0	1	0	0
amh_train_track1_2378	እውነት ነው ይመራል እንዋጠው እናመሰግናለን ኦሀድ እንዲሁም ጋዜጠኛው  በተለይም ሕዝብ ላይ ያነጣጠረ ጥቃት ይቁም እስኪ ነገን እናስብ  ሕዝቡም እንደነ ስዩም የመሰሉ ወመኔዎችን እንደነ ጀነራል ፃድቃን የመሰለ ልጆቻቸውን እና ሚስቶቻቸውን እውጭ አስቀምጠው ድሀውን የሚያስማግዱ ፎክረው ችግር ሲመጣ ሌላ ቤት  ምእራባውያን ሀገር  የሚሮጡ በቃ እንበላቸው  በአንድ ወቅት ፕሮፈሰር መስፍን ያሉት ነገረ ይገርመኛል ይሔ ህዘብ መንቀል እንጂ 	1	0	0	0	0	0
amh_train_track1_2379	የካናዳው ዳቦ ቤት ሆነ ብሎ ዋጋ በመጨመሩ 50 ሚሊዮን የካናዳ ዶላር ተቀጣ	0	0	0	0	0	0
amh_train_track1_2380	እናተ ደግሞ የግበወረሰደም ቅጥረኛ ናችሁ	1	1	0	0	0	0
amh_train_track1_2381	የአላህ ቁጣ በስራኢል ላይ ይውረድ	1	1	0	0	0	0
amh_train_track1_2382	የዳንኤልና የአብይ ፍቅር ፕሮፖጋንዳ ከመንዛት በላይ ነው ወታደሩ የማያቋርጥ ጦርነት ውስጥ ሆኖ ሌት ከቀን እየተጠቃ ተስፋ መቁረጥ ጨለማ ስላንዣበበት ጦርነቱ መጨረሻ ያለው ለማስመሰል ቀነ ቀጠሮ መስጠት የተለመደ የሞራል የመጠበቂያ ታክቲክ ነው	1	1	0	0	0	0
amh_train_track1_2383	ታች ሰፈር ያለው በሽታ የሚገርም ነው ህዝብ ከህዝብ ጋር ሰላም ስለፈጠር እንዴት ይበሰጫሉ እንዴትስ ነው የሚያስቡት እውነት አውነት እልሃለሁ ታች	0	0	0	1	0	1
amh_train_track1_2384	የዘመዴ በአሜሪካ ድንገት መከሰት ነጭ ነጯን ከዘመዴ ጋር ሐሙስን በኢትዮ ቤተሰብ ሚዲያ via 	0	0	0	0	0	0
amh_train_track1_2385	ደግ አደረጉ።ጀግኖች ናቸው።ለአይሁድ ሽብርተኞች የሚገባው ይህ ነው።ምክንያቱም በፍልስጥኤማውያን ላይ ሲያደርሱት ለነበሩት ግፍ የሚገባቸው ይህ ነው።	0	1	0	0	1	0
amh_train_track1_2386	 አንድ አፍታዎች እናንተም ቤት ይመጣል ፋኖ እናንተን መግደል ሳይሆን ምላስና እጃችሁን ነው መቁረጥ ያለበት	0	1	0	0	0	0
amh_train_track1_2387	አቤል ግን ያአማራ ጥላት መሆንህን ስላሳወከን በጣም እናመሰግናለን  የአማራ ልጆች ይሄን ሚዲያ አንሰብስክራይፖ እያደረጋቹህ እንድትወጡ በሚጨፈጨፈዉ በአማራ እጠይቃለዉ	1	1	0	0	0	0
amh_train_track1_2388	የነንቴ መሰል media አሁንም ነጭ ውሸት መወሸተቹ መች ይደክማቹሀል እነሱ ሞሉት ሌላ እናንቴ ምትሉት ገሀነም	0	1	0	0	0	0
amh_train_track1_2389	መጀመሪያም የደም ነጋዴዎች አጀንዳ ነው ተሸንፈዋል! ምንም ደስ የሚል ዜና እንድንሰማ አይፈልጉም ግን መቼም አያሸንፉም! ደሞ ሌላ አጀንዳ ይዘው ይመጣሉ!	0	1	0	0	0	0
amh_train_track1_2390	ሰሜን ኮሪያ በአዲሱ ዓመት ተጨማሪ የስለላ ሳተላይቶችን እንደምታመጥቅ አስታወቀች	0	0	0	0	0	0
amh_train_track1_2391	ምነው የክልሉን ልማት፣ዴሞክራሲ፣ መልካም አስተዳደር፣ የህግ የበላይነት፣ ሰላም እና ብልጽግናን ማረጋገጥ ከቻለ ምንድነው ክፋቱ? በጎጠኝነት ለውጥ አይመጣም።	1	0	0	0	0	0
amh_train_track1_2392	ሸኔ ከሸኔ ጋር ድርድር እያደረገ ነው በርቱ ጥሩ ድራማ ነው	1	0	0	0	0	0
amh_train_track1_2393	Josep Borrell በአንድ ጊዜ ግንኙነት ዐቢይ ዓህመድ ውሸታም ነው ሲሉ የኢትዮጵያ ህዝብ እንዴት 5 ዓመት እንደወሰደበት የሚገርም ነው	0	0	0	0	0	1
amh_train_track1_2394	መላው ህዝባችን በጉጉት የሚጠብቀው ትልቅ ታሪካዊ ሒደት ከገባንበት ውስብስብ ችግር ተዝቆ ከማያልቅ መከራ የሚያወጣን ሒደት ነው  ፈጣሪ ይርዳን ኢትዮጵያ ትንሳኤዋን በናንተና በህዝባችን ብርቱ ጥረት ይረጋገጣል ወደ ቀልባችን እንመለስ ወደዚህች ምድር የመጣንበት አላማ እንወቅ ሀገራችን እንኳን ለኛ ለሌላውም ትተርፋለች 	0	0	0	0	1	0
amh_train_track1_2395	ጌታ ሆይ የትንቢት መፈፀሚያ አታድርገን።ወላጅ እናት ልጃ ላይ በዚህን ያህል ግፍ ከሰራች ለልጃ ከለላ ካልሆነች ለልጆቿ ልጆቼን ከክፉ ነገር ሰውርልኝ ብላ ካልፀለየች : የእርኩስ መንፈስ ማደሪያ ሇናለች ማለት ነው። በጣም አስተዋይ ልጅ ናት እግዚአብሔር ይርዳሽ የኔ ልጅ	0	0	0	1	0	0
amh_train_track1_2396	dhiisaa maa ምንም ውሸት ለነፍጣኛ መሰበብ የለም አብይ የከለከላቸው አብይ ሴጣን አስቀምጣቸው ነፍጠኛ ለይ አትጮሁ 	1	1	0	0	0	0
amh_train_track1_2397	እኮ? ቦሌ አካባቢ አብረውት የተማሩ ሰዎች ቢገኙ ጥሩ ነበር?	0	0	0	0	0	0
amh_train_track1_2398	ግን ማን ነው እንደ እኔ ጃሃን ፍገግ ሲል ደስ የሚለው	0	0	0	0	1	0
amh_train_track1_2399	የቤተሰብ ጉዳይ ያማል አይደል? ቃምበት	0	1	0	0	0	0
amh_train_track1_2400	የኤሊቱ ችግር አብሮ መስራት አለመቻል ነዉህዝቡንም መከራ ዉስጥ የከተተዉለሴራ በቀላሉ የሚጋለጡ ሆዳም ናቸዉ እኔ የተረገሙ ይመስለኛል	1	1	0	0	0	0
amh_train_track1_2401	ዘሩባቤል መቸም አንተን አለማድነቅ አይቻልም ከዕለት ዕለት ብቃትህ እያደገ እየመጣህ ያለህ ልጅ ነህ ቀጥልበት ለዝግጅቶችህ የምትስጣቸው ትኩረቶች ደስ ይላሉ ክብረልኝ  ሁሌም የማደንቃቸውን አሚጎን እና ኦሃድን በእውነት እና በዕውቀት ላይ ተመስርታችሁ ልምታቀርቡት ትነትና ከልብ እናመስግናለን 	0	0	0	0	1	0
amh_train_track1_2402	እንዳንተ ደደብ አህያ አይደለም ኣባ። ከደደብ ህዝብ ጋ ምን አለኝ ብሎ ?	1	1	0	0	0	0
amh_train_track1_2403	ድል ለሰው ልጆች በሙሉ የማንም ዳም አይፍሰስ ድጋታኛ ሞት አይሙቱ የሰው ልጅ ሁሉ የጌታ ፍጡር ናቹ ጡቁር ነጪ ብለን እኛ እንላያሌን ሰው አይዴለም ዬፈጣራን ሁላችንም የፈጠራ አንድ እግዚአብሔር ነው	0	0	0	0	0	0
amh_train_track1_2404	ዛሬ ቀኑ ደስ ይላል	0	0	0	0	1	0
amh_train_track1_2405	ሰሜን ኮሪያ ከሁለት ያልተሳኩ ሙከራዎች በኋላ ወታደራዊ የስለላ ሳተላይት አመጠቅኩ አለች	0	0	0	0	0	0
amh_train_track1_2406	ዳሩየ ስወድሽ ሁሌም ዜና አንቺ ብታቀርቢ እንዴት ደስ እንደምትይ	0	0	0	0	1	0
amh_train_track1_2407	በጣም ያሳዝናል ታነሳሱና መልሳችሁ ህዝብን ተጠያቂ ታደርጋላችሁ ለአማኙ አዝናለሁ በአቋማችሁ ብትፀኑ ቤተክርስትያን ይሄን ያህል ባልተዋረደች አማኙም አንገቱን ባልደፋ	0	0	0	1	0	0
amh_train_track1_2408	ሀይ ሰው የሰው ልጅ እማይችለው ነገር የለም በጣም ይዘገንናል ታሪኩ	0	0	0	1	0	0
amh_train_track1_2409	በኢትዮጵያ በልጆቾ ደም የቀለደ አሳፋሪ መሪ እጅግ ያማል በጣም ያሳብዳል ቦቅቧቃ አስመሳይ መሪ	1	1	0	0	0	0
amh_train_track1_2410	እናንተ በራሳችሁ ማግኘት ሳይሆን በበበጎረቤት አከባቢዎች ማጣት ምትደሰቱ አሳፋሪዎች ናችሁ😭😭😭 አትልፉ ገና በአርባምንጭ እኮ ሰፊ ፕሮጀክቶች ይገነባሉ ምክንያቱም ሁሉን ያሟላች አይነ - ግቡና ተመራጭ ከተማ ስለሆነች💪💪💪 እድሜ ልካችሁን ጥላቻ 😭😭😭	1	0	0	0	0	0
amh_train_track1_2411	የእኛም ሀገር ቤተመንግሥት ውሻ የከፋ ጉዳት ሳያደርስ በጊዜ ይውጣ	0	1	0	0	0	0
amh_train_track1_2412	ለሚሰማና ለሚያነብ ሰው ይኸ ግልፅና አጭር መልዕክት ነው ለማይሰማው ደንቆሮ ደሞ አንዴ እየሰማ ስለማይሰማ ይኸ ህገመንግስታዊ መብት ነው የራስክን እምነት ተከተል አይመለከትህም በለው	1	1	0	0	0	0
amh_train_track1_2413	ያንተንም አሣማዎች አሥቆጥር አውሬዎች የሠው ደም መጣጭ	1	1	0	0	0	0
amh_train_track1_2414	ያሳዝናል ሰው እንዲሞት መጸለይ እግዚአብሔር የሰጠኝ ፀጋ ነው ይላል ሲጀመር ይህ ሰው በነብይ ተመስሎ የጥልቁ አገልጋይ ነው ሰዎች አትታለሉ በተለይ አማኞች እዚህ ሰው ጋ አትሂዱ ቃል የጠቀሰ ሁሉ ነብይ አይምሰላችሁ	0	0	0	1	0	0
amh_train_track1_2415	በጣም የሚገርም ነው ቪዲዮውን አየሁት የምር ኮንደም ተወደደደ የሚሉት የእውነት ነው በየክሊኒክ በየበሩ ነው ተደርድሮ የሚቀመጠው አይ ግዜ	0	0	0	1	0	1
amh_train_track1_2416	የሚገርም ነው መመኝት ተፈጥሮዊ ነው ሰይጣናዊ ምኝት ግን ይዞህ ይጠፋል ሁሉተኛው ተደጋፍዎች ከማጥፋት ምናምን ደጋፊው ሄደን መተን ኤርትራን መጠቅለል ለመሆኑ ሓሞቱ አለህ ደሞስ ማን ደገፈ መረጃ መረጃ ማስረጃስ አለህ ትንተናችሁ ሁሉ ማሓረቤን ኣያችሁ ወይ የልጆች እንጭጭ ጨወታ ነው እንደ ኤርትራዊ የ ኢትዮጵያ ጥሩ ነገር እመኝ ነበር አሁን ግን ካገሬ የሚበልጥ የለም እና ኢትዮጵያ ብትፈርስ ግን አይኖረኝም እስከ መች አሁንም መወያየት በሁሉ	1	1	0	0	0	1
amh_train_track1_2417	አረ ውሸታም መንግስት ትናንት ወያኔ የሚጠቀምበት ዘይቤ አሁንምያው ያሳዝናል ይሕች አገር	1	0	0	1	0	0
amh_train_track1_2418	ካፒቴን ሌቨንት ኡመር የኔ ጀግና አተ ሁሉም ቦታ ጥሩ ሰወነህ	0	0	0	0	1	0
amh_train_track1_2419	Hasssen Mohammmed የናንተ ጥላቻ ይገርመኛል, የአንድ አግሪ ህዘብ መሆናችን ከቶም የራሳቸው ይመስለኛል።	0	1	0	0	0	0
amh_train_track1_2420	Degaga በማን ልቅና ሰጥቶ መቀበል ኣቋራጭ መንገድ እያለ ሁሌ ጦርነት ኣንስቶ የሰዉን ንብረት የራስን የማድረግ ህልም በተጸናወተዉ ሃላሚ ልቅና መች እናንተ ሆናቹ ትእዛዙ የሌላ ነዉ	1	0	0	0	0	0
amh_train_track1_2421	አንጀት መብያ መሆኗ ነው ወግ ወጉን ይዛችኋል ወይ ብልግና ፓርቲ	1	1	0	0	0	0
amh_train_track1_2422	አብይ አህመድ የኦሮሞ ጠላት መሆኑን ከአረጋገጠ ብዙ ቆየከዚህ በህዋላ አብይ እየሰራ ያለውን ጭካኔና ግድያ አላውቅም ማለት አይቻልም አብይ ማለት የሰው ልጅ ሁሉ ጠላት በሽተኛና ደም የጠማው ሰይጣን ነው	0	1	0	0	0	0
amh_train_track1_2423	ከወያነ ያልተማሩ ኤርትርራውያን ማሰራቹ የሚያሳዝን አይደለምመለስ ዜናዊ ያልራራ ለኤርትራውያን አብይ አህመድ ዓሊ የት ያውቀናል የሚራራልንአብይ አህመድ ዓሊ ገና ሲያድግ የተማረው ኤርትራ ባህርዋን ብሃይል መውረር ነው80 ዓመት አድምታ ገና ደማቹ ያልጠገበች የትናንትና ኢትዮጲያ ታምናላቹእንደ ኤርትራዊ በጣም አፈርኩ	1	0	0	0	0	0
amh_train_track1_2424	ልጁ በጣም ያሳዝናል ለቤተሰቡ የጌታ ሰላም መጽናናት ልባችሁን ይሙላዉ ብልዲግ ሲፈርስ ለምንድን ነው ልጅ መጋዘን ዉስጥ የገባዉ መጋዘኑ የሚፈርስ ከሆነ ቀድሞ አልተነገረም ወይ በደብ ግልጽ የሆነ መግለጫ ያስፈልጋል ሌላዉ ህብረተሰብ ወደፊት እንዲጠነቀቅ እናተ ጋዜጠኞች ነገሮችን በደንብ አጣርታቹህ ብታቀርቡ ለኛም ትምህርት ይሰጠናል ለመብትም ለፍርድም እንዲሆን ችግሩም የቱ ጋር እንዳለ እንድንረዳአ	0	0	0	1	0	0
amh_train_track1_2425	በጣም ያማል አላህ ጀነቱን ይወፍቃት ያረብ	0	0	0	1	0	0
amh_train_track1_2426	አሁን ፕራንክ ዘጋኛ ብያስ ሚስትህ ፈት እንዲህ ቆሻሻሻ ነገር ይደብራል የሆንክ🦡🦡🦡	0	1	0	0	0	0
amh_train_track1_2427	ጡሩምባ በለው ምድረ ወር በላ እንኳን ኢራንን ሊወር ሀማስን በሶስት ወር ወረራና የከፋ ዘር ምጥፋት በማካሄድ ያልቻለውን ወይም የጎመዥውን ድል በማጣቱ ሽንፈቱንና ውርደቱን ለመደበቅና ለመሸነፍ ሲል ሌላ ሃሳብ ማስቀዬሻ ወሬ ውስጥ ገብታለች ሜዲያ ያገነናት ሀገር ብትኖር እስራኤል ናት ወሬ ብቻ ሙሉ ለሙሉ ተንበርክካ የፋላስታይን ነፃ መንግስት ይመሰረታል የአፈታሩክ ዘመን አብቅቷል	1	1	0	0	0	0
amh_train_track1_2428	አምላኬ ሆይ እረምንጉድ ነው እንደዚህ የሰው ልጅ አውሬ የሆነው😥😭 ሰው ሰው እረ ሰውውው	0	0	0	1	0	0
amh_train_track1_2429	ስያንስበት ነዉ! ግን ክልላችን ጥሩ የሰራውን ሰው ያበረታታታሉ እንዴ?	0	0	0	0	0	0
amh_train_track1_2430	እረ አቤሎ ስለኛ እስብ ዝም ብለህ የውጩን ተወው	0	0	0	0	0	0
amh_train_track1_2431	እሸቱመለሰ ላይ የሚታየው ቅንነት ልዩ የሆነ ትጋት፤ የማድረግ መተማመን የማስተባበር አቅም በጣም የሚገርም ነው! ከሱ ጋር ተባብራችሁ ፈንድ ያሰባሰባችሁ እና ለመቀዶንያ ድጋፍ ያደረ	0	0	0	0	1	1
amh_train_track1_2432	የዕስራኤል ኒውክለር ሥለመታጠቅ እስከዛሬ ሣይታወቅ ቀርቶ ነው  ጎግል ላይ ግባና ተመልከት	0	0	0	0	0	0
amh_train_track1_2433	የእኛ አይናለም ምኑ አጋጠማት ልጅነታችንን የምናስታውስባት ምርጥ ሀገር ወዳድ ጋዜጠኛ ነበረች ገና ብዙ በምትሰራበት ዕድሜ በሞት መለየቷ እጅግ በጣም ያሳዝናል እግዚአብሔር ነብሷን በዓፀደ ገነት ያኑርልን	0	0	0	1	0	0
amh_train_track1_2434	በቁም የሞተ ሀብታሙ ሺምልስ ነብሳቹን አይማር	0	1	0	0	0	0
amh_train_track1_2435	አትሳቱ ነገሮችን እንዴት እናርግብ በሉ በሰውኛ ስሜታዊ ሆነን የምንገፋፋው ነገር ጦሱ ከባድ ነው ይልቅ ከግርግሩ ወጣ ብለን ረጅም ስዓት በፀሎት እናሳልፍ ጌታ ሆይ መ	0	0	0	1	0	0
amh_train_track1_2436	በጣም ደስ ይላል ወንድማችን እንኳን ለዚህ አበቃ አሁንም በቤቱ ያጽና 	0	0	0	0	1	0
amh_train_track1_2437	ዘድሮ መቼሰ ኦርቶዶክሰ የገባችበት መከራ በጣም ነዉ የሚያሳዝኑት በሀይማኖታቸዉ በንብረታቸዉ ነዉ ይሄ አጋንት የመጣባቸዉ እግዚአብሔር ከምድረ ገፅ ይቀልልን	0	0	0	1	0	0
amh_train_track1_2438	ምንው የኦርቶዶክስን ልጆች ስታስገድል ልብህ አልተሰበረም ውይስ እንዲት ጨርሰን ሌላ drone እንዲሰጡክ የልመና ዛዴ ነው ምንም ይስጡቅ ምንም እኛ ጋ ያለው ይበልጣል ስላ አባቶች እንባ ስላ ንፁሃን ደም ስላ ንፅት በታክርስቲያን እግዚአብሔር ይፈረዳሃል	1	0	0	1	0	0
amh_train_track1_2439	ፈጣሪ ሆይ እንምህረትህ እና እንደ ቸርነት ሰፊነት ህዝብህን አደራ የ ኢትዮጵያ ህዝብ ላይ የሚሰራዉ ስራ ጥሩ እና መልካም አይደለምና አባት ሆይ ሀይልክን ግለጥ ታምርክንም ኣሳይ	0	0	0	1	0	0
amh_train_track1_2440	በሕዝብ ደም የሚነግድ ጠቅላይ ሚኒስትራችን ብለን መጥራት እጅግ አስከፊ ነገር የለምእናንተስ በተድበሰበሰእየሰሙ እንዳልሰሙ ቅጥ አንባሩ ዜና ዘጋቢ ከመሆን ከሞቱትም በታች ነው	0	1	0	0	0	0
amh_train_track1_2441	ነበር ? ያው ሳይታሰብ ዝም ብሎ ነበር የተሰጠው መሰል ብቻ መፀዳጃ ቤትም የለው ቆይ ሌላ ተብሎ ዝም ዝም ሆነ ነገር ነው	0	0	0	1	0	0
amh_train_track1_2442	ፈጣረያስማማማቸው ጦርነት ማለት ከባዲ አስከፌነው አዛውንቶችሴቶች ህፃናቶች ስንት አመት ኢኮነሚወድመት ወዘተረፈ	0	0	0	1	0	0
amh_train_track1_2443	እስቲ አደብ ግዛ አትንጠራራ ! ምነው ፍርሀት ተሰማህ? አይዞህ ዛሬ ባይሆንም ነገ ጠበሉን ትቀምስ ዘንድ የ? ጸሎት ነው አይዞህ ወደ አላህ ሲኬድ መልፈስፈስ	1	1	0	0	0	0
amh_train_track1_2444	በኬንያ የዓለም መጨረሻ ነው በሚል በረሃብ የሞቱ ሰዎች ቁጥር ከ400 በላይ ሆነ	0	0	0	1	0	0
amh_train_track1_2445	ድል ለፍልስጤም ህዝብ ቃሳም ጀግኖች እያልን የናንተ ሚዲያ ከወገኝተኝነት ነፃ በመሆን ከሁለቱም ወገን ያለውን መረጃ ብትሰጡን መልካም ነው እኛ ብንደግፍም ባንደግፍም ምንም አናመጣም አላህ ይርዳቸው  መረጃ ለማግኘት ሌላ ቦታ እንድንሔድ አታስገድዱን  ከወዳጅ የተሰጠ ቀና አስተያየት 	1	0	0	0	0	0
amh_train_track1_2446	የአቢይ አህመድ መንግሥት ጦርነት ይብቃን ሰላምን እናፅና የሚል ድግሥ ባዘጋጀ በሁለተኛው ሳምንት በአማራ ላይ ወታደር አዝምቶ ጦርነት ከፍቷል። ያለ ቀውስ መኖር የማይችለው መንግሥት አ	0	1	0	0	0	0
amh_train_track1_2447	መሪያችን የዘመናችን ትውልድ ድንገት ከከሰታቸው ዲሞክራት በመሆኑም መተኪያ የለሽ ይሄንን ውድ እንቁዋችንን በግለሰብ ደረጃም ሆነ በቡድን ሆኖ የሚጠላ እና የሚቃወም ሃይል ሁሉ ኢትዮጵ	1	0	0	0	1	0
amh_train_track1_2448	የትኛው ነው አሸባሪ እስሬል ወይስ ፍልሲጢን የትኛው ነው ሂለተር ሰው አደሉም ብሎ ያረዳቸው ምን አለ ምንም ባላስቀራቸው ላለም ነቀርሳ የሆኑ ነብይ የረገማቻው ህዝቦች ሰይጣን እንጂ ሰው አደሉም አላህ ያዋርዳቸዋ በቅርብ ቀን	1	1	0	0	0	0
amh_train_track1_2449	አሁን ኢትዮጵያ ህዝብ ሀገር ውስጥ ያለው ህዝብ ጦርነት እና ራሃብ ተደምሮ እየሰቃዩ ነው😭 ውጭ ያሎው ስደተኞች እስርቤት እየሰቀዩ ነው 😭😭😭	0	0	0	1	0	0
amh_train_track1_2450	ፕራንክ ብሎ ግን ልብን መስበር ምን ይሉታል?! ምንድን ነው የሚያስተምረው እንዲህ አይነት ሥራ?! ነጮቹ የሚደሰቱበት ነገር ሁሉ ስላለቀባቸው ሊሆን ይችላል?! ስንት የሚያሳቅቅቅ ነገር ባለባት ሀገር ውስጥ እጃችን ላይ ያሉ ንጹሀንንን በዚህ መልኩ ለአንድ ደቂቃም ቢሆን መስበር ልክ አይደለም ፡፡፡	1	0	0	1	0	0
amh_train_track1_2451	Kkkk ስለ አማራ ህዝብ መንግስታዊ እልቂት ግን አይታያችሁም አይደለ?	0	1	0	0	0	0
amh_train_track1_2452	Ethiopia (የዘመኔ ምርጥ መሪ) ኩጠቅሚ ዶክተር አብይ አህመድ ? ከተለያዩ ክፍለ ከተሞች ለተውጣጡ 150 አቅመ ደካሞች ነው የበዓል ማዕድ የማጋራት ስነ ስርዓቱ የተከናወ	0	0	0	0	1	0
amh_train_track1_2453	Muhammad ሱብሀነላህ ህጻናቶቹ እራሱ ኢማናቸው ጉልበታቸው ሴቶቹ ሽማግሎች ወላሂ ተአምር ነው አንዱን ወጣት ለመያዝ 5ወታደር ሆነው ነው ተረባርበው ነው ይህን አለም ሲገረም ነበር ቀሳም ወታደር ሲያያቸው ነው የሚደነግጡት አላህም ልባቸው ውስጥ ፍርሀት እንዳላቸው ነግሮናል እስላሚክ ጅሀድም ሰርያ ቅዱስ የሚባለውም ፍልስጥኤማውያንም ጀግና ናቸው የአሁኑ ይለያል ወይ ሞት ወይም ሀገራችን ብለው ተነስተዋል ፍርሀት አያውቁም ጀነራሎች መሰከሩ ሰይጣ	1	0	0	0	0	0
amh_train_track1_2454	እምነትክን ይዘህ የድሮዋ ደስስስ እምትለዋ ፕራንክ በምን ጣዕሟ🤨🤨🤨	0	0	0	0	0	0
amh_train_track1_2455	ኦሮሞ የተባልክ ወጣት ሽማግሌ ሳትል ይኼንን የአማራ ነፍጠኛ መሬት ወራሬ ሴክሰኛ ቂጡን 247 የሚበዳ ሆሞ ጌይ ብዳው የአሜሪካን መንግስት ፈቅዷል ትግሬዎችም እንዳትለቁ its yo	0	1	0	0	0	0
amh_train_track1_2456	ኣንጀት የምበላ ልጅክ ፍት ላይ እንባዋ እንደውሃ እየፈሰሰሰ ፕራንክ በምቀለደው ማትቀልዱ 😏😏😏	1	1	0	0	0	0
amh_train_track1_2457	ኢትዮጵያ የብሪክስ አባል እንድትሆን ተወሰነ	0	0	0	0	1	0
amh_train_track1_2458	ነገደ ያዕቆብ አፋርን እብደታችሁ ዉስጥ አታስገቡት አገር እየበጠበጠ ያለዉ አህያ ነዉ።	0	1	0	0	0	0
amh_train_track1_2459	ማህበረ ቅዱሳን የእኛን ቅሬታ የተሰማንን ውስጣዊ ስሜታችንን በልመናው ዙርያ ጥሩ ውይይት ተካሂድዋል ብዙ ክፍተት ያለበት ነገር ነው በቤተክርስትያን በር ላይ ወይም ውስጥም ቦታ ተሰጥቶዋቸው ቢካሄድ የተሻለ ነው ገጠር ላሉት ቤተክርስትያን በማዕከል ቢሰበሰብ ገፅታችንን የሚያጠፋ ነገር ነው እንደቀላል የሚታይ ነገር አይደለም	0	0	0	0	1	0
amh_train_track1_2460	ዋናው ነገር በምን አይነት መንገድ ዬባህር በር ማግኘት ይቻላል ኤርትራ አለማቀፍ እውቅና ያገኘች ሉአላዊት ሃገር ናት ድሮ ነበር እንጅ መጥኖ መደቆስ አሁን ምን ያረጋል ድስት ጥዶ ማልቀስ ጅብ ከሄደ ውሻ ጮህ በጦርነት ወደብ አስመልሳለሁ ማለት ዬእብደት ሁሉ እብደት ነው ከአንዱ ጦርነት ወጥቶ ሌላ ጦርነት ውድመት እንጅ ሌላ ትርፍ ዬለውም ዬወደብ ጉዳይ ችግር ሊፈታ ዬሚችለው ጥበብ በተሞላብት ዲፕሎማሲ ክኤርትራ ጋር በማድረግ ብቻ ነው ሌላው አማ	1	0	0	0	0	0
amh_train_track1_2461	ብልጥግና በአማራ ላይ ብልግና አየፈፀመ ነው። የአማራ ህዝብ የማያውቀው የአማራን ግፍና በደል ስቃይ በቅጡ የማያውቁ ወጠጤዎችን በመሾም በአማራ ህዝብ ላይ የን	0	1	0	0	0	0
amh_train_track1_2462	ሀማስ አደለም የገደላት እስራኤልናት ውርደት ሞት ሺ ፈት ለኢስራኤል🇮🇱❌❌❌	0	1	0	0	0	0
amh_train_track1_2463	በጣም ጥሩ ነዉ መረዳዳዳት ሌሎቹም ማሳያ ነዉና በርታ ጎበዝ ...	0	0	0	0	1	0
amh_train_track1_2464	#አፍነውታል...! አቶ አወቀ ስንሻው በአዲስ አበባ በኢትዮጵያ ንግድ ባንክ በከፍተኛ አመራርነት እና የፍኖት አሶሴሽን ዋና መስራችና ፕሬዝዳንት ናቸው::: አቶ አወቀ ስንሻው የጀግናው አርበኛ ዘመነ ካሴ ሰፈር ልጅ ነው::: የእሳት ልጅ እሳት ነው እና አቶ አወቀ እጅግ በጣም ታታታሪ ሰራተኛ እና በሜጫ ወረዳ በርካታ የመሰረተ ልማት ስራዎችን እየሰራ የሚገኝ ወድማችን ነው::: አሁን ላይ አቶ አወቀ ስንሻው በአዲስ አበባ በመኖሪያ ቤቱ	1	0	0	0	0	0
amh_train_track1_2465	ሸለፈታም የባሉት አረመኔ ኤርትራውያን ናቸው  አረመኔ ኤርትራውያን ከምድር ገፅ ካልጠፉ የኢትዮጵያ ህዝብ በሰላም መኖር አይችልም  አረመኔ ኤርትራውያን የምንግዜም የኢትዮጵያ ህዝብ ጠላቶች ናቸው	1	1	0	0	0	0
amh_train_track1_2466	HAPPY NEW YEAR  ደሬ በነካ እጅህ ጃልማሮን ኢንተርቪው አድርግልን   በዚህ አጋጣሚ አንተንና የምታቀርባቸውን እንግዶችህን ሳላደንቅ አላልፍም 	0	0	0	0	1	0
amh_train_track1_2467	ጠያቂው ግን በጣም ዝቃጭ ነው! እሷን (ማርያምን) ወንፊት አላውስም እንዳለችው ጎረቤቱ እኮ ነው የጠመዳት። ምን አንገበገበው?	0	1	0	0	0	0
amh_train_track1_2468	የእግር ኳስ ዳኞች ተጨዋቾችን ለ10 ደቂቃ ከሜዳ የሚያግዱበት ሰማያዊ ካርድ ሊሞከር ነው	0	0	0	0	0	0
amh_train_track1_2469	ወራዳ ለገንዘብ ብለህ ሃይማኖት አይቀርም ወራዳን ወራዳ ማለት ተገቢ ነው ቁንጫ	1	1	0	0	0	0
amh_train_track1_2470	የኔ አባት አላህ ይርዳህ ወላሂ ሰው መዳን ፈልጎ ጤና ሲያጣ እንዴት ያማል በአላህ አይዞህ	0	0	0	1	0	0
amh_train_track1_2471	እሳቱ ከጀመረ ከአንተ ላይ ነው የሚጀምረው ሰውየ! ማራገብክን ገታ ብታደርገው ጥሩ ነው።	1	0	0	0	0	0
amh_train_track1_2472	ይሄ ስራ ወደ ክፍ ለ ሀገር መሰራት አለበት ለምሳሌ ሽዋሮቢት ብዙ ሺሻቤቶች አሉ መግስት ጠክሮ መስራት አለበት	0	0	0	0	0	0
amh_train_track1_2473	ቻይና በደኅንነት ጉዳዮች ላይ ለመነጋገር ወደ ሩሲያ መልዕክተኛ ላከች	0	0	0	0	0	0
amh_train_track1_2474	ይኸን ሰውዬ ስሙትማ ጭልጥ ያለ መርዝና ዘረኛ ነው ነጭ ፀጉር አውጥቷል  መቃብሩ የተማሰ  አፉ የሻገተ ሽማግሌ እውነት ቢናገር ምን አለበት	0	1	0	0	0	0
amh_train_track1_2475	አፍሪካ ውስጥ ዲሞክራሲ የሚባለውን ነገር ድንገት ውልብ ሲል ካያችሁት ሰላም ብሎሃል በሉልኝ አደራችሁን ? Thanks in advance ?	0	0	0	0	0	0
amh_train_track1_2476	አሜን ደስ የሚል መልክት ነው እየሱስ ፍፁም ሰው ፍፁም አምለክ ነው ። ሰምኑን ሰባልዮስ የሀሰት መንፈስ፣ ክፉ መንፈስ እያሉ መንፈስ ቅዱስን የሚሰድቡ ቲዮሎጂያን የሰባሊዮስን ሰህተት ምን እንደሆነ እንኳን ሳይለዩ ለሚንጫጩ ተዋቸው ቦታ አትስጡአቸው ። አንድ አጋንንንት ለማውጣት ከ 30ደቂቃ በላይ ወደሰሜን ወደ ደቡብ ዘርጉ ለሚሉ አገልጋዬች ዘመቻ ቦታ አትስጡ እንደጉም ይበተናሉ በሀይል በመንፈስ ቅዱስ መገኘት ወንጌሉ ይሰበካል ክሩሴዶች	0	0	0	0	1	0
amh_train_track1_2477	ለፕራንክ ገና ቦታ አግኝተሃል 😍😍😍	0	0	0	0	0	0
amh_train_track1_2478	መጀመሪያ ኢትዮጵያ አሁን አንድ ነች ወይ? ሃገር ውስጥ ያለው ችግር ሰው ወጥቶ በሰላም የማይገባበት ሀገር ሆነን ግድያው መፈናቀሉ ወዘተ የኑሮ ውድነቱ ሌላ ጦርነት የማስተናገድ አቅም ጰአለ ወይ?	1	0	1	0	0	0
amh_train_track1_2479	ብፁዕ አባታችን ነቀምት እያሉ ሲቀድሱ በ Afaan Oromoበሰማይ ያለን ነበር የሚመስለኝየመላእት ምስጋና ይመስላል	0	0	0	0	1	0
amh_train_track1_2480	እኔ የገረመኝ አንድ እንኳን የ ኢትዮጲያ ባንዲራ የለም  ይሔን የሚያክል ፕሮጄክት ሲመረቅ	0	0	0	0	0	1
amh_train_track1_2481	የትኛው የኦሮሞ ኦርቶዶክስ በአማራ ሞት ሲያዝን አየህ ? እነሱ ናቸው በደካማ ጎናችን እየገቡ ለጠላት የሚሰጡን ።	1	1	0	0	0	0
amh_train_track1_2482	እውነተኛ ሰው ከእስፔን ተማር አለምነህ አንተ ዘረኛ ነህ	1	1	0	0	0	0
amh_train_track1_2483	ከሌላ ጋር ልዩነት የፈጠርክበትን ጉዳይ ትክክል ነኝ ብለህ የምታምን እንኳን ወደ ግጭት ላለመግባት ፍላጎትህን ቀንሰህ በድርድር መፍታት ያዋጣል። ግጭት የማትጠብቀውን ውጤት ሊያመጣ ስለ	0	0	0	0	0	0
amh_train_track1_2484	ይህንን ጥንብ ሰም ይዘህ ሰዉ ትሳደባለህ አዳነች ፈተናዋን ተፈትና በወርቅ አልፋለች ኮንዶሚኒየም እንደዳቦ አድላለች አንበሳ አቶቢሰ እንደቆሎ አድላለች እንጀራ ለእንጀራ ፈላጊዎች ቀን አወጥታለች ተጦሪዎችን ጡራለች ቻይናዎችና አሜሪካኖች ለምነዉ ነበር ሜየር የሚያረጎታ እቺ ሴትዬ በአንድ ሺህ አመት አንዴ የምትመጣ ናት ቡዳ አማሮች ሀገር ተፈጥራ ተዋረደች ምን ታርግህ ከዚህ በላይ ሲርብህ አበላችህ ሲበርድህ አለበሰችህ ቤትህን አደሰችልህ ምን ትፈ	1	1	0	0	0	0
amh_train_track1_2485	ነገ ደግሞ አሁን ካለህበት ቦታ ድንገት ብትነሳ በተከበረው ኃይማኖታችን ውሰጥ የአንዱ መስጂዳችን መሪ ለመሆን አስበህ ይሆናል ።አያልቅበት ብየሃለሁ።	0	1	0	0	0	0
amh_train_track1_2486	አይ EBC በመከራ አለንጋ እየተገረፈ ካለው ህዝባችን ስቃይ ይልቅ ፣የባይደን ውሻ ንክሻ በለጠባችሁ።	1	0	0	1	0	0
amh_train_track1_2487	ነጭ ውሸት ምንም የተደረገ የለም ህዝቡን አትሳለቁበት	1	1	0	0	0	0
amh_train_track1_2488	ጋዜጠኛዋ እንግዳ አድርጋ እስከ ጋበዘችህ ድረስ አዳምጥ አትቸኩል 🤔🤔🤔 ድንገት ፈመሰ እኮ🤗	0	0	0	0	0	0
amh_train_track1_2489	ማነዉ ዛሬ ጉልፈም በመዋረዷ ደስ ያለዉ እስኪ 	0	0	0	0	1	0
amh_train_track1_2490	እለም ያገሬ ድንቅ ጋዜጠኛ አንተ ልትሸለም የሚገባህ ሰው ነህ አንድ ነገር ግን ልነግርህ ፈልጋለው ሶሻል ሚዲያ ላይ የሰፈረው ግሪሳ 90 በላይ ጤንነቱ አሳሳቢ ደረጃ ላይ ደርሳል ስለዚህ ኮሜንት አታንብብ ማንንም አትስማ እኔንም ቢሆን 	0	0	0	0	1	0
amh_train_track1_2491	አይ ሀማስ የስራህን ይስጥህ ለዚህ ሁላ ተጠያቂው አሸባሪው ሃማስ ነው አቅምን አውቆ መኖር ጥሩ ነው ታላቅ ችሎታ ነው በጣም ያሳዝናል ህዝቡን አስጨረሱሰላሙን ያምጣልን የእስራኤል አምላክ	0	1	0	1	0	0
amh_train_track1_2492	ሰው በድገት ይሞታል ታሞ ብቻ አይደለም ፈጣሪ በወደደው መንገድ ይወስዳል ሁሉን ነገር በሰው ነው ባንል ጥሩ ነው	0	0	0	1	0	0
amh_train_track1_2493	ፈጣሪ ይባርካችሁ እናትን ማስደሰት ደስይላል ተባረኩ	0	0	0	0	1	0
amh_train_track1_2494	እግዚኦ ይሄ ሁሉ እግዚአብሔርን አለማመና አለመፍራት ነው ፕራንክ ወይ ፊልም ቀረፃ ላይ ነው የሚመስለው ?	0	0	0	1	0	0
amh_train_track1_2495	ሰው ብቻ በመሆንህ እድለኛ ነህ ግን አላማህን ስትዘነጋ የተዋረድክ ትሆናለህ።ሺ አመት የኖረ ከኖህ በስተቀር እንጃ አልሰማሁም።ስለዚ ለፈጣሪ ኑር ብሄር ለመተዋወቅ ብቻ።	1	0	0	0	0	0
amh_train_track1_2496	‘ሆሊውድ ለኔ ሀብትና ትምህርት ቤቴ ነው’ - ፍርቱና ገብረስላሴ	0	0	0	0	0	0
amh_train_track1_2497	ጨረቃ ቤት ወይ ኢትዮጵያ በቃ ኮሜዲ የሚተወንባት ትልቅ ሲኒማ ቤት ሆነች። ይሄ እኮ ትልቅ የትውልድ ሞት ነው።	1	0	0	1	0	0
amh_train_track1_2498	እህ መናፍቅ መንግሥት የኦርቶዶክስ ፀር ነው ኦርቶዶክስ ለማጥፍት ታጥቆ ተነስቶል ይገርማል	1	1	0	0	0	1
amh_train_track1_2499	ወደድክም ጠላህ ፈራሹ ፣ደም መጣጩ ኦነጉ ከወያን የበለጠ አደገኛ ውድቀት ይወድቃል።	1	1	0	0	0	0
amh_train_track1_2500	ዝጊ ደደብ እኛም አልገባንም ምን አመፃደቀሽ እኛም ለምን እያልን ነው ሙስሊም ላደረከኝ ላደረከኝ እንጦሮጦስ ጊቢ ከንቱ ለእኛም አዲስ ነው አፈር መቅመስ አለበት በምናቀው	1	1	0	0	0	0
amh_train_track1_2501	Mohammmed Jedir የሚባል ሆዳም ለኦነግ ተቀጥሮ የሚሰራ	0	1	0	0	0	0
amh_train_track1_2502	በሼኔመሪ በኩል የወጣው አደገኛ ስትራቴጂ አማራውን ለማድቀቅ አገት ለማስደፋት ከጁታጋርየተዋዋሉበት ሚስጥር? አማራ የሆንክ አንብበህ ውሳኔው ያተው ነው?	1	0	0	0	0	0
amh_train_track1_2503	ትቦርነ chatam ሀብታሙ ቂትህን አስታም አንተኛው አተላ ሌባ ቦቲያም ብብብትህን ታጠብ አጥህተንባ	0	1	0	0	0	0
amh_train_track1_2504	በልጅነታቸው ተሽጠው በቲክቶክ የተገናኙት መንታ እህትማማቾች	0	0	0	0	0	0
amh_train_track1_2505	የመጀመሪያው ትንቢት ነው? መቼ ነው የተፃፈው? የሚገርም ነው ጋዲሳ	0	0	0	0	0	1
amh_train_track1_2506	ለወሬ የሞቱ ናቼው እኮ ግዜጠኞቹም መንደረኞቹም	0	1	0	0	0	0
amh_train_track1_2507	ይህንፊልም የምወደው የሀገራችንን የየዋሁን የአማራ ህዝብ ሰቆቃ ፍትው አድርጎ የሚገልፅ ነው እናም የሀገር ፍቅር ከምን እስ ከምን ከየት እስከየት እደሆን የሚገልፅ ነው እናም የኛም ጀግኖች ለሀገራቸው ለህዝባቸው ለናቶቻቸው ለእህቶቻቸው ለሚስቶቻቸው እየተዋደቁ ነው በውጭም ያለው ጀግኖቹ የአማራ ልጆች እድሁም የሀገር ፍቅርና የወገን ፍቅር የሚያቁ የገባቸው ውድ የኢትዮጵያ ልጅች ከአለም እስከ አለም ያባገነኑን መንግስት በጀግንነት እየተቃወሙት ይ	0	0	0	0	1	0
amh_train_track1_2508	የኢትዮጵያ ሕዝብ አብይ እንዲህ አለ እያለ ሲያኝክ ይኖራል አይታገልና እሱ ለአሜሪካን እንደፈለኩ ካላበድኩ ስልጣኔ ላይ ስጋት ካገጠመኝ ሀገሪቷን አውድሜ እሞታለሁ ብሎአቸዋል አብይ ኢትዮጵያን እንደሚያጠፋ ሁሌ ይናገራል ሕዝቡ ደሞ ሲያወራ	1	1	0	0	0	0
amh_train_track1_2509	ጥሩ ምርጫ መርጠሀል የገታ ልጅ መሆን ደስ ይላል	0	0	0	0	1	0
amh_train_track1_2510	ወይኔ እህቴ ገና በልጅነት ይህን ሁሉ መከራ እግዚአብሔር ይጠብቅሽ	0	0	0	1	0	0
amh_train_track1_2511	ሰዉ ጥራ ቢሉት እራሱ መጣ አለ ሰዉየዉ	0	0	0	0	0	0
amh_train_track1_2512	ዘር እየለዩ የሚጮኹ የሠብአዊ መብት ባለስልጣናት ትገርማላችሁ።	1	0	0	0	0	0
amh_train_track1_2513	የውሸት ዶክተር ገጸባህሪው አስፎገረበት	0	0	0	0	0	0
amh_train_track1_2514	ፕሮፌሰር የብህር ነፍጠኛ የታሪክ ማህደር ነህና እናከብርሃለን እንወድሃለን ኩራታችን ነህ በዚሁ አጋጣሚ የማህበረ ቅዱሳን ጋዜጠኛ እጅግ ሳላደንቅሽ አላልፍም ትህትናሽ የአጠያየቅ የቃላት ፍሰትሽ ይደንቃል በርች	0	0	0	0	1	0
amh_train_track1_2515	ለመሳደብ ሳይሆን ያለኝን በመሬት ላይ ያለውን እውነታ ለማስረዳት ነው  በመጀመሪያ መንግስትና ኣብዛኛው ውጭ ነዋሪ ከመንግስት ጋር ሆድና ጀርባ የሆኑበትን ምክንያት ማጤንና እንዴት ድጋፉ በመቅጽበት ወደ ኣለመደገፍ መለወጡ የኣመኔታ ጉዳይ መሆኑን መንግስት ኣውቆ በውጭ ያለውን ህዝብ ይቅርታ መጠየቅ ኣለበት ሁለተኛው ዲያስፖራ ከኢትዮጵያ ጋር ፍቅር እንዲይዘው ወይም ሀገሩን እንዲረዳ ያረጉት ኣንደኛ ዲያስፖራዎች ናቸው  ወደኢትዮጵያ ከመሄዳቸው በፊ	0	0	0	0	0	0
amh_train_track1_2516	የተከበሩ ከንቲባችን እየተሰሩ ያሉትን ልማቶች ሳላደንቅ መለፍ አልፈልግም ነገር ግን አንዳንድ በዘርና በዘመድ የተሰገሰጉ ስራተኞች ስራዎትን አመድ አፋሽ እያ	0	0	0	0	1	0
amh_train_track1_2517	ግን ምንም ትሁን የምትወደዉን ሰዉ እደማገኘት ደስ የሚል ነገር የል የምር	0	0	0	0	1	0
amh_train_track1_2518	አዲስ አበባ የተመሰረተችው ያያቴን ከብቶች አባረውና ቤቶች አፍርሰው ነው ማለት ፓይለት ሆኜ ዓይሮፕላን ሳበር በከፍታ ላይ ሆኜ ድንገት ጎማው ስ	0	0	0	0	0	0
amh_train_track1_2519	ህፃናትን የሚገል እስራኤል ጨካኝ ቦቅባቃ ፈሬ	0	1	0	0	0	0
amh_train_track1_2520	እኔም ተጠራጥሪያለሁ ። ለዛም ነው አስትያዬት ከመስጠት የተቆጠብኩት ። ግን አይልም አይባልም ከዚህም የከፋ እያደረጉ ነው ።	1	0	1	0	0	0
amh_train_track1_2521	ትክክል ነህ ወንድሜ በጣም ያንገበግባል ያማልም! ነገርግን ስሜታዊ ሆነን ለጠላቶቻችን ደስታ እንዳንጨምርላቸውና ጠላቶቻችን እኛን የሚከፋፍሉበትን ክፍተት እንዳያገኙ	0	0	0	1	0	0
amh_train_track1_2522	ማሐይም መሬ ያልበት አገር ስንት አመት የተማርውን ሰው አንድ ወደል ማሐይም ጋላ ሰው ሲገል በጣም ያሳዝናል እይ ኢትዮጵያ አገሬ መቸም አንድ ቀን እግዚአብሔር ይጎብኝሻ	1	1	0	1	0	0
amh_train_track1_2523	ኦርቶዶክስ ለመሆን መመመረጥ መታደል ያስፈልገዋል። መልካም ጭፈራ ይሁንልህ	0	0	0	0	0	0
amh_train_track1_2524	እኔ ምልህ ሰሞኑን INSA ከCrypto ጋር ግንኙነት ያላችሁ ሰዎች ተመዝገቡ የሚሉት tax ለማድረግ አስበው ነው?	0	0	0	0	0	0
amh_train_track1_2525	ለመሆኑ ኢህአዴግ ማለት ድሮ መለስ ዜናዊ ሲፈጥረው ከሰጠው የአገዛዝ ስልት ውጩ ሌላ የአገዛዝ ፍልስፍና የለውም? መንግስታዊ ሽብር አቁሙ፣	1	0	0	0	0	0
amh_train_track1_2526	በልጅነትሽ ይሄ ሁሉ መከራ 😭😭😭🙈💔🤦🏾‍♀️😭😭😭💔💔💔	0	0	0	1	0	0
amh_train_track1_2527	 ሺንታም አለ በደረሰባቼው ፍርሀት ሺንታችን እየሸናን ነው ከአልጋችን ላይ ብዙ ወታደር እንዳበዱ አልሰማሺም ዘመናዊ መሳሪያ መታጠቅ ሳይሆን ልብን ያለመሳሪያ ማጀገን ነው አንች የልጂ ልጂ 	0	1	0	0	0	0
amh_train_track1_2528	ጋዜጠኛ ኦሀድን በከፍተኛ ትኩረትና ፍላጎት አዳምጠዋለሁ ይበልጥ እንድታዳምጠው የሚገፋ ብቃት ያለው ሰው ነው  ምክናያቱም በጣም የበሰለ አዋቂና ሚዛናዊ ሰው በመሆኑ ነው እንዲህ አይነት ብሩህ ጭንቅላት ያላቸው ሰዎች መድረክ ያለማግኘታቸው ያሳዝናል	0	0	0	1	0	0
amh_train_track1_2529	ልክ ብለሀል በቁም የሞቱ ናቸው በህይወት የሉም እኮ	1	1	0	0	0	0
amh_train_track1_2530	ለፈለጋቹት አከራዩ ችግሩ ግን በናንተ መሬት ሆኖ ኢትዮጵያ ን የተነኮሰ ግዜ ነው እናንተንም እነሱንም አፈር ምናስበላቹ	0	1	0	0	0	0
amh_train_track1_2531	የገባንበት ቀውስ በአንድና በሁለት ምኒልኮች የሚቀረፍ ላለመሆኑ ማስረጃ መጥቀስ አያስፈልግም። ዛሬ ላይ 5060ሚ እስክንድሮችና ሺህ ታዴዎስ ታንቱዎች ያስፈልጉናል። ለነጻነቴ እኔ ምን	1	0	0	0	0	0
amh_train_track1_2532	ወይኔ እንደዚህ አይነት እናትም ጨካኝ አለች ምን ጉድ ነው 😥😥😥💔	0	0	0	1	0	0
amh_train_track1_2533	በሰው ስቃይ በተለይ በትግራይ ላይ ግፍ የፈፀመ ያስፈፀመ በቅርቡ ሁሉንም ፍዳቸውን እያሳየን ነው ከኦርዴጋን የቱርኩ ጀምሮ ተመስገን እውነትም ሃያሉ እግዚሔር ኣለ	1	0	0	0	1	0
amh_train_track1_2534	ሐገር በእናንተ አመራር ለውጥ አታመጣም  ዘረኞች ናችሁ  በሠላም ሥልጣን ብትለቁ መልካም ነው ልክ እንደ ጠሚ ሓደሣለኝ የተረከባችሁትን ሥልጣን አሥረክቡ ካልሆነ የናንተ ውድቀት የከፋ የከረፋ ይሆና ል	1	1	0	0	0	0
amh_train_track1_2535	በጣም ያማል እግዚአብሔር አምላክ ይርድሽ መጨረሻሽን ያሳምረልሽ እግዚአብሔር ያመነ ምንም ኣይፍረም እመቤታችን ትጠብቅሽ እህቴ	0	0	0	1	0	0
amh_train_track1_2536	ምን አስለቀሳት አያልቅ እሱ ካልደከመው	0	0	0	0	0	0
amh_train_track1_2537	ይድረስ ለአቢቹ ተሸንፈው ያሸንፉ የህዝቦ ሞት ስደትና መከራ እንዲያበቃ ፦ 1 የኢኦቤክርሰቲያንን እና አማኞቻን ይቅርታ ይጠይቁ ። 2 ከወያኔ ጋ	0	0	0	1	0	0
amh_train_track1_2538	ልንገርህ ካድሬ ምናምን አትበል። ህዝብ በዳይስፖራ ብልግና እና ጩሀት ሲደናበር አይኖርም፣ ስንት እውቀት ምናገኝበት ኢንተርኔት አዘጋቹ፣ ፋኖን የመሰለ የአገር	1	0	0	0	0	0
amh_train_track1_2539	በፈጣሪ ምን አይነት ዘግናኝ ነው	0	0	0	1	0	0
amh_train_track1_2540	ማን ኣስተማሪ ኣደረገህ ፕራንክ በዚህ ተጀመረ እንዴ ምነዉ ሞኞ ተሞኚተህ ህዝቡን ለማሞኘት ትተጋለህ ተነቅቶብሃል ላሺ በል ሸሀም ነው በፈጣሪ ኣትቀልድ ጥቅስ ኣንስቶ መናገር እማ ሰይጣንም ይናገረው ነበር በጣም ተጃጂለህ ኣለም ሲሞላልህ በዚህ ብቅ ልበል ወነዶቺ ናቸው እንዴት እንዳጠመዱህ ለራስህ ገግመህ ለሰው ኣታስገገገም ጂላፎ	1	1	0	0	0	0
amh_train_track1_2541	የጆርሽ ደስ ይላል ራስሽ ተንከባከቢ ወፈርሽ ትንሽ	0	0	0	0	1	0
amh_train_track1_2542	ብትሞትም በትሞትም አህያ ያጅብ እራት ነችድሊ ያፍልስጤም ነው	0	1	0	0	0	0
amh_train_track1_2543	በጣም ጥሩ ነው ቢለቁ ለሃገርም ለወገንም ጠቃሚ ነው ሰላም ይመጣልምሆኖም ለፍርድ መቅረብ አለባቸው ለጎዷቸው ንፁሃን መንፈስ ማደሻ ለመጪውም መንግስት ማስተማሪያ ይሆን ዘንድ	0	0	0	0	1	0
amh_train_track1_2544	ምንኛ አረመኔ ናት ስት ህዝብ እያለቀ ነው	1	1	0	0	0	0
amh_train_track1_2545	ምን ብታደርገው ነው እንዲህ መጥላት ያስፈገው ድንግልዬ የጌታዬ እናት ምህረትሽ አይለየን	0	0	0	1	0	0
amh_train_track1_2546	እግዚአብሔር ትዕግሥተኛ ኃይሉም ታላቅ ነው በደለኛውንም ንጹሕ ነህ አይልም እግዚአብሔር በወጀብና በዐውሎ ነፋስ ውስጥ መንገድ አለው ደመናም የእግሩ ትቢያ ነው።ባሕሩንም ይገሥጻታል	0	0	0	0	0	0
amh_train_track1_2547	ለምን ሰላም ሆነ ? ብለው የበገኑ የሰላም ጠላቶች ጀግናውን አሳጡን ጀግና አይሞትም ስሙ ከመቃብር በላይ ከፍ ያለ ነውና እርሱስ በተሰጠው ቀን ለሀገሩ መልካም ሥራ ስርቶ በተግ	1	0	0	1	0	0
amh_train_track1_2548	እውነት በጣም የሚገርም እይታ ነው አሁን የዚህን ሠውዬ ክፋት ጭካኔ አሁን ግልፅ ነው ስለሆነም በማንኛውም ሁኔታ ውስጥ ሆነን መታገል አለብን እስከ ሂወት ፍፃሜ ድረስ የ	1	0	0	0	0	1
amh_train_track1_2549	ምን አርገሽ ነው እንክርዳድ ነሽ ብለው ህወኃት አማራዎች ስጋሽን የሚበሉት? አንቆጳ እኮ ጥሩ ነገር አሰማችን ዛሬ ያ ፈረንጆች Shoot aim rel	1	0	0	0	0	0
amh_train_track1_2550	አስቴር በዳኔ ማን ናት? በከፊል ኦሮሞ ሆና ለምንድነው ኦሮሞዎችን የምትጠላ? የአስቴር በዳኔ ሙያ እና ሥራ በግልፅ የሚታወቅ ነገር ባይኖርም ስለ እርሰዋ አንዳንድ ነጥቦችን ማንሳት እፈልጋለሁ። አስቴር በዳኔ የቀድሞ ስሜዋን የቀየረች ሲሆን ከአማራና ከኦሮሞ የተገኘች በመሆኑ የማንነት ቀውስ ውስጥ ገብታለች። በዚህም በሌሎች ሰዎች ዘንድ ዲቃላ የሚል ቅፅል ሥም የተሰጣት ወይዘሮ ናት። በአባት ወይም በእናንት አማራ የሆኑ የአባታቸውን ብሄር	0	1	0	0	0	0
amh_train_track1_2551	ምነው የዶክተር እስራኤል ጥላሁን ሞት በዝምታ አለፋችሁት ባለስልጣን ስለሆነ ነው ዝምታው ፍርሀቱ እስከመቼ ነው ንፁሀንን እያየን ዥምታ ብልፅግና ገዳይ አስገዳይ የአውሬ ስርአት አራማጅ ነው አዲስ አበቤ አሁኑኑ ካልተነሳህ ዘንዶው በየቤትህ በር ላይ ቆሟል ካልተነሳህ ኦርቶዶክስን እና እውነተኛ ሙስሊምን አጥፍቶ ሉሲፈርን ለማስመለክ ግብረሰዶምን ትውልዱን ለማስበላት ለማርከስ ለጨለማው ስርአት ለመዘረጋት ኦሮሙማ በሚል ሽፋን እየተሰራ ነው እንንቃ 	1	1	0	0	0	0
amh_train_track1_2552	እምዬ ሚኒሊክ ብልህ መሪ ነበሩ አቶ በህይሉ ጥሩ ተርከሀዋል	0	0	0	0	1	0
amh_train_track1_2553	የኢትዮጵያ ባለስልጣናት መቼ ይሆን እውነትን የሚናገሩትን እንደጦር መፍራት የሚያቆሙት? 50 አመት እውነት የተሳደደባት ሀገር !	1	0	0	0	0	0
amh_train_track1_2554	አይ ለካ የጠፋኸው ወደዚህ ወደጨለማ ሂወት ገብተህነው ፈጣሪ ከጨለማ ሂወት ያውጣህ😂	0	0	0	1	1	0
amh_train_track1_2555	በአፍ ብልፅግና በተግባር ድህነት በአፍ እድገት በተግባር ውርደት በአፍ ደህንነት በተግባር ስጋት በአፍ መልካምነት በተግባር ክፋት በአፍ ኢትዮጵያ በተግባር መንደተርኝነት?	0	1	0	0	0	0
amh_train_track1_2556	አቶ ጀዋር በጣም መስከኖት በጥልቅ ለማሰብ በር የከፈተሎት ይመስለኛል ብዙ መልካም ሀሳብ አድምጫለው በዚሁ ይቀጥሉ	0	0	0	0	1	0
amh_train_track1_2557	ይህን የውሸት ትርክት የሰሙ ወጣቶች ወደ ሌላ ሀገር ለመሄድ ብዙ ብርከፍለው በየመንገዱ በየበረሃው ሲቃይ እንግልት ሞት የአሣ እራት እየሆኑ የ	0	0	0	1	0	0
amh_train_track1_2558	የዚችን ተከታታታይ ፕራንክ መጨረሻ ማየት ነው የናፈቀኝ 😀	0	0	0	0	1	0
amh_train_track1_2559	ቤተመንግስት በዛብኝ የፌደራሉን ወድጀዋለሁ ምክንያቱም ቤተመንግስት ተገነባም አልተገነባም ድህነት ይቀጥላል we r african ስለዚህ አየገነባን እንቀጥል ግን ሁ	0	0	0	0	0	0
amh_train_track1_2560	ጉሩሉ በጣም እራስ ወዳድ እና ምንም የማትረቢ ሴት ነሽ እኔ የሚታየኝ የጉልፍም ሳይሆን የሶ ጭካኔ ነው 	0	1	0	0	0	0
amh_train_track1_2561	እሽ አይተነዋል ወደነዋል ግን በጀት የለንም🤣🤣🤣	0	0	0	0	1	0
amh_train_track1_2562	ቆሞ ቀሮች vs የታሪክ ምርኮኛች መሪዎቻችን ለቃላችሁና ለተግባራችሁ ጥንቃቄ አድርጉ። ሌላ አጀንዳ አትስጡን። ይህ ህዝብ በቃ! ያለ እለት የከፋ ይመጣል። ህዝብ ሌላ አጀንዳ የለውም በሰላም አብሮ ከመኖር ውጭ።	1	0	1	0	0	0
amh_train_track1_2563	ከዚህ በታች ያለውን የቪዲዬ ክሊፕ ከፍታችሁ ስሙ! የእህታችን እይታ በጣም የሚገርም ነው! ሃሳቧን እኔም እጋራለሁ! ስሙት!	0	0	0	0	1	0
amh_train_track1_2564	በእጅጉ የሚያሳዝንና የሚያስተሳስብ አሳፋሪው ነገር ከእኛ ወዲያ ኢትዮጵያዊነት ላሳር ነው  የ3ሺ ዘመን ባለታሪኮች ነን ባዮችና በኋላ ቀሪነታቸው ጌዜ መዋጀት እንዳልቻሉ እንኳን የማይገባቸው ስብስቦች  የወደብን ጉዳይ በሚመለከት የአዞ እንባ እያነቡ ርካሽ ፕሮፓጋንዳቸውን ያሳኩ መሰሎሏቸው በሀገር ጥቅም ላይ እየዘመቱ ነው ደርሰው ፍታሓዊነታቸውም ያስተሳዝባል  ቀድሞውንም ቢሆን በዙሪያችን ያሉት ወደቦችን በሽያጭ ያሳጡን አያቶቻቸው እንደነበሩ ሊነ	0	1	0	1	0	0
amh_train_track1_2565	ሞርተኛ አማራ እየሞተም ይበዛል አንተ ግን ለአማራ ጠላት እየሆንክ እደሆንክ ተውቃለህ ለመከበር ማክበር አስፈላጌ ነው እንዳድ የኦሮልጆች ባለጌ ቢሆኑሞ የተከበረው የኦሮሞ ህዝብ ገላ ስትል ሼም የማይዝህ	1	1	0	0	0	0
amh_train_track1_2566	መብቴ ስብእናዬ ሀይማኖቴ የሰላም ዋስትናዬ ወዘተ ይከበርልኝ ብሎ መጠየቅ ለOPDO PPs ለምን ኦሮሞን ከማስተዳደር ጥያቄ ጋር እንደሚያያዙት ድንቁርና ይሁን ከርሳቸውን የሚሞሉበት ክፍያ እንዲህ የሚያናግራቸው የሚል ግርምት ይፈጥራል	1	0	0	0	0	1
amh_train_track1_2567	አይሁድ ይሁዲ እንኳን አለም ህዝብ ለክርስቶስ እንኳን አልጠቀመም ህዝቡ እርጉም ነው ልክ እንደኛ ይፈረድበታል በመፅዓት ዘመን የክርስቶስ የተስፋዩቱ የቃልኪዳኒቱ አገር ቅድስት እየሩሳሌም እስራኤል ትቀጥላለች አይሁድ እስራኤላውያን መቼ ነው የናተ ይመጣል የምትሉት የሞተላቹሁን ክዳችሁ የተስቀለውን አጭበርባሪ ብላችሁ የዘበታቹሁት ፍቅሩ ያልገባቹሁ እስካሁን እና የናንተ ትክክለኛው የምትሉት ለኔ ደሞ ትክክለኛው አጭበሪባሪ ለናንተ እውነተኛው ለኔ ደ	0	1	0	0	0	0
amh_train_track1_2568	አቢቹ አባ ቢያ አባ መላ ይምራ ልብ እየጠበበ ጨጓራ እየሰፋ ትልልቅ ሰው በዝቶ ታላላቅ ሰዉ ጠፋ እየቀጨጨ አንጎል ትከሻ እየሰፋ ታዋቂ ሰዉ በዝቶ አዋቂ ሰዉ ጠፋ ሞፈር ቀንበር ጥሎ ክላሽ ተሸካሚ እድገት ተፀይፎ ጦርነት አላሚ በዳር መሀል ሀገር እንዳሸን ቢፈሉም አቢቹን ከራዕዩ ሊያስቆሙት አይችሉም ምቀኞች ሲጮሁ በዩቲዩብ ሜዳ ላይ አቢቹ እየሰራ ከፍ አለ ወደ ላይ ኢትዮጵያን ለማፍረስ ቢደክሙ ቢለፉ የሚከተላቸው ያው ጅላንፎና እንከፉ መተዛዘ	0	0	0	0	1	0
amh_train_track1_2569	ዩክሬን የተወለደችው ሞዴል ‘ሚስ ጃፓን’ ተብላ መመረጧ ቁጣን ቀሰቀሰ	0	0	0	0	0	0
amh_train_track1_2570	ፅንፈኛ ማን እንደሆነማ እኮ አየነው ከመንግስታቹ ጀምሮ ፅንፈኛ መሆናቹሁን አረጋገጣቹ ያልገደለውን ገዳይ ስትሉ እድሜ ለቴክኖሎጂ ተጋለጣቹ ድንገት እውቀቱ ከለ	1	0	0	0	0	0
amh_train_track1_2571	በጣም ድስ ይላል አቶ ታከለ የጀኦሎጂካል ሰርቬይ መኮስመኑ አሳሳቢ ነዉ የሃድሮጅኦሎጂ ክፍሉ በከፊል ወደ ዉሃ ሀብት መዞሩ ባይጠላም ያለ ከርሰምድር መረጃ ሀ	0	0	1	0	1	0
amh_train_track1_2572	የዓለም ጤና ድርጅት አዲስ የኮቪድ ዝርያ ዓለም አቀፋዊ ስርጭቱ ፈጣን መሆኑን ይፋ አደረገ	0	0	0	0	0	0
amh_train_track1_2573	ምኒልክ ግቢ ውስጥ ማንም ወራሪ ጥምብ ጋላ ማንም ጥምብ ባንዳ ትግሬና ማንም ጥምብ የአማራ ፍናፍንት ገብተው እያግማሙን ነው ስብራት መጠገንና መትረፍ ከፈለክ ሕገ አራዊት የሆነውን ሕገ መንግስት ቀይር ጊዜው ሲደርስ መስቀል አደባባይ ላይ ከነሚስትህና ግብረ አበሮችህ አርባ ተገርፈህ ትሰቀላለህ እናትህን ልብዳት ፋኖ እባላለው	1	1	0	0	0	0
amh_train_track1_2574	ሕንድ በጸሐይ ላይ የምታደርገውን ታሪካዊ ተልዕኮ በስኬት ጀመረች	0	0	0	0	1	0
amh_train_track1_2575	ከስሜታዊነት ወጥተህ መረጋጋትህ መልካም ነው ኢትዮጵያን ማሸነፍ አይቻልም በእኩልነት ተከባብረን መኖር ብቻ የዘር ፖለቲካ በአዋጅ መታገድ አለበት ጋዜጠኛ ደረጀ ሀይሌ ምርጥ ኢትዮጽያዊ 	0	0	0	0	1	0
amh_train_track1_2576	ፕራኩ መልካም ጎንም አለ መጥፎ ጎንም አለ ነገር ግን መልካሙን ብቻ ተቀበሉ።	0	0	0	0	0	0
amh_train_track1_2577	እንዲ ኣይነት ብርታት፡ከዚች ክ ህጻነትዋ ጀምራ መከራ ያየች ልጅ እንዲ መሰማት እንዴት ድንቅ ነው፡ያመንሽው ጌታ ከሁሉም በላይ ያረግሻል፡ይሄ ሂወት ታሪክ ሆኖ ይቀራል፡ኣይዞሽ ለብዙዋች ኣርኣያ ትሆኛለሽ፡	0	0	0	1	1	0
amh_train_track1_2578	ሴቶች በወንዶች እንክብካቤ ሲደረግላቸው የተለየ ደስ የሚል ስሜት ይሰማታል ። እኛ የበዛ እንክብካቤ እና care በሴቶች ሲደረግልን መጥፎ ስሜት እና የበታችነት ይጫናነናል ። በተለይ	0	0	0	0	0	0
amh_train_track1_2579	Ethio360 ባይኖር አማራ ብቻ አደለም ኢትዮጵያ ምን እደሚዉጣት አየይ ብልጽግና ብልግና ነዉ እጅ	0	1	0	0	0	0
amh_train_track1_2580	አቤቱ የሆነብንን አስብ አምላከ እስራኤል ይፍረድ  አብይ ተዋህዶን ና ቤተክርስቲያን የማጥፋት ዘመቻ ቀጥሎበታል ፍርድን ከእግዚአብሔር ይቀበላል ይሄ አረመኔ መድኃኔዓለም ከምድረ ገፅ ያጥፋው	1	1	0	1	0	0
amh_train_track1_2581	በቃ አሜሪካ ትዋጋላችኋለች አትጨነቁ እስራኤላዊያን ...!	0	0	0	0	0	0
amh_train_track1_2582	የትነው ያለው እሄ ሚዲያ ከላይ የሚጽፋው ሽብር ፈጣሪ ነው ሀገር ተቀምጦ ነው እንዲህ የሚቀበጥረው ይገርመል	1	0	0	0	0	1
amh_train_track1_2583	ቆሻሻ ናቹ ሀማስን የምትደግፉ ሰዋች ሴት ለደፈረ ጠበቃ መሆን ህፃን ኦቭን ውስጥ ከተው ለሚያበስሉ ንፁሀን ሰላማዊውን ዜጋን የሚገሉ ነብሰ በላ አሸባሪ ቡድን የምደግፉ ደንቆሮዎች ንቁ የፍልስጤም ሰዋች ሀማስን አይወክልም እሺ መጀመሪያ የፍሊስጤም ሰዋች በሀማስ የሚደርስባትን ስቃይ ወደ ኋላ ተመልሳቹ የፍልስጤምን ዜጎች ጠይቁ ሰው ካላቹ በተረፈ በባዶ ጭንቅላታቹ አትወራጩ	1	1	0	0	0	0
amh_train_track1_2584	የሰሜን ኮሪያው ኪም ጥይት የማይበሳቸው 20 ተሽከርካሪዎችን ጭነው ሩሲያ ገቡ	0	0	0	0	0	0
amh_train_track1_2585	አማራ አሁን እናንተ አደረሳችሁበትና ልታደርሱበት ካቀዳችሁት የበለጠ ግዙፍ መከራ አልደረሰበትም አይደርስበትም።	1	0	0	0	0	0
amh_train_track1_2586	ዴኒዝና ጃን ፍቅር ይገባቸዋል ናሪን ከፈርሀት ጋር እንድታወራ ምክንያት ፈልገዉ ዞር አሉላት	0	0	0	0	0	0
amh_train_track1_2587	ኧረ ይሄን ደግሞ ከየት አምጥተው ጣሉብን ወይ ዘድሮ ስቱን እሰማለን እናያለን ስት ወገን እያለቀ አድቀን እንኳን ድምፅህ ያልተሰማ አውሬ ዛሬ ለጣወት አምላኪወች መልካም ምኞት ገላጭ ሆክ የሆንክ አስመሳይ ከርሳም ነህ ጠብቅ ዋጋህን ጀግኖቻችን ያጎነፅፋሀል	1	1	0	0	0	0
amh_train_track1_2588	ያሁሉ የለፋችሁለት የኢትዮጵያ የሚመስለው መንግስት ? ኦሮሙማ ተረኛ ኬኛ ስግብግብ መንግስት ለአንድ	0	1	0	0	0	0
amh_train_track1_2589	ያለን ሠላማዊ የሆነ ድንቅ ጥበብ ነው አካባቢውን አውቃለሁ ይቻላል	0	0	0	0	1	0
amh_train_track1_2590	ቱል ቱላ  ድሮም ዘንድሮም የምትለፈልፉት አንድ አይነት ነው የሕዝብን መጠቀሚያ ማድርግ ብቻ አያዋጣም  አማራን ተጠቅማችሁ ለበለጠ ብልግና ለምሰራት አንፈቅድም  ለወደ ስልጣን ለመምጣት ኦሮአማራ  ለጦርነት አማራ ብቻ  አማራ ሞቶ እናተ ልትቀጥሉ  አይቻልም  ሲጀመር ሸዋ ከኦሮሚያ ካርታ ላይ መነሳት አለባት  አማራ ሁሌ በገዛ ሀገሩ ሸዋ የሚኒሊክ ሀገር በተኮሎኮሉ ኦሮሞማውች ሲታመስ አይኖርም ሸዋን ለቀቅ  ወለጋን አሩሲህም ባሌን ጠበቅ አርግ  	1	1	0	0	0	0
amh_train_track1_2591	የአፍሪካ ዋንጫ፡ ሞሮኮ ስትሰናበት ማሊ እና ደቡብ አፍሪካ ሩብ ፍጻሜን ተቀላቀሉ	0	0	0	0	0	0
amh_train_track1_2592	ባጭሩ አማራም አክራሪ ዘረኛ ነውዝም ብለህ ኦህዴድ ኦነግ አትበል እያለው ነውትክክል !	0	1	0	0	0	0
amh_train_track1_2593	አጭበርባሪ ልወደድ ባይ ነህ እስኪ መጀመሪያ ያጭበረበርካትን አሁን ከፈታሃት በፊት የነበረችውን ሚስትህን በአደባባይ ይቅርታ ጠይቅ አስመሳይ ነህ	0	1	0	0	0	0
amh_train_track1_2594	እንደውም ቀድሞ ከነበረው የከረረ ጽንፍ የያዘ የሽብርተኛ ቅስቀሳ በእራሱና ሌሎች ጨምሮ የውሽት ትርክት በየከተማው ሕዝብን የሚለያይ ሰበካው ወደ ሽብር ሲቀየር በማረጋጋት ፋንታ በሰው	1	1	0	0	0	0
amh_train_track1_2595	ሞት እና ጥፋት ለአይሁዳዉያን ይሁን ነዉ የኢትዮጵያ አቋም	0	1	0	0	0	0
amh_train_track1_2596	ዛሬ 2ተኛ ነኝና ላይክ እና subsCribe ይገኛል ብሎ አበረታች የዓለም የለም ብየ ነበር አሁን ግን ቃና እያወዛገበኝ youtube ላይ ጣለኝ አይ ዘንድሮ ጭንቀት ብቻ ሆነብኝ እናንተ መዳመ ጠራችኝ ቻው በቃ	0	0	0	1	0	0
amh_train_track1_2597	መንጌ ጠላቱ ባለጌ እሱ ግን ይኖራል ለኢትዮጵያ ሁል ጊ ዜ	0	0	0	0	0	0
amh_train_track1_2598	EBC ከህዝብ ሚዲያነት ወደ ፖለቲካል ፓርቲ ሚዲያ ተቀይሮ ደፋ ቀና ሲል። ሰለ ዋናው ሰንደቅ ዓላማ ትርጉም ብትነግሩን !!!😄😄😄	0	1	0	0	0	0
amh_train_track1_2599	ክቡር ከንቲባ ግሩም ስራ ነው ነገር ግን አየር ማውጫም ሆነ ማቀዝቀዣ አልተገጠመለትም ተሳስቼ ከሆነ ይቅርታ ለሰራተኞቹ በማሰብ ነው	0	0	0	0	1	0
amh_train_track1_2600	የአስፊቲ የሀቀሀብር ስነስርአት ታስቦበት ከሳምንት በላይ ዝግጂት ተደርጎ ነው የገነነ በድንገት ሞተ ቀብሩንም አጣደፉት ስለዚህ ሌላውን መንግስትህን ወቀስ	1	0	0	0	0	0
amh_train_track1_2601	ባካቹሕ ይሔ ሰዉ እብድ ነዉ።ቶሎ ብላቹሕ ነገሮች ሳያበላሽ።እስርቤ አስገብታቹሕ።ተገርፎ ስረአት ማድረግ አለበት።አለበልዚያ ከዝች ምድር አጥፉት።ቀዉስ ነገር።የእግዛቢሔር ሓሳብና ፍቃድ ሊያበላሽና ሊያጠፈ የተፈጠረ የዳቢሎስ ልጅ ነዉ።ሑላቹሑም ልኩን አሰሙት ፊት አትሰጡት ሌባና አጭበርባሪ ነዉ።ለመሖኑ ይሔ ቤተሰብ አለዉ።አብሮ አደግ ጎደኞች አሉት።ለምን አይመክሩቱም አይገስጹትም።	0	1	0	0	0	0
amh_train_track1_2602	ፕሬዝዳንት ሳህለ ወርቅ እርስዎን የመስለ ዲፕሎማት ይህንን ግፍኛ መንግስት ጋር አብረው እየሰሩ ጥሩ ስምዎን በታርክ ተወቃሽ ከሆኑ ዲፕሎማት አንዷ መሆንዎን እንዳይረሱ በዚህ በአምስት አመት በኢትዮጵያውያን ላይ የደረስው ግፍ በደል ሞት መፍናቀል እዚህ አትገባም ተብሎ የታረደው የተቃጠለው መስጊዱ የፈረስው አብያተክርስቲያን የተቃጠለው ገዳማት የፈረሱት በእርስዎ ፕሬዝዳንት ሆነው ስለሆነ በዚህ ይጠየቃሉ እና ለዚህም ዝግጁ ሆነው ይጠብቁ ግፉ በዝቷ	1	0	0	1	0	0
amh_train_track1_2603	እኔ በበኩሌ ከፍለው ነው ያስግረዙኝ ምክሩን ግን ሳላደንቅ አላልፍም	0	0	0	0	1	0
amh_train_track1_2604	ገዳይ የገዳይ ልጅ በተስፋፊ ጭንቀት ሰለ ተነቀሰ ሐዘናቸው ለመግለፅ	0	1	0	0	0	0
amh_train_track1_2605	Ezra Ezu በጠዋቱ አረካኸኝ ጆሮ ያለው ይስማ የኢየሱስ ስም የአጭበርባሪዎች መነገጃ መሳለቂያ ማድረግ ይብቃ *	1	0	0	0	1	0
amh_train_track1_2606	ኡፍ !መላዕክት ነሺ ካንቺ ጋር አለቀስኩ።እንኳን ፕራንክ ሆነ	0	0	0	1	0	1
amh_train_track1_2607	ደህንነታቸው ለተጠበቀ መጸዳጃ ቤቶች መጨነቅ ያለብዎት ለምንድነው? ምክንያቱም ከንፅህና አጠባበቅ ጉድለት ጋር የተያያዙ በሽታዎች በጣም ተላላፊ ናቸው። 14	0	0	0	0	0	0
amh_train_track1_2608	እሰይ ባለጌ ይበልሽ ለምስጋና ነው ለዝሙት ነው የምትሄጂው በመጀመሪያ አላማሽን ያላወቅሽ አንቺ እንጂ እሱ አይደለም ትዳርን መፍታት የተፈታም ያገባው አመነዘር ይላልኮ ወንጌሉ ግን በክርስቶስ ኢየሱስ መነገድ እንጂ ሕግን አታከብሩም አንቺና መሰሎችሽ በየ አዳራሹ እየጨፈራቹ ስንቶቻቹ ናቹ የሷን እጣ የደረሳቹ ስለምን አታስተውሉም ኢየሱስ በምግባር በሃይማኖት የሚሰበክ እንጂ በምላስ አይደለም ልብ ያለው ልብ ይበል ይቁምና ያስተውል እውነተኛ ወንጌል	1	1	0	0	0	0
amh_train_track1_2609	ቢሉ ደስ ይለኛል፤ ነገሩ ሁሉ መስመር ይይዝ ነበር። በኔ ግምት ግን የሚሉ አይመስለኝም። ምክንያቱም በመንግስት ኮሚኒኬሽን እና የልዩ ግብረ ሀይሉ ያወጡትን መግለጫ መመልከት በቂ ነው።	0	0	0	0	0	0
amh_train_track1_2610	ወይ የእናት ጭካኔ መረዝ ፈጣሪ ይሁንሽ	1	0	0	1	0	0
amh_train_track1_2611	የእውነት የመጨረሻ ጭካኔ ነው ፅናቱን ይስጣችሁ ትሰቀል ትስቀል ትሰቀል😭😭😭	0	0	0	1	0	0
amh_train_track1_2612	በጽንፈኞች ጫማ ውስጥ ህዝቡን አታሽቱት! የህዝቡ መከራ መረዳት ያቃተን በጽንፈኞችና ሌቦች ጫማ ውስጥ ስለምናሸተው ነው።	1	1	0	0	0	0
amh_train_track1_2613	ወደ አብይ ጥላቻ ያንጋደደ ወሬ ብቻ ስትለቃቅሙ አትዋሉ ኢትዮጵያን አገራችሁን ለመገንባት ምን ዓይነት ዜና እንደሚያስፈልግ ለማወቅ ከፈለጋችሁ አስቀድማችሁ እውነትንና ሐቀኝነትን ተማሩ	1	1	0	0	0	0
amh_train_track1_2614	እውይ እረ በመድሀኒለም ፀበል ግባ በናትህ ወይኔ ምን ለማምጣት ነው የሁሉ ውሸት ነገ ጠብቁ አልክ ነገ እንጠብቃለን በስመአም ፀበል ፀበል	1	1	0	0	0	0
amh_train_track1_2615	‘የአፍሪካ አቪየሽን አባት’ የሚባሉት አቶ ግርማ ዋቄ ማን ናቸው? ለምንስ ከሰሞኑ አነጋጋሪ ሆኑ?	0	0	0	0	0	0
amh_train_track1_2616	እነዚህ ቤተክርስትያን ተደብቀዉ አገሪትዋን ሰላም እንዳታገኝ ዘር ከዘር እያባሉ መደበቅያቸዉ ከሆነ ብተክርስትያን መባረራቸዉ ጥሩ ነዉ መባርር ብቻ ግን በቂ አይሆንም ።	1	1	0	0	1	0
amh_train_track1_2617	በኩታበር በአንቡላንሱና በጤና ባለሙያወች ላይ የተፈፀመው ዘግናኝ ግድያ በድሮን ነው የላሊበላውም በድሮን ነው ነገር በከባድ መሳሪያ ብለህ መዘገብህ የመረጃህን ታማኝነት ጥርጣሬ ውስጥ ይከትብሀል ሆኖም በምንም ይሁን በምን ጨፍጫፊው አሸባሪው የፋሺስቱ አብይ ጦር መሆኑ ተረጋግጧል	0	1	0	0	0	0
amh_train_track1_2618	ጋዜጠኛ ተመስገን ደሳለኝ ጀነራል ተፈራን ማሞን ለመጠየቅ በጠዋት እቤቱ በተገኘበት ወቅት የጀነራል ተፈራ ማሞ ባለቤት ተሜን ሰርፕራይዝ አድርጋዋለች። ባለብእሩ ተሜ በድጋሚ መ	0	0	0	0	0	1
amh_train_track1_2619	የሐረርመካነሥላሴካቴድራል ስብከተ ወንጌል ክፍል የ፳፻፲ወ፭ ዓም የትንሣኤን በዓል ምክንያት በማድረግ ለመቄዶንያ አረጋውያን ሐረር ቅርንጫፍ እና ለሐረሪ ክልል የህግ ታራሚዎች የ	0	0	0	0	0	0
amh_train_track1_2620	አይ ሞት ይሻላል የዚህም ህግ ለማስከበረ ተብሎ ለጥያቄ ይቀርባል አቤቱ ጌታ ሆይ በቸርነትህ አስበን እነደ ስሙንም ሲጠራ እነዴት እንደ ሚዘገንን በእውነት ቃለህይወት ያሰማልን	1	0	0	1	0	0
amh_train_track1_2621	በኢህአዴግቁ2 ብዙ ድንቅ ሥራዎች ተሰርተዋል ፓርኮች የልጆች መጫወቻ ላይብረሪ ሙዝየም ዳቦ ቤቶች ተዘርዝሮ አያልቅም ጥፋቱ ደግሞ ዘግናኝ ነው ሚሊዮን ተፈናቅለዋል ሚ	0	1	0	1	0	0
amh_train_track1_2622	ያምራል ግን ልጅን በዝ መልኩ ከንፈር ማሳም ወደፍት ወራዳ ያደርጋል ምክር ሳይሆን ማሳሰብያ ነው	1	0	0	0	0	0
amh_train_track1_2623	በዚህ ሁሉ መከራ እያለፈች አመስጋኝ መሆኗ የኔ ጠንካራ መጨረሻሽን ያሳምረዉ	0	0	0	1	1	0
amh_train_track1_2624	ሀማስ እንዲህ በቀላሉ አይጠፋም። ምክንያቱም የዛሬ 20 ወደ ኃላ እንመለስና ብናስብ የእስራኤል እና የእስራኤል አሽከሮች ሀማስ አጠፋነው ሲሉ ነበር። ነገርግን ሃማስ እንዲህ እሷ እንደምታወራው ያለ ድርጅት አይደለም። የእስራኤልን የስለላ እና የድህነት የሮኬት መከላከያ ሸውደውና ሸዋውደው በእስራኤል ከሚፈልጉት በላይ ጥቃት ፈጽመዋል ወደፊትም ጥቃት ይፈጸማሉ የእስራኤል መንግሥትም ከቀጠናው ሕዝቡን ጥሎ ወደ አሜሪካ ይሄዳል። የእስራኤል እና የፍል	1	0	0	0	0	0
amh_train_track1_2625	እውነት የመርዳት አቅሙ ያላች ደጋግ ሰወች እንዳላችሁ በየ ጊዜው እንመለከታለን ለምታደርግትም መልካም ስራ ሳለመሰግናችሁ አላልፍም እስከዛሬ ጉዳት ካስተናገዱት ወገኖቻችን የዚች ወጣት ልጅ ያሳለፈችው ግፍ እጅግ ልብ የሚነካ ነው መቸም የሰው ልጅ በዚች ልጅ ያለፈውን ግፍ በኔ ልጅ ቢሆንስ ብሎ እንደሚያስብ አያጠራጥርም ስሜቱ ምን ያክል ልብ እንደሚነካ እጅግ አማል አቅም ያላችሁ ባለሀብቶች የአንዱ ማግኘት ለሌላኛው ምሶሶሶ ነው እና የስከዛ	0	0	0	1	1	0
amh_train_track1_2626	Temesgen Goitom ስድቡ ተገቢ መስሎ አይታየኝም ከእግዚአብሔር ጋር ስትጣበቅ የሚያበሳጨዉ ሰይጣን ብቻ ነዉ እሱ ደሞ ባህሪዉ ነዉ ደንቆሮ ብሎ መሳደብ ግን እግዚአብሔርን ማሰዘን እንጂ ሰይጣንንን መገሰፅ አይደለም “እኔ ግን እላችኋለሁ፥ በወንድሙ ላይ የሚቆጣ ሁሉ ፍርድ ይገባዋል፤ ወንድሙንም ጨርቃም የሚለው ሁሉ የሸንጎ ፍርድ ይገባዋል፤ ደንቆሮ የሚለውም ሁሉ የገሃነመ እሳት ፍርድ ይገባዋል።” — ማቴዎስ 5፥222	0	0	0	0	0	0
amh_train_track1_2627	ምከሩት ! ስሜታዊ ሆኖ ከመናገር ይቆጠብ ላም ባልዋለበት ኩበት ፍለጋ አባቱን ፋኖ አልገደለውም ከቪትሰ ወጥቶ ወደ ሌላ መኪና ሲወርድ በስናይፐር የገደለው የኦነግ ሰራዊት ነው። ወን	0	1	0	0	0	0
amh_train_track1_2628	አይ አብይ ፈጣሪ ነፍስህን በቁም ያሳየን ስቃይህን የስንቱ እንባ ከቱ ሆኖ አይቀርም ለወድማችን ነፍሱን ይማርልን ለቤተሰቦቹም ፅናቱን ይስጥልን በጣም ካባድ ነው 	0	1	0	1	0	0
amh_train_track1_2629	ጠሚሩ በህዝብ እንዲጠሉ ያደረጋቸው ጀብደኛ ውሸታም አታላይ ጨካኝ አስመሳይ መሰሪ የዜጎች ስቃይና መከራ እንግልት ፍጹም የማይሰማው ኢትዮጲያን በኦነግ ፕላን የመተካት	1	1	0	0	0	0
amh_train_track1_2630	ሀበሻ ደግሞ ሰይጣን ወይም ጭራቅ በጣም ከመጥቆሩ የተነሳ ጥቁር ከጨለማና ከክፉነቱ የተነሳ ይጠላል እግዛቤሄር ደግሞ የዚህ አይነት ቀለም የለውም አመድ ነጭ ያላችሁትም ውሸት ነው ጥቁር አመድ ጥላሸትም አለ በቃ ወዝ የለለለው አመድና ጭራቅ ናችሁ	0	1	0	0	0	0
amh_train_track1_2631	ትራምፕ ሩሲያ የኔቶ አባልነት ክፍያቸውን የማይፈጽሙ አገራትን እንድታጠቃ “አበረታታለሁ” አሉ	0	0	0	0	0	0
amh_train_track1_2632	በቀልኮ መጨረሻዉ አያምርም እየተጎዱ መኖር በአዱኒያ ቢጎዳም በአኼራ ጥሩ ነዉ	0	0	0	1	0	0
amh_train_track1_2633	ዘረፋ ተፈጽሞብኛል ያሉት የጋናዋ ሚኒስትር ለምን ታሰሩ?	0	0	0	0	0	0
amh_train_track1_2634	በመድኃኔዓለም ስንቱን እየሰማን ነው ከሁሉስ ያንቺስ ስቃይ የከፋ ነው አይዞሽ እኔን ወንድምሽ እንባሽን ቸሩ መድኃኔዓለም ያብሰው። ስንት እህቶቻችን በመከራ ውስጥ አሉ ይሁን ፍትህ ለእህቶቻችን 😭😭😭	0	0	0	1	0	0
amh_train_track1_2635	ኣማራ ክልል ይሁን ፋና የወልቃይት ፀገዴ ይሁን ራያ መንግስት ተነተርሶ ተጠግቶ እንደገባ መሬቱ እንደያዘው Tplf ከፈለገ ለመንግስት ለኣብይ ኣህመድ ድጋፍ ኣድርጎ በሃይል የተወሰደ የራያና የወልቃይት ፀገዴ ማስመለስ ይችላል ጋዜጠኛ ለምን እንደዚህ ብለህ ኣትጠይቄቸውም ወይ ኣትመልስላቸውም ቃለ መጠይቅ አይደለም እንዴ	1	0	0	0	0	0
amh_train_track1_2636	ሂዝቡሏህ ማለት የአላህ ጭፍራ ሰራዊት ማለት ሲሆን ቃሉ ከቁርአን የተወሰደ ነው እንጂ አንቺ እደምትይው የጌታ ፓርቲ ማለት አይደለም ስታቀርቡ መጀመሪያ እውቀት ይኑራችሁ ሂዝቡሏህ ሶሪያ ኢራቅ ሊባኖስ የመን ኢሪን የሚገኙ ሙስሊሞችን የጨፈጨፈ አደገኛ የኢስላም ጥላት ነው አሁን ኢስራኢል ላይ የተነሳው በደም የታጨቀውን እጃቸውን ለማስጠፋት ነው ኡለሞች ሂዝቡሏህ ሙሺሪክ የኢስላም ፀር የሆነ ሙስሊም ያልሆኑ የሺአ ታጣቂ ቡድን መሆኑን ተናግረዋል ስለ	1	0	0	0	0	0
amh_train_track1_2637	በእውነት የሚያሳዝን እንጂ የሚያስቅ አይደለምብራቮ ቢኒ	0	0	0	1	1	0
amh_train_track1_2638	ብልጽግና በአብን በኩል ያወጣው የአጨዳ ወቅት ዲስኩር ሲያስቀኝ መንግስት ተብየው በሱዳን የተወሰደብን መሬት ይመለስ ዘንድ ስለሱዳን ሰላም ጸልዩ የሚለው ማላገጫ አሳረረኝ ጎበዝ ምኑ አዘቅት ውስጥ ነው የወደቅነው	1	0	0	0	0	0
amh_train_track1_2639	ማን ስለፈጠረው ሞት ነው የምታወራው እንሱ የለኮሱት እሳት ኢትዮጵያውያንን በያሉበት የሚያቃጥለው አሁን የጁንታው ወዳጅ መሆንህን አሳየሀን እኔስ አብይ ?ጣሙ ብያለ	1	1	0	0	0	0
amh_train_track1_2640	ሀሀሀ አኡዚቢላህ ብሎ በማራም ወድልጂ ሶብረኛ ሲሆን እደት ደስ ይላል አቤት ትግስት ልክ Mዬ❤👈	0	0	0	0	1	0
amh_train_track1_2641	እኔ ሙስሊም ነኝ ነገር ግን እኒህ አባት በጣም ጥሩ ንግግር ነው በጣም አከብራቸዋለሁ አላህ እድሜና ጤና ይስጣቸው ከናንተ ሸር ግድያ ፈጣሪ ይጠብቃቸው	0	0	0	0	1	0
amh_train_track1_2642	ቆንጆ ሁነሽ የድመወፅሽ ማስጠላት አንቺየ እንዴው ምናለበት ዘየሽን ብትቀይሪው ቀ ቀ ቀ ቀ ቀ ቀቀቀ ቀ ቀ ቀ ቀ ቀቀቀ ቀ ቀ ቀቀቀ ቀ ቀ ቀ ቀ ቀቀቀ ቀቀቀ ቀ ቀ ቀቀቀ ቀ ቀ ቀቀቀ ቀ ቀ ቀ ቀ ቀ ቀ ቀቀቀ ቀ ቀ ቀቀቀ ቀ ቀቀቀ ቀ ቀ ቀ ቀ ቀ ቀ ቀ ቀ 😳😳😳	0	1	0	0	0	0
amh_train_track1_2643	ብግጥሙ ድርሰት ክዜማው ጋር መጣጣሙኔ የድምፅዋን ሀይልና ቃና የሙዚቃው ቅንብርምስ በልዩ ጥንቃቄ የተዝጋጀ የባም ብጣም እጅግ ብጣም የተዋጣለት ምርጥ ዘፈን ነው ብዚህ ውብ ድምጿ ምሉእ እልበሟን ብጉጉት እንድንጠብ ነው ያደረገን እቦ ብርቺ በልዋት	0	0	0	0	1	0
amh_train_track1_2644	በጣም ያሳዝናል ታሪኩ ልብ ይስብራል	0	0	0	1	0	0
amh_train_track1_2645	መጥፎ ስራ ስላልሰራ ግፍ ስላልሰራ ይመስለኛል ልጅ የወጣለት በዛ ላይ ረጂም እድሜ የተሰጠዉ	0	0	0	0	1	0
amh_train_track1_2646	እስራኤላውያን ጥበበኞች ብልሆች ይመስለኝ ነበር ግን ሞኝች ናቸው ቀንቷቸው ሀማስን አጠፉ እንበል ሌላ ሀማስ አይወለድም ወይ ሌላ የከፋ አማስ እንደሚወለድ ጥርጥር የለኝም	1	0	0	0	0	0
amh_train_track1_2647	እንዳይመስልህ ገበሬ ሰላም አግኝቶ በዘመናዊ እርሻ ካልተተካ እረኃብ ይበለኃል በአለም ላይ የሰለጠኑት አገራት ታሪክ አንብበህ ተረዳ ቅድሚያ ለገበሬ ከዛ በኃላ ለገበሬው ምርት ማቅረቢያ መጋዘን ቢሮ ይሰራል ባርክ ለማንም ኢትዮጵያዊ አይጠቅምም ለአገርም አይጠቅምም የነጀርመን ገበሬ የሆላንድ ገበሬ የአሜሪካ ገበሬ እንዴት በአገሩ መንግስት እንደሚደገፉ ብታይ ትደነቃለህ የገበሬ መኖሪያ ቄዬ አሉ ከሚባሉት ኃብታሞች ይበልጣል ዘመኑ የቴክኒክኖሎጂ ነው	1	0	0	0	0	0
amh_train_track1_2648	እጅግ አስደማሚ ነው መሪዬ አብቹ ለስራህ ሁሉ ስኬትን እመኛለሁ	0	0	0	0	1	0
amh_train_track1_2649	ከሰሞኑ ዮኒ ማኛ የተባለዉን አዉቆ አበድ የገዛዉ ብልጽግና የዐማራ መነቃቃት የፈጠረበትን ስጋት መደበቅ በማይችልበት ደረጃ የዐማራ አክቲቪስቶችን ሲያጣጥል ተመልክተናል! ስጋ ጥራ ቢሉ	0	1	0	0	0	0
amh_train_track1_2650	ያሳዝናልል ምን አይነት ጊዜ ላይ ደረስንን	0	0	0	1	0	0
amh_train_track1_2651	እጅግ ያሳዝናል ስንት ሌባ ባለ ስልጣን ሀገሪቷን ግጦ ጨርሶ እንደ ልቡ ይንፈላሰሳል እምነቱ ሃይማኖቱን ባለ እጁ በካቴና ታስሮ ወኒህ ?መንግስት ተብዬው በዚህ ዘመን ሽብር ከሚሰብኩ	1	0	0	1	0	0
amh_train_track1_2652	ሟች ነው ሞት የሚፈርድ ተስፋቢስ ሰው ነህ፣ በሰሩ ሞት ትመኛለህ፣ ሟች አንተ ነህ።	1	1	0	0	0	0
amh_train_track1_2653	ድሮም ሽፍታ ይመሥለኝ ነበር ዞሮ ዞሮ አገኘው	0	1	0	0	0	0
amh_train_track1_2654	ኧረ እኛም ምግብ እንሰራለን ፍቅር ብቻ አይደለም ! ለማንኛውም መልካም ባአል	0	0	0	0	1	0
amh_train_track1_2655	በእርቅ እንኳንስ ሰው ሰማይ ምድሩ ደስ ይለዋል።ጠሚ ከስህተትህ ተምረህ (ተስፋ አደርጋለሁ) ከእብሪትና ማን አለብኝነት ወጥተህ ነገሮች ከቁጥጥር ሳይወጡ ሰላም	1	0	0	0	0	0
amh_train_track1_2656	አገሩን የከፋለ የሸጠ ወደብን ያሳጠ የኢትዮጵያን ጥቅም ያስጠበቀ ትላለህየአገርን ጠላት አገረን ጠባቂ አልከው መለስን	1	1	0	0	0	0
amh_train_track1_2657	የክልል የዘር አክራሪ መሪዎች ሳይሆኑ ይሄ ልጅ ነው መሪ መሆን ያለበት ፡፡ MasterAbinet	0	0	0	0	1	0
amh_train_track1_2658	በሐይማኖት ስም የሚነግዱ ጳጳስ ተገዝተው ሐገርን ለማፍረስ ከሽብርተኞች ጋር ተመሳጥረው ሐይማኖት የማይወክል ንግግር አውደ ምህረት ላይ ቆመው መናገራቸው ያሳዝናል ብዙ ምዕመናን አዝነናል  መከሰሳቸው መልካም ውጤቱ እንጠብቃለን 	0	1	0	1	0	0
amh_train_track1_2659	መርጦ አልቃሸ ቆሻሻሻ ጣቢያ! ሞትና ውርደት ከየትም ተለቃቅመው መጥተው የሰው መሬት ለወረሩት አረመኔዎቹና ጨካኝ ለሆኑት አይሁዶች ይሁን! አሚን!!!ድልና ነፃነት በመሬታቸው ለሚገደሉትና የጭካኔ ጥግ ለሚፈፀምባቸው ሚሰኪን የፊሊሰጢን ህዝቦች ይሁን! አሚን!!!	0	1	0	0	0	0
amh_train_track1_2660	አፈረስኩ ብሎ ተዝናንቶ የነበረ የሚደነግጠው ዘግይተህ አለመፍረስህን ስታሳየው ነው! በዚህም ስሜታዊ እርምጃ ይወስዳል! ብዙ ትልልቆች ትልቅ የሆኑት ብዙ አፍርሰው ነው። 120ሚ መሆናች	1	0	0	0	0	0
amh_train_track1_2661	ሰራተኛዋ ተወግራ ትገደል ። ጨካኝ ነች ።	1	1	0	1	0	0
amh_train_track1_2662	ዝንጀሮስ ከማን ጋር ይሁን የተጋባችው😁😁😁😳🙃🙆🙆🙆🤔	0	0	0	0	0	0
amh_train_track1_2663	ቅዳሴ በስልክ? በአሰበ ተፈሪ እሁድ ለታ ምዕመን በሌለበት ቅዳሴውን ለከተማው ህዝብ በSpeaker እያሰሙ እያለ ድንገት Battery low Please recharge የሚል ድምፅ	0	0	0	0	0	0
amh_train_track1_2664	በጣም ያሳዝናል ሁላችን እንሞታለን በዚህ በ21 ክፍለ ዘመን ወገንን መግደል የገዳይ ሂሊና እንዴት እረፍት ያገኛል ግን ባገራችን ገድለው ከበሮ የሚመታ	0	0	0	1	0	0
amh_train_track1_2665	የሳዑዲ ድንበር ጠባቂዎች በመቶዎች የሚቆጠሩ ኢትዮጵያውያንን መግደላቸውን ሪፖርት ጠቆመ	0	0	0	0	0	0
amh_train_track1_2666	🙊🙊🙊 ወይኔ ኡኡኡፉፉፉ አንጀቴን በላችኝ ያማል በጣም ያማል	0	0	0	1	0	0
amh_train_track1_2667	እና ምን ይጠበስ ወዲ ደስታ ?	1	0	0	0	0	0
amh_train_track1_2668	እጅግ ያማልም ያሳዝናልም እኔ እንዲህ አይነት የክፋትና የጭካኔ ባለቤት የሆኑ ሰዎች ምን ሆነው እንዲህ ጨካኝና አረመኔ ሊሆኑ ይችላሉ የጤነኛ ሰውነት አይመስለኝም...? የእኔ እናት ልዑል እግዚአብሔር ይርዳሽ ፍጻሜሽን ያሳምረው እጅግ ጠንካራ ነሽና ይህን የደረሰበትን ግፍና መከራ ቆጥሮልሽ ፍጻሜሽን ያሳምረው ፈጣሪ ይደግፍሽ...!!!	0	0	0	1	0	0
amh_train_track1_2669	ድንቅ ውይይት ነው በእውነት ጃዋር ላይ የሚገርም ስክነትና ብስለት ነው ያስተዋልኩት ልደቱና ጃዋር በድጋሜ የኢትዮጵያ ፖለቲካ ላይ እንደማያቸው ተስፋ አደርጋለሁ አንጋፋው ጋዜጠኛ ደረጄ ክብር ለአንተ	0	0	0	0	1	0
amh_train_track1_2670	አቢቹ አባ ቢያ አባ መላ ይምራ በምስራቅ አፍሪካ በቢሾፍቱ ሰማይ አለም ተደነቀ ያልገመተውን ሲያይ በዕለተ ቅዳሜ ጠላት ተሸበረ ኤትዮጵያዬን ሊያፈርስ አብሮ የመከረ ጉድ ፈላብህ ጠላት ሀገሬን ብትደፍር ጀግኖች ፓይለቶቿ አያውቁም ድርድር ይደባልቁሀል ከትቢያው ከአፈር ፈርሶ የነበረው የአየር ሀይላችን በትንታጉ መሪ ዳግም ነፍስ ዘራልን ሰማዩ የኛ ነው የሚል መርህ ይዘው ጀግና አብራሪዎቿ ባንዲራዋን ይዘው አረንጓዴ ቢጫ ቀይ ቀለም በትነው የአየር 	0	0	0	0	1	0
amh_train_track1_2671	ጌታ ኢየሱስ ምህረት ያድርግልህ ድሮም የዘረኛ መጨረሻው ይህ ነው ዘረኝነት ጥንብ ነው ስንል የነበረው ለዚህ ነው አየህ መጨረሻህን ወደ ሀጥያት መንገድ ወሰደህዘፋኝ የእግዚአብሔርን መንግስት አይወርስምገላቲያን ሙሉውን አንብበውለሁለት ጌቶች መገዛት አይቻልምወይ ብርሀን ወይ ጨለማን መምረጥ ግድ ነውእግዚአብሔር ምህረት ያድርግልህ በእውነት ታሳዝናለክ	0	0	0	1	0	0
amh_train_track1_2672	አንድም ሶስትም ፡ የኢትዮጵያ ጠቅላይ ሚኒስትር እና የ 2012 ዓም የኖቤል የሰላም ሽልማት ተሸላሚው የዐብይ አህመድ ሰለስቱ ማንነቶች ዐ	0	0	0	0	0	0
amh_train_track1_2673	በሶዶ ከተማ ትላልቅ ፎቆች ሲሠሩ አንድ የተዘነጋ ነገር እየተስተዋለ ነውይኼውም በእያንዳንዱ ሕንፃ ሥርና ዙሪያ parking የመኪና ማቆሚያዎች አብሮ ከፕላን ጀምሮ እስከ ግንባታ ሂደት ትልቅ ትኩረት ቢሠጣቸው መልካም ነውምክንያቱም ለከተማዋ ተጨማሪ ውበት የሚሠጥ ሲሆን  ዘመናዊነትን ከማላበስም አልፎ ለማዘጋጃ ቤቱም ተጨማሪ የገቢ ምንጭም ሊሆን ይችላል	0	0	0	0	0	0
amh_train_track1_2674	ናይጄሪያ፡ የአባታቸውን ሕይወት ለማትረፍ የተዋጣ 70ሺህ ዶላር የዘረፉ ታሰሩ	0	0	0	0	0	0
amh_train_track1_2675	አሁን ላይ ህይወቴ አንደ ኩዚ ነው ሰራ የለኝም ማደርገው ነገር አይሳካልኝ ቤተሰብ አይረዳ ጭንቀት life ፈጣሪ ሆይ እርዳኝ 	0	0	1	1	0	0
amh_train_track1_2676	በትክክል የህዝብን ስቃይ ማስቀረት ነው ቢቻል ፖለቲካው የሚያውቁት ሰዎች ቢያስተካክሉት ጥሩ ነበር	0	0	0	1	0	0
amh_train_track1_2677	ወንድሜ የትኛዉ መንግሥት ነው የምታወራዉ የሰዉ ልጆ በጠራራ ፀሀይ የምገደልበት አገር ነፍሱን ይማር ያሳዝናል	1	0	0	1	0	0
amh_train_track1_2678	ምን አይነት ነውረኛ ነህ	1	1	0	0	0	0
amh_train_track1_2679	አህመድ የግርማ የሽጥላ መሞት አያስገርምም ለአማራ ህዝብ የታቀደው ከዚህም የሚብስ የከፋ እንደሆነ በዚህ አምስት ዓመት አይተናል የግርማ የሽጥላ ሞት የአማራን ህዝብ ለማጥፋት የስራ ማስኬጃ የመጀመሪያ ነው	1	0	0	0	0	0
amh_train_track1_2680	በጣም ያማል የህፃን አምላክ ይፍረድባት	0	0	0	1	0	0
amh_train_track1_2681	በጠራራ ፀሃይ ከዚህ በፊት ምንም ሰው ተገሎ ዘግናኝ ወንጀል ተፈጽሞ አያቅም? ታዲያ የዚህን አጋሰስ ሞት እንደ አዲስ ለምን ታካብዳለህ ሕግ እንዳለሁሉ ስለሕግ ስታወራ ትንሽ አታፍርም	1	1	0	0	0	0
amh_train_track1_2682	ሁለት እበት አንድ አይነት ???	0	1	0	0	0	0
amh_train_track1_2683	ይገርማል የሐበሻ አሰሪዎች እንደዚህ በራሳቸው ሰው ላይ ግፍ እየሰሩ አረብ ባዳ ነው ከፎቅ ሚወረውሯቸው ሰው ሁሉ የዘራውን ያጭዳል መልካምነት ለራስ ነው ሰራተኛ አትበድሉ ለልጆቻችሁ ለልጅ ልጆቻችሁ መከራ ታወርሳላችሁ ።	0	0	0	0	0	0
amh_train_track1_2684	Amsalu Adddis ዲል ለፍልስጤማዊያን ሞት ለሰውበላወቹ የሁዶች	0	1	0	0	0	0
amh_train_track1_2685	ደበበበ የሰራውን ወንጀል ለመደበቅ ነው የተፈጨረጨረው ታሪክ ግን አይረሳም የቁብነገር መፅሔት ባለቤት በነበረበት ወቅት የአእሱ ተቀጣሪ አርቲስቱ ሰላማይ የሁንና አዘጋጁ ሃሰን በቀይ ሽብር የተገደሉ ፍፁም ነው የጠቆማቸው ቢባልም ዋናው ወንጀል ፈፃሚው ደበበበና የፖለቲካ ካድሬዋ አለም ፀሐይ ወዳጆ ናቸው እስቲ ለዚህ ሃጢአቱ መልስ ይስጥ እናንተም ጠይቁት የሁለቱ ወጣት ባለሙያ እንቁዎች መሞት ተጠያቂ ናቸው	0	1	0	0	0	0
amh_train_track1_2686	እኔን አፈር ልብላልሽ የኔ እናት የ እናትም ጨካኝ አለ ለካ አንጀቴን ነው ስፍስፍ ያረግሽኝ እማኮ ውይ አረመኔነት እኔም የሴቶች እናት በመሆኔ በጣም ይሰማኛል የእንደዚዝ ድርጊት	0	0	0	1	0	0
amh_train_track1_2687	መቼም ዜጋ ለዜጋ ሲበላላ ማየት እጅግ ያስከፋል እንጂ ለውጭ ወራሪ ኢትዮጵያውያን መቼም ተንበርክከው አያውቁም፣ ወደፊትም አይንበረከኩም።	0	0	0	1	0	0
amh_train_track1_2688	ሀይ VOA Amharic የሀን ሁላ የእስራኤል ግፍ እና ንፁሀን ህፃናት፣ሴቶች ፣ አዛዛዛውንት ሌላው ቢቀር በሆስፒታል ላይ ጥቃት የምትፈፅመውን በዚ ልትሸፍኑት ትጥራላቹ። አዎ የልጅቷ ሞት ያሳዝናል ።ነገር ግን የዚህ ሁሉ መንስኤዋ የአፓርታይድ አገዛዟ ሙሉ 2 ሚሊዮን የጋዛን ህዝብ በቁም እስር አስራ ለአመታት ስታግት።ይሄ ይመጣል ብላቹ አንድም ቀን ድምፅ አልሆናቹም ።አታላዝኑብን እኛ ከባድ ሀዘን ላይ ነን ለፍልስጤም እህት ወንድሞቻችን።ይሄ	1	0	0	1	0	0
amh_train_track1_2689	ከፋለው ቱፋ ኃይማኖትን ከመቀየር ይልቅ እስከመጨረሻ ከማንኛውም ኃይማኖት ነፃ ብትሆን በጣም ጥሩ ነበር ያንተ ጌታ አንተው እራስህ ብቻ ነህ	1	0	0	0	0	0
amh_train_track1_2690	ሀገር ማፍረስ ብንፈልግ ማን ያቆመናል ብሎ በእብሪት ሲናገር ነበር ዋናው ጠቅላይ ሚንስትሩ። ጠቅላይ ሚንስትሩ ለኢትዮጵያ የደህንነት ስጋት መሆኑን በቃል በአደባባይ እየተናገረው የሚመ	1	0	0	0	0	0
amh_train_track1_2691	ዶር አሸብር ካለ ሽብር አለ! ይሀው ለ 3ተኛ ጊዜ የኢትዮጵያ ቅኳስ ፌደሬሽን ፕሬዝዳንት ለመሆን ግርግር እያስነሳ ነው። ፕሬዝዳንት በነበረበት ላለፉት 8 ዓመታት በቅኳስ ሜዳ	0	1	0	0	0	0
amh_train_track1_2692	ቆሻሻሻ የገፁን ስም ቀይር ለማኝ ወራሪ የወሎን ህዝብ የማይወክል ሚዳያ ነው	0	1	0	0	0	0
amh_train_track1_2693	የዳንኤል ክብረት ትዊት በአብይ የአሜሪካ ጉብኝት ወቅት ንግግር እንዲያደርግ ተጋብዞ የፃፍኩትን ንገገሬን ቀድጀ ጣልኩት። ምክንያቱም ክርስቶስን መንገድ ላይ ድንገት ባገኘው ምን ልናገ	0	0	0	0	0	0
amh_train_track1_2694	አንዳንዱ ኢሬቻን የሚቃወመው የኦሮሞ ጥላቻ ስላለበት ነው	0	1	0	0	0	0
amh_train_track1_2695	Editorial ኤርትራ አማራና ትግራይ በመተባበር የተጠነሰሰባቸውን አደገኛ የመጥፋት ሴራ ይከላከላሉ የቆየ ቂምህንና ለቁራሽ መሬት መዋጋትህን ተውና የህልውና አደጋህና ተጋፈጠው  የኦሮሙማ አጀንዳ እጅግ ዘግናኝ ስለሆነ በህብረት አውሬውን ተዋጋው  የኦሮሙማ አጀንዳ ሰሜኑን አሰላለፍ እየቀያየሩ በማጠፋፋት የኦሮሞን የበላይነት ማስፈን ነው  የቀሩት አናሳ ብሔሮችም በጭፍጨፋ መዋጥ ነው  ኦሮሙማ የምስራቅ አፍሪካ ካንሰር	1	1	0	0	0	0
amh_train_track1_2696	ሆሳዕና በአርያም እንኳን አደረሰን ? መልካም በአል	0	0	0	0	1	0
amh_train_track1_2697	ልጆችን ለሚዲያ መሸቀጫ ማዋል የሰው አይን እንዲገቡ ፀፀቱ እንዲጎዳን ያደርጋል ያሳዝናል ነገሩ ከዚህ ልንማር ይገባል ነፍስ ይማር	0	0	0	1	0	0
amh_train_track1_2698	አንት አተላ ሰካራም ከሀዲ ሰለ እስልምና ከመናገርህ በፊት ቆሻሻህን ታጠብሳታፍር የህፃናት ጭፍጨፋን ወደ ጎን ብለህ በተከበረው አሰልምና ለይ አፍህን ትከፍታለህ ሙጀጀሌም አስልምና እሄን አሚያዝ ከሆነ እንዴታባህ እስካሁን አለህ ሞላጫ ሌባ ነጃሳ	1	1	0	0	0	0
amh_train_track1_2699	እናት ስትደሰት እደማየት ምን ደስታ አለ	0	0	0	0	1	0
amh_train_track1_2700	ይሔን ፕራንክ እሚያጠፋ ነገር በመጣ 😳😳😳	1	0	0	0	0	0
amh_train_track1_2701	የ እስራኤል ጃውሳዎች ተረጋጉ አታራግቡ😀😀😀	0	1	0	0	0	0
amh_train_track1_2702	ስው ተኮር የአገዛዛችሁን የቁዋንቁዋ ሙስና አመላካች ትርጉም ይለሽ ሐረግ ነው። አንቺና ቢጤዎችሽ ጠባብ ጎጠኛ ኦነጋዊያን በሰፊው ስብእና ላይ ማተኮራችሁ ቀ	0	1	0	0	0	0
amh_train_track1_2703	M Adhanom እሜ ሆይ እኔን ከማሰፈራራት የደም አሳ አጎቶት ይሳያሰ ይክፈል መቼም ገንዘብ የላቹሁም ባድመን መልሳቹህ ሰጥታቹህን እኛም አጥራችንን አጥረን እንለያያለን እናንተ አዲሰበባ እንደልባቹህ ልትፈነጩ እኛን የጦሰ ዶሮ ልታረጉ አትችሉም አለቀ ተከባብረህ ተፈቃቅደህ ትኖራለህ ኑር አትኖርም LANDLOCK	1	1	0	0	0	0
amh_train_track1_2704	ይገረማል ብቻ ያላቻ ጋብቻ በሀገር ላይ	0	0	0	0	0	1
amh_train_track1_2705	አቤት የሕግ አስከባሪ ስርዓት አልበኝነት እንዲህ በአደባባይ በማን አለብኝነት ጸያፍና ባለጌ ስድብ ፈጽሞ አስቤ አላውቅም በጣም ያሳዝናል አገር ፈጽማ ፈርሳለች ስርዓት አልበኝነት ነግሶአል	0	0	0	1	0	0
amh_train_track1_2706	የልጆቿን አባት ገድላችሁ ከራሔል ኀዘን የከፋ ብርቱ ኀዘን ያመጣችሁባት እኩዮች ሆይ ይሄውና ስኬታችሁይሄውና ደስታችሁ! ይሄውና ገድላችሁ ይሄንን ፎ	0	0	0	1	0	0
amh_train_track1_2707	እግዚአብሔር ይመሥገንበሐገሬ ላይ ሙስና ለማሠወገድ ና ከመበዝበዝ የሚከላከልና የሚጠላ ጠቅላይ መንግሥት ዶክተር አብይን ስለሠጠን አናመሠግናለን ህዝብ እተራበ እየተሠደደ ገላውን የሚሸፍንበት የሌለውን ደሀ ሕዝብ መሥረቅ ምን ይሉታል የኢትያጵያ ደሀ ሀገር አይደለችም ሐምሣ አመት ሙሉ አየተበዘበዘች ህዝቡ ተራበ እባካችሁ የደሀውን ገንዘብ በደሀ ገንዘብ ፎቅከነልጅ ልጃችሁ የቆላችሁ የደሀውን ሐብት መልሡደሀ ሕዝብ በልቶና ለብሦ ይደር የኢትዮጵያ ሕዝ	0	0	0	0	1	0
amh_train_track1_2708	ኡኡ እስከ ሰኞ ምን ላይ ነው አሙር የኔ ፍቅር ምነው አንድ ቀን ከደርትህ ላይ በደፍኝ ከመዳም ኩሽና 	0	0	0	0	1	0
amh_train_track1_2709	ህዝቡ በረሃብ ያልቃል ከተማ ላይ ጭፈራው ደርቷል መንግስት የተራበ ህዝብ ደንታ አይሰጠውም ቦሌ ላይ አበባ ነቅሎ ድጋሚ ይተክላል 	1	0	0	0	0	0
amh_train_track1_2710	 በጣም ይገርማል የሰው ልጂ ሲለወጥ ደስ ይላል መስከን መብረድህ ዛሬ ላይ እኔ ምረጡ ብትል ሙሉ የኢትዮጵያ ህዝብ ይቀበልሃል ህይወት ትምህርት ቤት ናት	0	0	0	0	1	0
amh_train_track1_2711	አብይ መሀመድ መጨረሻክን አያሳየኝ ይሄ በጨለማዉ አምላክ እየተመራክ ማን ምን ያረገኛል ብለክ እጅግ ዘግናኝ ግፍ ፈፅመሀል እየፈፀምክም ነዉ ትወና አያድንክም በከፍታ የነበረችን ሀገር ካፈር ቀላቅለህ ሚሊየኖችን ገድለህ ሚሊየኖችን አፈናቅለህ ሚሊየኖችን በረሀብ አያሰቃየህ ሀገሪቱን አባትህ ያወረሱህ የግል ንብረት አርገካታል እመነኝ ዛሬ ኦርቶዶክስንና እስልምናን አጥፍተህ የ66 ኢሉሙናቲን እንድታስፋፋ ከጎንህ ነን ያሉህ ሀገራት ነገ ይከዱሀል አን	1	1	0	0	0	0
amh_train_track1_2712	ህዝብ ሊሰማቸው አይገባም ምክንያቱም ለህዝብ ሰርተው ቁመውም አያቁምና ምንግዜም ለሆዳቸው እንጂ ለህዝብ አይገዙም እኛን ከህዝብ ፊት ሳይሆን ህዝብ ከእኛ በፊት ነው አስተምሯቸው እ	1	1	0	0	0	0
amh_train_track1_2713	ሶዶ ማዕከል ትሆናለች በሚል ከንቱ ቅዠት ለሚነሆልሉ ዱብ ዕዳ ቢሆንም በጊዜ ሚያነቃ ሰነድ ነው።	1	0	0	0	0	0
amh_train_track1_2714	እረ ተው አትቀልድ ባክህ አህያ እሚያበላ መንግስት ይዘህ 	0	1	0	0	0	0
amh_train_track1_2715	 መብገንን ለናንተ ትተነዋል አለም ፊት ለተዋረደችሁት እኛማ በከፍተኛ ሞራል ላይ ነን አዎ የጨፈጨፋችሁትን የህፃናቶች እሬሳ አለም በየ ሰአቱ እየዘገበ ነው መፈሪያወችወንድነትን በግር ከሐማስ ተማሩ የጫቅላወች ሞት ይብቃ	1	1	0	0	0	0
amh_train_track1_2716	ቀይ ሽብር በሃል ተጀምሮልሻል! በነገራችን አአ ጁሃንስበርግ ልትሆን ምንም አልቀራትም ዝርፊያ ግድያ ሃንግ ኖርማል እየሆነ ነው	1	0	1	1	0	0
amh_train_track1_2717	ሁሌ ስጋት አይጣሽ ያ ኢስራኢል ድል ለፍልስጤም ኢንሻአላህ	0	1	0	0	0	0
amh_train_track1_2718	ዳኪረኛው በጫ አይ ጌች ለማንኛው እንክዋ ተዛዘብን	0	1	0	0	0	0
amh_train_track1_2719	ወዳጄ ቅዘን ሚባል አስቀያሚ ነገር ከውስጣችን ሚወጣውን አንርሳ!!!	0	1	0	0	0	0
amh_train_track1_2720	ይህ ሚዲያ በውሸት የሚነግድ አጭበርባሪ ነው ሁላችንም dislike and unsubscribe በማድረግ ዋጋውን እንስጠው	0	1	0	0	0	0
amh_train_track1_2721	የዜጎቹን ደህንነት የመጠበቅ አቅም ያልነበረው፥ በዙሪያው የከበቡትን double agents ለይቶ እንኳ የማያውቅ እጅግ ደካማ መንግስት ነበር፡፡	1	1	0	0	0	0
amh_train_track1_2722	ጀዋር ጀግና የተባለው በምን ምክንያት ነው ኢትዮጵያ ላይ ምንም የተቀየረ ነገር የለምኮ  ደረጄ ራሱ የት ነበርክ ጠፍተህ ነበር በድንገት ከየት ተከሰትክ እንዲህ ዓይነት ድንገተኛ Interview ብዙ ነገር እንድጠራጠር ያደርገኛል	1	0	1	0	0	0
amh_train_track1_2723	በዘመንክ ሁሉ የሰማይ አምላክ ያስደስትክ የናትክ ደስታ ልቤን ነካው በልጆችክ ተባረክ	0	0	0	0	1	0
amh_train_track1_2724	እኔ ኤርትራዊም ኢትዮጵያዊም ነኝ ስዩሜ የተናገረው ንግግር  ግን ለመሆኑ ይህ እኔ ለእመታት የማውቀው ስዩም ነው ከሆነስ በጤናው ነው ወይምስ የእእምሮ ቀውስ ተጋብቶበት ነው እስከማለት ደርሻለሁኝ ይግረማቹ እዲግራት ኤርትራውያንን ማሰልጠን ጀምረናል ያለው ጉዳይ በጣም ኣስቅኝ ነው ባለፉት ወራት ብርጌድ ንሓመዱበሚል የሚጠሩበውጪ ኣገር በተለያዩ ከተማዎች ረብሽ ይፈጥሩ የነበሩት እንኳ ኣሁን የየእቢይ የ ቀይባህር ጉዳይ በተናገረው ሳብያ እ	0	1	0	0	0	1
amh_train_track1_2725	ውሳኔው የህዝብ አይደለም ።	0	0	0	0	0	0
amh_train_track1_2726	እናንተ ለካ ፍቅር እግር ም ኣለው ደኒዝ ስታወቅ ፓሊስ ጣብያ ሄደች	0	0	0	0	0	0
amh_train_track1_2727	የፑቲን ተቀናቃኝ ፖለቲከኛ አሌክሲ ናቫልኒ እስር ቤት ውስጥ መሞቱን ባለሥልጣናት ተናገሩ	0	0	0	0	0	0
amh_train_track1_2728	እኔ ቃናን የመጀመሪያየ ነው በዘድሮው አመት ድጋሜ በፉቅር በፉቅር የተጎዳሁበትና የጎዳሁበት ጊዜ ስለነበር በዚሁ አጋጣሚ ከስራየ ጋ ቃናን ሀብየጀመርኩ ለካስ ሂወት እደዚህ ናት እሷ እደፈለገች እጂ እኛ እደምንፈልጋት ለማድረግ ከባድ ነው የአበቦች ፉልሚያን ከክፉል 1 ድ ጀምሬ ዛሬ ቀን ክፉል 45 ጨረስኩ ክፉል 46 እየጠበኩ ነው	0	0	0	0	0	0
amh_train_track1_2729	አይይ ያከብሩት ሰው ሲወርድ የማየት ያህል የሚያሳዝን እኰ የለም ምነው ይህን ያህል ተዝረከረኩ ያሳዝናል ትላንት ለኢትዮጲያ በክብር የቆሙ ሰውየ ኢትዮጲያን ለማድረስ ቆርጠው ተነሱ	0	0	0	1	0	0
amh_train_track1_2730	ወረኛ እናንተን ጭምር ጋዜጠኛ ብሎ መጥራት ይቀፋል አስቃባጭ አማራ ትግራይ እየመጣልህ ነው	1	1	0	0	0	0
amh_train_track1_2731	የእናትነት ጥግ ደሞ የለውም! ግን አንቺ ለ feminist የሚሆን ነገር የለሽም! ሽብር ትወጃለሽ	0	1	0	0	0	0
amh_train_track1_2732	አንተ አክራሪ ሙስሊም እስራኤል አደለም እንደ አይጥ ጉድጓድ ውስጥ ለሚኖር አሸባሪ የጉድጓ አይጥ ይቅርና አረብ ሀገሮችን በ6 ቀን ጦርነት ቂጣቸውን ገርፋ ያባረረች የጀግኖች ሀገር ናት እንዳንተ ጫት በመቃም የደነዘዙ መሰለህ የሚሰሩ የተማሩበቴክኖሎጂ ያደጉ ናቸው እንዳንተ ጫታምና ሰካራም አይደሉም	0	1	0	0	0	0
amh_train_track1_2733	 ብቃትከፈተናው በላይ የከፋው አማራን ከ40 በታች ለማውረድ በመመሪያ ተደግፎ የወጣው ነው አዲስ አበባ አዲስ የሥራ ምድባ መመሪያ አውጥቶ አማራን ከሲቪል ሰርቪሱ በቲንሹ 30 ያህሉን ሊያፀዱት ነው አሠራሩ እንዲህ ነው እንደሚታወቀው የአዲስ አበባ ሕዝብ ከ60 በላይ አማራ ነው በሲቪል ሰርቪስ ከወረዳ እስከ ማዕከል ያለው ሠራተኛ ልክ እንደ ከተማው ነዋሪ ስብጥር ሁሉ ሠራተኛውም ከ60 በላይ አማራ ነው ይኸ በመድሎ የመጣ ሳይሆን 1ኛ የአዲስ አበ	1	0	0	0	0	0
amh_train_track1_2734	ሲጀመር ነገሩ ሀይለኛ ቁማር ስለሆነ ሰው እየተበላሸ ነውና ቢቆምስ ቢቀርስ	1	0	0	0	0	0
amh_train_track1_2735	በነካካ እጅህ  ጋዜጠኛ ደረጄ  በሚቀጥለው  አቶ ጌታቸውን ወይም ደሞ ኢሳያስ ኣፎርቂን ብታቀርብልን  መልካም ነበር 	0	0	0	0	0	0
amh_train_track1_2736	የአትጵያ ለዉጥ ከልማት ወደ ጦርኖት ከዘፈነ እና ደሰታ ወደ ልቅሶ ወደ ዘር ፏጅት ነዉ የተቀየሮዉ ለዉጥ ተብሎ የተነገረን ነዉጥ	1	0	0	0	0	0
amh_train_track1_2737	በፌዴራል መንግስት እና በህውሃት መካከል የተደረገውን ጦርነት በአማራ፣ በአፋር እና በትግራይ መካከል የተደረገው ጦርነት ነው ተብሎ ሊታሰብ የማይችል ትንታኔ በፍፁም ተቀባይነት የለውም።	1	0	0	0	0	0
amh_train_track1_2738	ፈኖ የሚባለው ዘራፊ ድርጅት ከሃያ አራት ሰዓት ወደ አሥራ ሁለት ወር ያራዘመው አይቀጡ ቅጣት ተቀጥቶ ነው  በተስፋ መኖሩ ራሱ ጥሩ አይደል  ግን 4ኪ 441 ኪሎ ለጉብኝት ነው  አፄው እስኬ ነው 	0	1	0	0	0	0
amh_train_track1_2739	እንድያው ምን አይነት መከራ ነው የመጣብ	0	0	0	1	0	0
amh_train_track1_2740	እነ ቲክቶክ በአሜሪካ ድንበር የሕገ-ወጥ ሰዎች ዝውውር እንዲስፋፋ እያደረጉ ነው	0	0	0	0	0	0
amh_train_track1_2741	የበረካሽን አስተዋይ ሰዎች ያድርገን ChooseUnity	0	0	0	0	0	0
amh_train_track1_2742	የኢላን መስክ ኤክስ በመላው ዓለም ለአንድ ሰዓት ያህል ተቋረጠ	0	0	0	0	0	0
amh_train_track1_2743	አንቺ ደንቆሮ ሀሳቡን ብትሰሚው ምንአለ መብቱነው መንም ሰው የፈለገው ሀይማኖት መከተል ይቺላል ማንም የማንንንም ሀዮማኖት ማንቋሸሽና ማሳነስ አይችልም አንቺ ደደደብ	1	1	0	0	0	0
amh_train_track1_2744	በጣም ጥሩ ነው ማጋራታቸው ነገር ግን እንደ ኢቢኤስ ለምን በጎ ስራ በምግብ አይሰራም ማለትም በዓላትን ጠብቆ መስራት ጋብቻ ሳይሆን ዘውትር ስራችን ብሆን ባይ ነኝ	0	0	0	0	1	0
amh_train_track1_2745	በጋዛ በእስራኤል ወታደር የተቀረጹ ቪዲዮዎች ዓለም አቀፍ ሕግን ሊጥሱ ይችላሉ ተባለ	0	0	0	0	0	0
amh_train_track1_2746	አጭበርባሪው ፖስተር ተብየው ስለራሱ እንኳን አያውቅም።ሰካራም አጭበርባሪ ነገር ነው።	0	1	0	0	0	0
amh_train_track1_2747	ጥሩ ፕራንክ ነው፣ ሆኖም ትንሽ አስረዘምከው።	0	0	0	0	1	0
amh_train_track1_2748	ወይኔ የኔም መዳም ጧት ሰይጣን ትሆንና ከስአት መልካም ትሆናለይ	0	0	0	0	0	0
amh_train_track1_2749	ወይኔ ምን ኣይነት ጭካኔ ነው እንደዚ ኣይነት ኣሳዛኝ ታሪክ ህይወት ሰምቼ ኣላቅም እህቴ እግዚአብሔር እድሜና ጤና ይስጥህ ያለፈ ኩፉ ሂወትሽ በደስታ ይቀየር .ኣይዞህ .ያን ጨካን ደግሞ በግዛቢሄር ፍርዱን ያገኛል	0	0	0	1	0	0
amh_train_track1_2750	የፈረንጆቹ 2023 ለምዕራባውያን ፍላጎት ፊቱን ያዞረው ለምንድን ነው?	0	0	0	0	0	0
amh_train_track1_2751	ምን አይነት ቀውስ ውስጥ ነው ያላችሁት እግዚአብሔር ይማራችሁ ሌላ ምን ይባላል ገና ከመንጋቱ ወደ ሊላ አጀንዳ የናተ ደሞ ይለያል	1	0	0	0	0	0
amh_train_track1_2752	ዉሸታሞች ሃገራቹ የነበረ ጦርነት ኣንድ ግዜ ይቁም ስትሉ ኣልሰማንም😏😏😏	0	1	0	0	0	0
amh_train_track1_2753	ዋና ዋኙ ለጤና ጥሩ ነው	0	0	0	0	0	0
amh_train_track1_2754	 Afrahbro አረብ በጣም ደደብ ነው በጦርነት ምክኒያት ብዙ ቦታ ለእስራኤል አስረክበዋል ብልጥ የያዘውን ይዞ ያለቅሳል ይባል አሁንም ፍልስጤሞች ቦታቸውን በድድብነታቸው ምክኒያት እየሰጡ ነው የማችለውን አትጋፈጥ ይላል የሀገሬ ሰው	1	1	0	0	0	0
amh_train_track1_2755	Tk Love ጦርነት አጥፊ ነው የጦርነት አንዲትም ጥሩ ነገር የለውም ግን ነገሮች ከአቅም በላይ ሲሆን ከተበዳዮች ጎን መቆም ሰዋዊ ባህሪ ነው	0	0	0	1	0	0
amh_train_track1_2756	አንድ የኦሮሞ ጽንፈኛ አና የአማራ ነፈሰ ገዳይ የአሜሪካን ቅጥረኛ በ ሁለት ሰዓት ውስጥ ከ 400 ሺ ሰዎች በላይ ባንዳዎች አና ሀገር ሻጮች ካዩት ይህ የሚያሳየው በሚቀጥለው ምርጫ ላይ ይህ አባብ ገዳይ ደም ጠጭ አና የሞት ነጋዴ ጀዋር ምርጫውን ያሸንፋል የሚያሳዝነው ግን ኢትዮጵያ በኦሮሞ ሰዎች ላይ ለዘላለም ትወደቃለች  ትበታተናለች ይህ ብቻ አይደለም ኢትዮጵያ ውስጥ አንድም ክርስትያን በሕይወት ጨርሶ አይኖርም ኢትዮጵያ መቶ በመቶ የአስላሞ	1	1	0	0	0	0
amh_train_track1_2757	ጠይቆ መልስ እማይሰማ ዝቃጭ ጋዜጠኛ 🤣🤣🤣	0	1	0	0	0	0
amh_train_track1_2758	ጠያቂው ግን 🤔 ፀበል በውስኪ ጠጥቶ ለምንድነው ስራ ሚሰራው 🤔🥴🙄🤔🤔🤔...??? እየሱስ 🙏 አይደለም ሞተህ ሳትወለድም አማላጅ ያደርግሃል coz እግዝአብሔር እኛ ከምናስበው በላይ ነው 🙏...የእግዚአብሔር የሚገርም ስራን  በየሱስ ጌታ ነው በሚባል Cover ሙድ የምትሸውደው እግዚአብሔር አይደለም 🤲🤲🤲	0	1	0	0	0	0
amh_train_track1_2759	እጅግ ውብ የሆነ ቤተ መንግሥት ይኖረናል ይበል የሚያሰኝ ነው በአዲስ አበባ ለመኖሪያ የሚሆኑ ውብና አመቺ ስፍራዎች እንዲበዙ	0	0	0	0	1	0
amh_train_track1_2760	ልዩ ሀይሉን ትጥቅ የሚያስፈታ ሀሳቡን ካለምንም ስጋት ለማስፈጸም አደለም እንዴ?	1	0	0	0	0	0
amh_train_track1_2761	አንድ ቀን ስለ ኤርትራ ጥሩ ነገር ብታወራ አይሻልም አቶ አማረ ግን አንድ ቀን ተምበርክከ ታለቅሳለ ሳይሞት የሞተ ሰው ነክ	0	1	0	0	0	0
amh_train_track1_2762	በጣም ነው የሚገርም አድስ አበበን መመኘታቸው የታሰረው ሰትናኤል የሰማይ ዙፋኑን እንደመመኘት ነው።	0	1	0	0	0	1
amh_train_track1_2763	የባባባ ሳቅ ድምፅ ይሰማኛል 😥😥😥	0	0	0	0	1	0
amh_train_track1_2764	ውድ እንቁው መሬ አንተ ልዩ ነህ ይህንን በኔ ትውልድ ዘመኔ በመመልከቲና በማየቲ እድለኛ ነኝ አገሬ ኢትዮጵያ ገና ከኢሮፕያኖች አገር በልጣ ከፍ ብላ ትታያለች ትገኛለችም አላህ ለመሬዬ እድሜና ጤና ይስጥልኝ በርታ ጀግናው መሬ በርታ እኛ በሚሊዮኖች የምንቆጠር ኢትዮጵያውያን አገራችን ከፍ ብላ እንድትገኝ የምንፈልግና የምንመኝ ሁሉ እንወድሀለን እንከተልሀለን ከጉንህ እንቆማለን	0	0	0	0	1	0
amh_train_track1_2765	አንተ እኮ የሚገርም ህሊና ያለህ ሰው ነህ! ጳጳሳችንን እንዃን ሌባ ብለህ ለመሳደብ አንተን የቀደመህ የለም ነበር እና አሁንም ድመት ብታስብ ገሏን ነው	1	1	0	0	0	0
amh_train_track1_2766	የፒኮኩ ቤተመንግስት ጭንቅ አይችልም። መስከረምን አስሯል። ሃገሪቷን በመሰባበር ልክ እንደ ሕጻን ልጅ ያዙኝ ልቀቁኝ ባዩ አብይ ጥፋቱን ሌላ ላኡ ነው የሚደፈድፈው።	0	1	0	0	0	0
amh_train_track1_2767	ደስተኛ የማይሆን አለ ብለህ ነው? ሞቲቩ ፖለቲካዊ ይዘት አለው የሚል ስጋት አድሮበት እንጂ	0	0	1	0	0	0
amh_train_track1_2768	ወዳጄ ንጉሴ አየለ ጋብዞኝ ድሀ አደግን አየሁጋሽ አያልነህ በዛ ግዜ ድፍረቱ የሚገርም ነውዛሬ እሱ በህይወት አለ ሌሎቹ ግን ሄደዋልረዥም እድሜ የሀገር አድባር አያልነህ ሙላትእናንተም አክባሪዎቹ እግዜር ያክብራችሁምስራቅዬ ደግሞ እንዴት ደስ እንደምትይኝ 	0	0	0	0	1	0
amh_train_track1_2769	ቅሬታ ክካለ በክብር መነጋገር ከመስደብና ከማቃለል ፍቅር ስላም ብች ይህ ሁሉ ሁላችን ላይ ቢኖር እንዲህ አናቅም ነበር ስሚ እስከም	0	0	0	1	0	0
amh_train_track1_2770	የኢትዮጵያን ሰላም የሚያስፈራቸው ጠላቶች ሁሉንም በጎ ነገር የሚቃወምና ሀሰት የሚያሰራጭላቸውን ቅጥረኛ ህሊና ቢስ ተደጋጋሚ ፅሁፍ መመልከት ህብረተሰቡን ማደ	1	1	0	0	0	0
amh_train_track1_2771	እነዚህ የአብይ አህመድ ኮልኮሌዎች ናቸው 😅😅😅	0	1	0	0	0	0
amh_train_track1_2772	ለእንቅልፍ የሚውለውን ሜላቶኒን ከመጠን በላይ ሲወስዱ ምን ይገጥመዎታል?	0	0	0	0	0	0
amh_train_track1_2773	አልማዝን አይቼ አልማዝን ባያት ሦስተኛዋ አልማዝ ብትመጣ ድንገት 	0	0	0	0	0	0
amh_train_track1_2774	የጨነቀኝ እለት አለ ዳኘ ዋለ እዉነት ታሪክ ይቅር የማይለዉ በደል ፈፁማችኃል በኢትዮጵያ ምድር ግን ላፈሰሳችሁት ደም በጅምላ ለቀበራችሁት ህዝብ ዋጋችሁን ትከፈላላችሁ 	1	0	0	0	0	0
amh_train_track1_2775	በእዉነት በጣም አዝኛለሁ እንዴት ነዉ ጌታችንንን መድኃኒታችን ከወለደች ጋር እራስን ታወዳድራለ ፓስተር መሆን እንደዚህ ከሆነ ይቅርብኝ ደሞ ባንተ ስም ልፀልይ ማን ነህ አንተ አሳፋሪ ነህ. ቢንያም ክበርልኝ የእዉነት የእግዚአብሔር ሰዉ ነህ	0	0	0	1	1	0
amh_train_track1_2776	ወይ ጉድ ከባድ ነው ምኑ ከምኑ የማይገናኝ አሁን ይኸ ሃይማኖት ሆኖ ሰው ይከተላል መዳንዓለም አድኔን	0	1	0	1	0	0
amh_train_track1_2777	የሚገርሙኝ የሚያሽቃብጡ ኢትዮጵያውያን በማየቴ ነው። ነፈዝ ሁሉ በሀይማኖት መደገፍ እንደኛ የለም ።የሀገር ውስጥ endemic የሆነ ባህሪያችሁን እዚሁ ተጠቀሙ።ከማይመለከታችሁ አትግቡ።እኛም ጦርነት ላይ ነን ከጨኳኝ ስርዓት ጋር።	1	1	0	0	0	1
amh_train_track1_2778	የሰሜን ኮሪያው መሪ ኪም አዳዲስ ሚሳኤሎችን ለሩሲያው የመከላከያ ሚኒስትር አሳዩ	0	0	0	0	0	0
amh_train_track1_2779	ፋኖ ከኦነግ ብልፅግና ጋር ከተደራደረ እውነት እግዚአብሔር በሚያውቀው ያኔ ፋኖ ተሸነፈ እውነት የፋኖ ግብ አራት ኪሎ ብቻና ብቻ ነው አከተመ	1	0	0	0	0	0
amh_train_track1_2780	የናንተን ደብዳቤ ተቀብሎ ቆሻሻ መጣያ ይጣላል እንጂ መን እሱን ለማንበብ ግዜው ያባክናል	1	0	0	0	0	0
amh_train_track1_2781	አሁን ጦርነት ሚያሥደሥት ሁኖነው ባሣያችሁ ደሥ ይለኛል መትለው ደሥ አይበልህ እሥከመቸውም ድረሥ ደሥ ሀይበልህ ጉሮሮህን ይዝጋው ቀሪ እድሜህን በሥቃይ በመከራ ምታሣልፍ ያርግህ አይለፍልህ እንዳንተ ያለውን ሙሥሊም አይወክልህም በሞሥሊም ሥም ምትነግድ አለቅላቂ ነህ	1	1	0	0	0	0
amh_train_track1_2782	ሴት ነኝ ? እኔ ጋ ፈራ ተባ የለም ትዊቶቼን ተመልከት።	0	0	0	0	1	0
amh_train_track1_2783	ሰማይ የተሸለመባቸው የዘመናት ምልክቶች ፀሐይ፣ ጨረቃ፣ ከዋክብት፡፡ ምድር የተሸለመችባቸው አበቦችም ድንገት እንደ ጥላ ያልፋሉ ይጠፋሉ፡ ንግሥት ማርያም ላንቺ የሚቀርበው ሽልማት ምስጋ	0	0	0	0	0	0
amh_train_track1_2784	ድፍን ጥላቻ ስላለብህ ለእንደ አንተ እይነቱ ትላትል አይታይም ።	0	1	0	0	0	0
amh_train_track1_2785	እያስታጠቀ ማደራጀት ጀመረ። ከዚያ ጦሩን ይዞ የጠላት ጦር ባልጠበቀው ቦታና ሰዓት ድንገት እየደረሰ ያልተጠበቀና ያልታሰበ አደጋ እየጣለ፣ አልፎ አልፎም ሌሊት የጣልያኖቹን የጦር ሰፈር	0	0	0	0	1	0
amh_train_track1_2786	አገር ትቅደም የሚለው ቃል የአፈታሪክ ሆኖ ቀረ በቃ ጊዜ የወለደው ዘረኝነት የመንግስት ቸልተኝነት አለፍ ሲል የኑሮ ውድነት ኢትዩጲያ ትቅደም የሚለውን ቃል ኧረስተውት የኔ ብሔር ይቅ	1	0	0	1	0	0
amh_train_track1_2787	የአማራ ህዝብ አማራ መሪዎች በናንተ ላይ የሚሰሩ ጠላቶች ናቸው። ለአማራ በቆሙ እውቀት ባላቸው መሪዎች እስኪተኩ ድረስ የአማራን ስቃይ ማራዘማቸው አይቀርም።	1	1	0	0	0	0
amh_train_track1_2788	ዋናው ኢትዮጵያ መጠንቀ ቅ ያለባት ልክ እንደ የመኒዎች ገብተው መሬታቸውን ሃብታቸውን ሁሉም እየወሰደ ባዶ አድርገው እነሱ አድገው ሌላውን ደሃ ማድረግ ነው ኢትዮጵያ አይናችሁን በደንብ ጠብቁ የመኖች ጦርነቱ እንጂ አንድ ቀን ሁሉንም አንቀጥቅጠው ይመልሳሉ በትንሸ መሬት ቀልድ የለም እነሱ ጋር ምኝ አይደሉም እነሱን እሸጣለሁ ብለው እንዳይሸጡ የመኒ ጠንካራ ነው አለም የሰው ሃብት ወሰዶ የራሰ ማካበት ሆነዋል በደሃ እንባና ደም አገር ያካብታሉ ኢ	1	0	0	0	0	0
amh_train_track1_2789	የንግግሩ ይዘት ባያገባኝም ይህ ምላሰኛ ሐሳቡን የሚገልፅበት የንግግር ክህሎቱን ግን ሳላደንቅ ማለፍ አልችልም። He is just like ጌታቸው ረዳ wasted potential?	0	1	0	0	1	0
amh_train_track1_2790	ህንዳዊቷ ተዋናይት ስጋ ስትበላ የምትታይበት ፊልም ከቀናት ቆይታ በኋላ ከኔትፍሊክስ ወረደ	0	0	0	0	0	0
amh_train_track1_2791	እንኳን ደስ ያላችሁ ፋናዎች እስቲ አንድ ጊዜ ዘላችሁ ቂጣችሁን በካልቾ!!!	0	1	0	0	0	0
amh_train_track1_2792	በለመደው አፍክ ፕራንክ ነው እንዳትል አደራ😁🤣	0	0	1	0	0	0
amh_train_track1_2793	እግዚኦ መሐርና ክርስቶስ አቤቱ አምላካችን ሆይ ከዚህ ክፉ አውሬ አድነት 	0	0	1	1	0	0
amh_train_track1_2794	ቤተክርስቲያን ሃውልቲ ክፍለ ከተማ ቀበሩት በሰዓቱ ለቀብር የሄዱ የመከላከያ ሠራዊት ተሽከርካሪዎችን በወጣቶች አስበሩ ስሜታዊ እንዲሆኑ ቅስቀሳ አካሄዱበት የሬድዮ	1	0	0	1	0	0
amh_train_track1_2795	የአፍሪካ ጥንታዊና ዘመናዊ ድንቅ ሥነ ሕንጻ ጥበብ ውጤቶች	0	0	0	0	1	0
amh_train_track1_2796	ጠንካራ ህግ ከሌለ አሁንም ብዙ ግድያ ብዙ ጭካኔ እናያለን(የገደለን የሚገል ህግ)እሰካልፀደቀ ድርሰ ለቅሶ ይበዛል ገዳይም በነፃነት እየገደለ ታሰሮ በዋሰ በብር እየተለቀቀቀ ተዝናንተ ይኖራል	1	0	1	0	0	0
amh_train_track1_2797	እናንተ ሰዎች ሕዝባቹ አታልላቹ ማለት ዓለም የምታታልሉ ይመስላችሃል ባህር ሃይል የሚገነባ የባህር በር የሌለው ለኤኮኖሚ መተሳሰር ስትሉ አይጋጫቹሁምደግሞ በሆነ አጋጣሚ ወደብ አጥታለች ስትሉ ኤርትራ መሬትዋ እንጂ ህዝብዋ አያስፈልገንም ብሎ የወራቹ የሃይለስላሴ ስርዓት ይቅርታ ከማለት እንደገና የተሸንፈ አጀንዳ ያሳዝናል	1	0	0	0	0	0
amh_train_track1_2798	በካናዳ እና ሕንድ መካከል ያለው ውጥረት ተካሮ ዲፕሎማቶቻቸውን እስከ ማባረር ደረሰ	0	0	0	0	0	0
amh_train_track1_2799	ሚሊሊክና ቤተክርስትያን ግን ምን አገናኛቸው አልገባኝም በተክርስትያን ውስጥ ስሙ እየጠሩ ሲቀድሱ ሳሸበሽቡ አየው ወላሂ ግርምት ?	0	0	0	0	0	1
amh_train_track1_2800	ስለ ኢትዮያ አይጨንቃችሁም ከአቅማችን ስለሆነውና ስለማንቆጣጠረው ነገር መደስኮር የኛን ጦርነቶች እንዲቆሙ የወገን ሞት እንዲቆም ለምን አትጮሁም	1	0	0	0	0	0
amh_train_track1_2801	እግዚአብሔር ማረፊያ መደምደሚያ ያሳምርልሽ እግዚአብሔር ጠበቃ ይሁንልሽ በጣም ያማል እፍፍፍ ተስፋ በአምላክሽ ይሁን	0	0	0	1	0	0
amh_train_track1_2802	ክክ አይ ኬኒያ ዛሬም በባርነት የተገረፈችበትን አለጋ እኮ ቀሙዚየም በክብር አስቀምጣ የምትኩራራ ብቸኛ ሀገረ አፍሪካዊት እኮ ናት ማፈሪያ ደርሶ ዛሬ በኛ ላይ ይፎክራል የፖትላድ ህዝብ እኳን በዚ ንግግሩ እንደሚስቁበት አልጠራጠርም ድል ለኢትዮጵያችን ሞት ለጠላታችን 	1	1	0	0	0	0
amh_train_track1_2803	እኔ እግዚአብሔር ን የምለምነው ስለ ህጻናት የሚቆረቆር አገር ቢኖረን አለምነዋለሁእንጃ ህግ ኮ የለም	0	0	0	1	0	0
amh_train_track1_2804	ኤርሚ ምንድነዉ ያልተጠበቀ ለዉጥ እያየንብህ ነዉ ገደምደም ማለት አብዝተሀል	0	0	0	0	0	0
amh_train_track1_2805	 ድልና ከፍታ ለሃያሏ ሃገረ እስራኤል ባለ ምጡቅ አእምሮ ፂዮናዊያን ይሁን ሁሌም ከፍ ብላ ትታይ ውርደትና ሞት ጥፋቷን ለሚመኙ ሁሉ 	1	0	0	0	0	0
amh_train_track1_2806	ኧረ የኢትዩጵያ ነጋዴ እጅግ ክፉ ጨካኝ አውሬ ሰው በላወች ናቸው በተለይ የተማሩት ። እኔ ከወር በፊት አምባሳደር ጥግ ካለ ፈርማሲ መቶ ብር ሸጠውልኛል የግድ ስለሆነብኝም ገዝቻለሁ ።	1	1	0	0	0	0
amh_train_track1_2807	ጭራሽ በሰው ሞት ታሾፊያለሽ ኢትዮጵያ በቀይ ሽብር ያለቀ ለናንተ ቀልድ ነው አሽቃባጮች	1	1	0	0	0	0
amh_train_track1_2808	ኤልዱ ይሄን ኬዝ ማሸነፍ አለብሽ ጋሽ ኪዳኔ ማዘን መሸነፍ የለበትም	0	0	0	0	0	0
amh_train_track1_2809	ወጣት ሴቶችን ሲያማልሉ ድንገት ያየሃቸው የጎረቤትህ ጉምቱ ሰው አንተ ነው ወይስ አንቱ ነው የምትላቸው?እኔስ ልጃገረዶቹ ቅሌታም ሽማግሌ ያሏቸውን አይቼ፣ አንተ እላቸዋለሁ። ?ዓቢይ አ	0	1	0	0	0	0
amh_train_track1_2810	እንዴህ አይነት ፕራንክ አያስፈልግም ምክንያቱም ቤተሰብ ይበትናል እና	1	0	0	0	0	0
amh_train_track1_2811	የአባቴ አምላክ ይደቅልህ!ጭራሽ ዲቃላ ይለናል?	1	1	0	0	0	0
amh_train_track1_2812	ዋዋዋዉ ደስ ይላል ሚኮ እንኳን ጌታ ራደህ በቤቱ”ያጽነህ።	0	0	0	0	1	0
amh_train_track1_2813	ለስራ ያላት ፍላጎት ደስ ይላል ቴሌግራም ቁጥሯን ልትልክልኝ ትችላለህ ፋቃደኛ ከሆነች ማስታወቂያ መስራት ከፈለገች 	0	0	0	0	1	0
amh_train_track1_2814	ግድ ዘርላይ ያልሰራሰው ብክርናውን የሸጠ ብላቹ ትሳደባላቹ ኤርሚያስ ዘረኛ አደለም ኢትዮጵያዊ እንጂ !!!	1	0	0	0	0	0
amh_train_track1_2815	ኡማር ዛሬ አስደሰትከኝ ጉሩ ልብ መሰበርን ስሜቱን ቅመሽው እስቲ ቻን ደራሲው ቂም አለበት መሰለኝ ካንተ ይኤን ሁሉ ስቃይ አሸከመህ	0	0	0	0	1	0
amh_train_track1_2816	ይልቁንስ ከመበሻሸቅ፣ ካመናቆር፣ ከመሰዳደብ ፖለቲካ ወጥተን በአንድነት ልንቆም ያስፈልጋል! የውጭ ጠላቶቻችን ስንከፋፈል ደስ ይላቸዋል! ድር ቢያብር አንበሳ ያስር እንዲሉ! ሕብረት ሃ	0	0	0	0	0	0
amh_train_track1_2817	የአገራዊ ከማለት በቅድምያ የራስ ብሆን ምርጥ ነበር ወጥተህ ወንጌልን አትስራ ቁጭ ብለህ ጥቅምህን አጧጡፈዉ ጌታ ዋጋህን እስከምሰጥህ ድረስ ነግድበት!!!	1	1	0	0	0	0
amh_train_track1_2818	ሲጀመር አለምነህ ዎሴ አይሁድ ነው ሲቀጥል ደሞ ወገኝትነቱ ግልጽ ነው የዘገበውን አንድ ባንድ መስማት ነው ጦርነቱ ከጀመረ የስራውን ፑቲን ቆፍጣናው ፕሪጎዚ የባክሙት ማራኪ ሲለን ከርሞ ኔታናሁ ሳንባዬ ነው ብሎ ማሊያ ቀይሯል እኮ ለአለምነህ እንኳን የሃማስ ቃል አቀባይ ሊሆን ቀርቶ ዙር ከደረስው ተጠባባቂ ነው እሱ እራሱ	0	1	0	0	0	0
amh_train_track1_2819	እመኑኝ እንደዝህ አይነት ሰዎች በጣም ነሰይጣን መንፈስ ያደረባቸው በጣም ክፉ ሰዎች ናቸው እግዚአብሔር ይማራቸው እህቴ አይዞሽ ብዙን ቤት እንደዝህ አይነት ችግሮች አሉ ግን ይህ በጣም ያማል እባካችሁ ፀልዩ ክፉ ከእኛ ይርቅ ዘንድ ግድ ወደ እግዚአብሔር እንመለስ።	0	0	0	1	0	0
amh_train_track1_2820	በፍፁም ጥሩ ንግግር አይመስለኝም! ሳይታሰብ የተነገረ ግን እደገኛ ንግግር! ክቡር ጠሚ ይታረሙ!	1	0	1	0	0	0
amh_train_track1_2821	አንች አይሁድ አናተ ሰዉ ስትገሉ ምን ልትባሉ ነዉ አነሱ ሲገሉ አሸባሪ ትላላላችሁ አናተስ ጭራቆች 🤮🤮🤮	1	1	0	0	0	0
amh_train_track1_2822	ከዛሬ ነገ በጦርነት ስጋት ውስጥ ሆነን መጥፎን ሰላም የንፅረተ ዓለም መነፅራችን አደረግነው ይሆን? ከመጥፎ ሰላም የሚመረጥ ጥሩ ጦርነትስ ይኖር ይሆን? ይህንን አከራካሪ ጉዳይ የቃ	0	0	1	1	0	0
amh_train_track1_2823	ከወለጋ ተፈናቅለው በአማራ ክልል ተጠልለው ያሉ ወደመጣንበት እንድንመለስ ተገደናል አሉ	0	0	0	0	0	0
amh_train_track1_2824	የአርሲ ስንዴ፣ገብስ እና የጎጃም ጤፍ ላይ Prices Ceiling Setting ወጣ አላችሁ !አቶ ቆምጫበው ሰምቷል ወይ ?	0	0	0	0	0	0
amh_train_track1_2825	ሰበር ዜና አላላላችሁምኮ ያሳፍራል ቆይ መች ነው የህዝብ ድምፅ የምትሆኑት 🤭😭	1	1	0	0	0	0
amh_train_track1_2826	የሚኪ ትርጉም ከዚህ የከፋ ውድቀት የትግራይ ህዝብ ኣጋጥሞት ኣያውቅም። 800ሺ የትግራይ ወጣት የተሰዋው ለዚህ ኣላማ ነበር እንዴ? ህወሓት ለትግራይ ህዝብ ኣይወክልም። በደቡብ ኣፍሪካ	1	1	0	1	0	0
amh_train_track1_2827	ሲኖዶሱ መግለጫ እስኪሰጥ ቢታገሱ ጥሩ ነበር	0	0	0	0	0	0
amh_train_track1_2828	ኡፍፍፍ በጣም ያሳዝናል አይዞሽ የኔ እህት ስንት ክፉ አለ በየቤቱ 😭😭😭	0	0	0	1	0	0
amh_train_track1_2829	ሃበሻ ከፈረንጅ ኮፒ የሚያደርገው ሁሉ አያምርም። የኢትዮጵያውያን ፕራንክ ልክ እንደ አማርኛ ፊልሙ ሁሉ ፕራንኩም ፕራንክ መሆኑ ቀድሞ የሚታወቅ ነው። ብትተውትስ ?!	0	1	0	0	0	0
amh_train_track1_2830	አሰላም አለይኩም ወረቱላሂ ወበረካቱ ማሻአ አላህ ጥሩ ትሰረራለህ ግን ሺው የለህም ዜና ሰትሰራ ቃላት አትደገጋግም የጻፍከውን ቀልጠፍ ባለ መልኩ አንብብ አስተያየት አታብዛ ቆፍጠን ቆምጨጨጭ ብታደርግ እነደ ግል አሰተያየት በርታ	0	0	0	0	1	0
amh_train_track1_2831	በጣም አሳሳቢና የሚያስፈራው ኢትዬጲያ የየጎዝሊያቪያ እጣ እንዳይደርስባት	0	0	1	0	0	0
amh_train_track1_2832	300k የሚሆን የለም 149ሺ ናቸው ከነዚህም አብዛኛው ካምፕ ውስጥ ናቸው በብዛት ደሞ ወደ ኬንያ እና ዩጋንዳ ጁባ ሄደዋል ቀጥታ ከ unhcr ማግኘት ይቻላልሲቀጥል ባርነት እና ቅኝ ግዛት ለየቅል ናቸው እናም የሆነውን ታሪክ ልንቀይረው አንችልምታታሪ ህዝብ እንደሆነ ማንምያውቀዋልስዩም የጫቱን ስላልሰጡት ነው እንዲህ ሚደነፋው አፉን ሚከፍተው	1	1	0	0	0	0
amh_train_track1_2833	አንቺ ደሞ ስለ እስራኤል ፍልስጤም ምዘግቢው እውነታ ጨምሪበት የፍልስጤም ህጻናት ተገደሉ ምትይው ነገር ከዛ ውጪ ከሌሎች ሚዲያወች ጥሩ ናችሁ በተለይ በሀገር ውስጥ ምታረጉት ዘገባ በርቱ	1	0	0	0	1	0
amh_train_track1_2834	ሰበር ዜና ዮኒ ማኛ አሁን የሚገርም ነገር ከተጨባጭ ማስረጃ ጋር እነሆ18April2023 via 	0	0	0	0	0	0
amh_train_track1_2835	አሁን እራስህን እየገለጥህ መጣህ ይሄ ጥሩ ነው፡፡	0	0	0	0	1	0
amh_train_track1_2836	የሃንጋሪዋ ፕሬዝዳንት ለእስረኛ በሰጡት ምህረት ምክንያት ሥልጣን ለቀቁ	0	0	0	0	0	0
amh_train_track1_2837	የወፍ በሽታ ወደ አዲስ ሀገራት መዛመት በዶሮ እርባታ ላይ ስጋት መፍጠሩ ተነገረ በሽታው በሰሜን እና በደቡብ አሜሪካ፣ በአውሮፓ፣ በእስያ እና በአፍሪካ ተከስቷል ተብሏል።	0	0	0	0	0	0
amh_train_track1_2838	የአዞ እንባ እራሱ አድርጎ እራሱ ያለቅሳል	0	1	0	0	0	0
amh_train_track1_2839	በየቀኑ ሞት እና ጦርነት የሰበክ የደገፍክ ሰውየ ይህን ታወራለህ?	1	0	0	0	0	0
amh_train_track1_2840	በስመአብ እናት ሆና ይሔን ሁሉ ጭካኔ በዝች ትንሻ እድሜሽ ስንቱን ተሸከምሽው	0	0	0	1	0	0
amh_train_track1_2841	ይሄ ክርስቲያን ታደለ የሚሉት የእስልምና አሸባሪ ዶክተር አብይ አህመድን ስልጣን ልቀቅ ብለው ፓርላማ ላይ ጥያቄ ሲያቀርብለት እሱ ከለቀቀ ማን የሱን ቦታ	0	1	0	0	0	0
amh_train_track1_2842	አንተ ምን አደረክ ምን ስራ ሰራህ ለኢትዮጵያ ካልሲህን ማታጥብ ጥንብ ሌላውን ተወው ወረኛ	1	1	0	0	0	0
amh_train_track1_2843	እስቲይ ስሙት ከዘላለም አምላክ እና አባቴ ሀይል የተነሳ ሁሉ ወደ መልካም ይቀየራል ከሀዘን በሁዋላ ደስታ ከድካም በሁዋላ እረፍት ከማጣ በሁዋላ ማግኘት ሁሉን በሚችል አምላክ ተማምነን ቅንነትን ይዘን ሀገራችንን እንቀይር	0	0	0	0	0	0
amh_train_track1_2844	ኣቤቴ የት ይገኛሉ እኔ በስደት ነው ያለሁት ጭንቀት ኣልቻልኩም	0	0	1	1	0	0
amh_train_track1_2845	የናንተ ማሽቃበጥ ደሞ በጣም የተለየ ነው የትግራይ ሕዝብ ያሁላ መከራ ሲወርድበት ስትደስቱ ከርማችሁ ገና ለገና ደሞ ኤርትራወያን ተሰደቡ ብላችሁ መግለጫ ታወጣላ	1	0	0	0	0	0
amh_train_track1_2846	እንኳን ደስ አለህ ዳኒ የምትወደውን ሰው አግኝተሃል ♥♥♥🙏	0	0	0	0	1	0
amh_train_track1_2847	ዳልቻ ሲለብሱስ? ሊያፈዙን ሲፈልጉ ነው በልና አስደምመኝ ? ትላንት በመልካም ንግግሩ ዛሬ በጥላቻ ንግግሩ ደስ ሲል እንደ እናቴ ሳይሆን እንደ ሚስቴ አለ አባወራው አ	1	0	0	0	0	0
amh_train_track1_2848	እየገጠመን ያለው ነገር ይህ ነዉ ጎበዝ? ከህወሓት ጋር በነበረው ጦርነት ወገቡ የጓበጠዉ ህዝባችን ሌላ መከራ ከፊቱ ተጋርጦበታል	0	0	1	1	0	0
amh_train_track1_2849	እስከመጨረሻው ሳዳምጥሽ እሰመመመን ውስጥ ያልሁ ነው የመሰለኝ የምር ለካም በቁም መሞት አለ ያች ተፆኖ መቼ ሊያገግም ነው ሲቃይሽን ባልሰማሁ አልሁ እና እግዚአብሔር የድግል ማርያም ልጅ እሱ ልብሽን እና ሲቃይሽን አይቶ የትም አይተውሽም እና ቀን አለ ቀና ትያለሽ 👏👏👏😥😭😭😭	0	0	0	1	0	0
amh_train_track1_2850	አይ የነገራ ነገር። ግራ ገብቶህ ነው። ስጋት ላይ ያለኸው አንተ ነህ። ያማራ ስም ተውሶ አማራን ይሳደበል። ዘላን። ከብት ጭራ ላይ ተንጠልጥሎ እበት ሲንጠባጠብ ያደገ። አረመኔ።	1	1	0	0	0	0
amh_train_track1_2851	አማራን ይሄን መሳይ ሆዳም ወክላለው ብለው በስሙ ሲቀላምዱ እንደ ማየት አሳዛኝ ነገር የለም። ኤርትራን ጉሮሮዋን ይዘን የሰረቀችውን እናስመልሳለን እያለ ነው። ተው ሊባል ይገባል!	0	1	0	1	0	0
amh_train_track1_2852	በመድኃኒዓለም የግንዛቤ ደረጃችን ከፍ ስላለ ነው የመነፈቅነው እንዳትይ! ምንፍቅና የመጣው የሰው ልጅ ከሰማያዊው ህይወቱ ምድራዊ ህይወቱ ሲበልጥቀትና በአቋራጭ ሊበለፅግ ሲያስብ ነው ልክ እንደነ ትዝታውና በጋሻው ሆድ አምላኩ ሲኮን ነው ከገባሽ። እንጅማ የክርስቶስ ፍቅር የበራላቸው አባቶቻችን ኑሮአቸውን በበበርሃ አድርገው ከመንፈስ ቅዱስ ጋራ እየተነጋገሩ በመንፈስ እስከመነጠቅ ደረጃ ደርሰው ነው የኖሩት። ያ ነው የግንዛቤ ከፍታ እንጅ ሆድን	0	1	0	0	0	0
amh_train_track1_2853	አይዞአችሁ ዛሬ አይለቀስም እግዚአብሔር ነው ምስኪኑን ያሰበው እናንተ ፀልዩላቸው ገና ከዚህ በበለጠ ይርዳቸው ዘመናቸው ይባረክ ያሰቡትን ነገር ይከናወንላቸው 	0	0	0	1	0	0
amh_train_track1_2854	ይሁን ደስ ይላል ግን ለፖለቲካ ከሆነ ነው ችግሩ	0	0	0	0	1	0
amh_train_track1_2855	የኢሳያስ ደጋፊና የፅንፈኛ ነፍጠኛ አማራ ተብዬ ጉጄሌዎች በሰወዲን ከተማ ኦስሎ ውስጥ ዛሬ ሲከሳከሱ ዋሉ ትግሬና ኦሮሞ ፊልሙን ደስ ብሎት ሲያይ ዋለ	0	1	0	0	0	0
amh_train_track1_2856	እኔ አባቶችን የመቃወም ምንም ሞራልም ላይኖረኝ ይችላል ግን እዚህ ላይ አቦታች እንደጠባቂነታቸዉ ወንድሞቻችነን ባአል ለማክበር በወጡበት በአደባባይ ሲታረዱ ምንም አይሉም የሚናገሩትን ይቃወማሉ እኔ ባአለ ጥምቀቱ አይከበረ ለማለት አይደለም በእርግጥም ሀይል የእግዚአብሔር ነው ግን በህዝብ ላይ ለሚመጣዉ መከራ ማነው ሀላፊነት የሚወስደዉ	1	0	0	1	0	0
amh_train_track1_2857	መፈራት ያለበት የዳቦ ሰሙ ሳይሆን እኩይ የአሸባሪነት ተግባሩ ነው። እብሪተኛና ግፈኛ የቱንም ማስመሰያ ተግባር ቢፈፅም መቀጣቱ አይቀርም። ድንገት ይሰበራል!	1	0	0	0	0	0
amh_train_track1_2858	ፊልስጤም ግን ልክ ፋኖ ትግራይ ላይ የፈፀመው ጥቃት ይመሳሰላል	0	1	0	0	0	0
amh_train_track1_2859	አንተ ገጣጣጣ ነብሰ በላ በትግራይ ህዝብ ጭፍጨፋ ላይ ያደረግኸው ቅስቀሳና ተሳትፍ አናወራርደዋለን💀💀💀	0	1	0	0	0	0
amh_train_track1_2860	የሃጢያት ደሞዝ ሞት ናት ይላል መፃፍ ቅዱስ አምላክ ስራው ድንቅ ነው ይችን ህፃን ሲታደጋት የማይሆናት ከፊቱ እያፀዳላት ነው ፈጣሪ ይርዳርሽ ዘመንሽን ይባርክልሽ	0	0	0	0	0	0
amh_train_track1_2861	ወንዳታ ለፅንፈኞች ጥሩ መልስ ነው	0	0	0	0	1	0
amh_train_track1_2862	መፅሀፉን ለማስተዋወቅ ነው ያመጣው አይ promotion ቢኒያም ድንቁርናክን ሳላደንቅ አላልፍም 😂😂😂	0	1	0	0	0	0
amh_train_track1_2863	ሩሲያ የቡርኪና ፋሶ ኤምባሲዋን ከ30 ዓመታት በኋላ ከፍተች	0	0	0	0	0	0
amh_train_track1_2864	ዉሸት የሀ ኣጋላለፂ ኡነቲ ያልሆነ ህልናቹ ይነካል ዉንናታዉ ሳይሆን ዉሸቲ ኣንገሩን ነገ በፈጣር ሱም ትጠየቃለህ ሁሉን በዘረሆዉ ዘር ታጭዳለህ	1	0	0	1	0	0
amh_train_track1_2865	ጥሩ ነጥቦችን አንስቷል  ፈራ እያለ ነው የሚናገረው  ምን ያድርግ ቢናገር ያው እስር ቤት ነው 	0	0	0	0	1	0
amh_train_track1_2866	"""ቦምብ ሲወድቅብን ለልጄ 'አክሽን ፊልም ነው' አልኩት"""	0	0	0	0	0	0
amh_train_track1_2867	የተከበርክ ውዱ መሪያችን እዝአብሄር እንዲህ ያማረ ብርህ የሆነ ኑሮ ይስጥህ ተባረክ	0	0	0	0	1	0
amh_train_track1_2868	ኢትዮጵያ የቦንድ ብድር ወለድ ያልከፈለችው በገንዘብ እጥረት አለመሆኑን ገንዘብ ሚኒስቴር አስታወቀ	0	0	0	0	0	0
amh_train_track1_2869	የሰሜን ኮሪያው መሪ ወደ ሩሲያ በአውሮፕላን መሄድ የፈሩት ለምንድነው?	0	0	0	0	0	0
amh_train_track1_2870	Kidì Ënåtèn Nãfàkì እኔ በዚህ ሰአት እስልምናን ተቀብያለው በፊት ኦርቶዶክስ ነበርኩኝ የሆነሰው ከኦርቶዶክስ ከወጣ ማጥላላላት ልማዳችሁ ነው	1	1	0	0	0	0
amh_train_track1_2871	ተመስገን እግዚሃብሄር ክርስቲያን ስላደረገኝ 🙏🙏🙏	0	0	0	0	1	0
amh_train_track1_2872	ሁላችንም በህይወት እና በዜሮ ጭንቀት ደስ ይለናል	0	0	0	0	1	0
amh_train_track1_2873	ለረጅም ጊዜ ጠፍቶ የነበረ በሳልና የሰከነ ቃለ ምልልስ ነው ሰሞኑን ከሱማሁት ከየአባዱላ የዛሬው መሪዎች አርኪቴክት እኛ ነበርን ቃለ ምልልስ መሳይ ስብእና ግንባታ ፕሮጀክት የተሻለ ነበር ጥቂት ነጥቦች መረጋጋቱን ማቹር አድርጎ ጊዜና አጋጣሚዎች እድል ሰጥቶት የብዙዎችን እጣ ፈንታ እስከህይወት መስዋትነት እጁ ውስጥ እንደሆነ ተረድቶ እርጋታ ማረጉን እያደነቅሁ ያዝልቅለት እላለሁ ሁለተኛ ደጋግሞ እኛ እያለ ለውጡ እንዲመጣ የአረብና ምስራቅ ኢሮፕ	0	0	0	0	1	0
amh_train_track1_2874	ለሸኔ ጥሩምባ ለ ፋኖ ድሮን ያማል ቅኔው ዉጡ ዉጡ ነግ ለእኔ ተው ሲዳማ ተው ጋምቤላተው ተነስ ነው እንግዲሕ	1	0	0	0	0	0
amh_train_track1_2875	ይህቺ አገር ብዙ ማሰብ የማይችሉ ስሜታዊ ፍጡራን የሞላባት መሆኗ ግልፅ ነው!	1	1	0	0	0	0
amh_train_track1_2876	እኩያህ ለማረግ መጋጋጥህን ሳላደንቅ አላልፍም ሀልዬ ግን 0 ብላ ጀምራ ገና 7 ላይ ናት?	0	0	0	0	0	0
amh_train_track1_2877	የተከበራችሁ የሁሉም የሃይማኖት አባቶች የሀገር ሽማግሌዎችና ታዋቂ ኢትዮጵያዊያን በሙሉ መንግሥትንና የጨረቃውን ሲኖዶስ ድምጻችሁን ከፍ አድርጋችሁ ተው በሉ ! አሁንም ተውበሉ !	1	0	0	0	0	0
amh_train_track1_2878	30 ሚሊዬን ሕዝብ ሰርታቹህ ብሉ በያቸዉ ግልግል የደሀ ሞት አለ ታማኝ ለማኝ ከDC	0	1	0	0	0	0
amh_train_track1_2879	ሰበርበአዲስ አበባ ያልታሰበ አስደንጋጭ ጉድ እልቂት ተደግሷል ጌታቸውና ታደሰ ወረደም አአ ናቸው Abel birha via 	0	0	1	0	0	0
amh_train_track1_2880	አጣዬ ላይ ጦርነት ከፍተህ ፣ ለዛ ማስቀየሻ ሱዳን ላይ ትጀነናለህ ፣ ፈጣሪ የሥራችሁን ይስጣችሁ ፣	1	1	0	1	0	0
amh_train_track1_2881	መን አቃጠለህ አንተ ሴሰኛ ሶፋንያስ	0	1	0	0	0	0
amh_train_track1_2882	ሰለ ወቅታዊ ዘገባህ እናመሰግናለን ምነው የኢራን ዘገባ አቋም የሌለው የ71023 የሀማስን ጥቃት ተከትሎ የእስራኤል እግረኛ ጦር ወደ ጋዛ ከገባ እኛም እንቀላቀላለን ብላ ነበር አልሳካላት ሲል ሀማስ የ71023ሲፈፅም ሰለአለማከረን ነው አለች አሁን ደግሞ የራሳችን በቀል ነው አለች ሚገርም ነው	0	0	0	0	1	0
amh_train_track1_2883	ወንጀልህ ይቅር አይባልም። ሌሎቻችሁ በመንጽሔ ትሆናላችሁ። የዘላለም ስቃይ ስምህን እየጠራ ነው። ማንም የሚረዳህ ከሌለ እዚህ ብቻህን ትሆናለህ። እሳታማው ጥልቀቶች	1	1	0	0	0	0
amh_train_track1_2884	ኡፍ በጣም ያማል በእጀራ አባት እናም በእጀራ እናት ማሳደግ በጣም ያስፈራል 😭😭😭💔💔💔😭😭😭	0	0	0	1	0	0
amh_train_track1_2885	ምን አይነት ደንቆሮ ነህ ባክህ መሬት ላይ ያለው ጉዳይ ሌላ	1	1	0	0	0	0
amh_train_track1_2886	በጉልፈም ውረደት ማነው ደስ ያለው ይቺ ሌባ ውሸታም	0	1	0	0	1	0
amh_train_track1_2887	ኣሁን ነው የገባህ ወይስ ሻእቢያ ደሞዝ እንዳይቋረጥባቹ ነው ኣንተና እንዳርካቸው እየወጣቹ የምታለቅሱት ያላቹ።ይህንን ሁሉ እልቂት በናንተ እንደመጣና Road maps	1	1	0	0	0	0
amh_train_track1_2888	እኛ የምንለው መንግስት እንደዚህ አይነት አረመኔዎችን ለጥቅምነ በአጉል ጥላቻ ተነሳስተው የሰውን ኩቡር ነብስ የሚያጠፉትን ሁሉ በግልፅነ በአደባባይ በተበዳዮችነ በህዝብ ፊት ሞት ፍርድ ይፍረድነ በህዝብ ፊት ይገደሉ  ይህ ከሆነ ማንም በማን ግድያ ቀርቶ ቃላቱም አይኖርም ሌላ ሁሉ ከዛ በኋላ በራሱ ጊዜ ፈር ይይዛል አለበለዚያ ግን እጅግ አስፈሪ ጊዜን ወይም የበሰ ጊዜን እጠብቀለን  2ልጆችን ያረደቿ 2ልጆችን አባተቸው ስራ በሄደበት አቀጥላ የገ	1	0	1	0	0	0
amh_train_track1_2889	ፐ ሚገርም ነው ሐይቁን አዝንቦ ነው የሰራው? ተራራውን ከየት አመጣው የሚገርም ነው?	0	0	0	0	0	1
amh_train_track1_2890	ማን ሰምቶን  መንግስት ከፍተኛ ጥላቻ ነው ያለው በኦርቶዶክስ ላይ ወደ እግዚአብሔር መጮህ ወይ ለመስዋእትነት መዘጋጀት	1	0	0	1	0	0
amh_train_track1_2891	ተመስገን ቤተክርስቲያናችንን ይጠብቅልን አደራ በአቋማችሁ ጽኑልን ማኅበረ ቅዱሳን በምንም አጋጣሚ የቀን ስራም ሰርተን የገንዘብ ድጋፍ ኤንደግፋለን እንጂ በገንዘብ ሰበብ ምንፍቅርና እንዳይገባብን  ብጥር ጥርት እንዳለች ለልጅ ልጅ ማድረስ አለብን ይሄ ደግሞ የሁላችን ትብብር ነው ተስፋ ያደረግነው ማለትም የእስካሁኑ አገልግሎት እሚያኮራ ስለሆነ ነው	0	0	0	0	1	0
amh_train_track1_2892	ምድረ ጋንጊስተር ሌቦች , ዝማሬው የተዘመረው ለእየሱስ እንጂ ለማንም ወንበዴ አይደል አሳፋሪዎች	1	1	0	0	0	0
amh_train_track1_2893	እንዴ እርሶ ደግሞ! ማነው እርድ ጥሩ ስም አይደለም ያለው ማነው?!	0	0	0	0	0	0
amh_train_track1_2894	ስለዚህ ትሞታለች? ጥያቄው ይህነው።	0	0	0	0	0	0
amh_train_track1_2895	አይ ኢቲቪ ስንት ሰው በላ ነካሽ የሰው ውሾች በየቀኑ ሲያርዱ ሲያፈናቅሉና በአካል ላይ ጉዳት ሲያደርሱ እና ሲሰውሩ ሮጣችሁ አትዘግቡም ስለ ባይደን ውሻ 111 ሰው መንከስ ዜና ስትሰሩለት ትንሽ እፍረትና ሰው ምን ይለኛል መተዛዘብ ቀረ ? ነገሩ ምን ታደርጉ በአሜሪካ መንግሥት በጀትስ አይደል በአስተሳሰብ ያልዘመነውና ያልተሻገረው ሚዲያችሁ የሚተዳደረው ማፈርያዎች ናችሁ ።	1	1	0	0	0	0
amh_train_track1_2896	በገዛህ ሚስትህ የልጅህ እናት ፕራንክ ብሎ ፈልጥ ምን ይሉታል???	1	0	0	0	0	0
amh_train_track1_2897	ያዲሳባ ህዝብ ተወልዶ ባደገበት ከተማ በአብይ አህመድ ሾሞችና ተከታዮቾ በጥላቻ እየተተፉበት መቀጠሉ አሳሳቢ ነው ይህ ህዝብ ለመብቱ አሻፈረኝ ብሎ መነሳት ካልቻለ የሚገባውን ጭቆና ማስተናገዱን ይቀጥላል ለመብቱ የማይታገል ህዝብ ታፍኖና ተረግጦ አንገቱ ደፍቶ የኦሮሙማ አገዛዝ ሲያላግጥበት ይኖራል	1	1	0	0	0	0
amh_train_track1_2898	የሰራውን የውጊያ ታሪክ እኔም ሰራዊቱም ያውቃል መንግስት እኛንም ባያደክመን አሁን ላይ እየትሄደበት ያለው ትጥቅ የማስፈታት መንግድ እጅግ አደገኛ ነው መንግስት ይህንን ጉዳይ	1	0	0	0	0	0
amh_train_track1_2899	እንደው ኦባንግ ያሁሉ ክብር ቀርቶብህ እንዲህ ዝርክርክ ቀላባጅ ሆነህ መቅረትህ እንዴት ያሳዝናል በቅርብ ስለማቅህ መውረድህ ያናድደ	1	0	0	1	0	0
amh_train_track1_2900	በጣም ያሳዝናል የታማኝ ለማኝ ልጅ ሲመረቅ ከዚህ አምስት እጥፍ ሰው ነበረ?	0	1	0	1	0	0
amh_train_track1_2901	አንዳንድ ጊዜ የሚገርም ምርምር አለ፡፡ባለፈው ከተማ ውስጥ የተወለዱ ህጻናት በዙ ተባለና ጉዳዩ ሲመረመር ከ9 ወር በፊት በኤሌክትሪክ መጥፋት 3 ቀን ከተማው ተዘግቶ ነበር፡፡ የትግራይ	0	0	0	0	0	0
amh_train_track1_2902	አራ ፍቅር ዳኒ ኮ የለም ፍስስስ ብሉዋል አይዞህ አትደነግጥ 😂	0	0	0	0	0	0
amh_train_track1_2903	በጣም ገራሚ ነው ደስ የሚል ለእናት የሚገባት ሰርፕራይዝ በእውነት ጌታ ይባርካችሁ እናንተም በልጆቻችሁ ተደመሙ❤🙏	0	0	0	0	1	1
amh_train_track1_2904	አራዳ ሲያረጅ መጋዣ ይሆናል አሉአሁን ስንት የሃገር ጉዳይ እያለ ታላቅ የሃገሪቷ ጋዜጠኛ ያረጀ ወሬ ሲተነትን መስማት ያሳፍራል ጎመን በጤና መሆኑ ነው አይ ኢትዮጵያ  የከዳሽ ይከዳ	1	0	0	1	0	0
amh_train_track1_2905	አስፈላጊና ጥሩ ውጤት!በኢትዮጵያ ለሚገኙ ቤተሙከራዎች ኢንዱስትሪዎች አክረዲቴሽን አገልግሎት የሚሰጠውን የኢትዮጵያ አክሪዴቴሽን አገልግሎት ራሱ በአለም አቀፍ የብቃት አረጋጋጭ ተቋም	0	0	0	0	1	0
amh_train_track1_2906	የቤተ ጉራጌ ምሳሌያዊ ንግግሮች ? ጋሼን ለመጨቅጭ ስል ብገዛው ጥሩ ነው መሰል ?	0	0	0	0	0	0
amh_train_track1_2907	በተረኞቹ በእሳቢያቸዉ የህግ የህግ የበላይነትና ተጠያቂነት ቦታ ያላቸዉ አይመስልም ለዚህም ነዉ ይሄ ተስፋፊ አሀዳዊ ዘራፊ ገዳዮች አገር ብቻቸዉን መምራት የለለባቸዉ	0	1	0	0	0	0
amh_train_track1_2908	አንቺ መርጦ አልቃሽ ሲጀመር አፋርን እራሱ የጠራሽው ለማስመሰል ነው ኢቲዮጲያ ውስጥ አማራ እና አፋር ብቻ ነው የተራበ ያለው ወረኛ እንደ ጋዜጠኛ ስራሽ ሁሉንም ነው ማካለል ያለብሽ ሲጀመር ሌላውን ዘረኛ ትላላላቹ እንጂ ከናንተ በላይ ዘረኛ የለም ነውረኛ	1	1	0	0	0	0
amh_train_track1_2909	መንጌ ሃይለስላሴ የመጨረሻ ንጉስ እና 60 ባለስልጣናት የረሸነ ,ሚሊዮኖች ወጣቶች ደም ያፈሰሰሰ ...አማራ በምን ምክንያት ነው ምትወዱት??? ግርም ይለኛል። በኢትዮጵያ እንደ አማራ ዘረኛ የለም!	0	1	0	0	0	0
amh_train_track1_2910	አንበጣ መንጋ፡ በምሥራቅ ሐረርጌ ጸረ አንበጣ ኬሚካል በመርጨት ላይ የነበረ አውሮፕላን ወደቀ	0	0	0	0	0	0
amh_train_track1_2911	በያለንበት ለምግብ በተቀመጥን ጊዜ እያንዳንዱ ጉርሻ የሆነን ሰው ዕድሜ ሊያራዝም ይችል እንደነበረ እናስብ ጠጥተን የምንታጠብበትን ውኃ አጥቶ በዚህች ቅጽበት የሚያሸልብ ወገናችንን አንርሳ! ቦረናኢትዮጵያ	0	0	0	1	0	0
amh_train_track1_2912	እንደዚህም አይነት የእናት ጨካኝ አለ ወይ ? አይዞሽ እህቴ እውነት ከጀግናም በላይ ጀግና ነሽ የታመንሽው አምላክ መከራሽን ሁሉ አስረስቶ የደስታ እና የተድላ ዘመን ይስጥሽ በጣም ያማል 😭😭😭	0	0	0	1	0	0
amh_train_track1_2913	ግብፅ ለራሺያ 40ሺ ሚሳኤል ልትሸጥ ነው የሚለው የCIA ሚስጥራዊ ሪፓርት ሁለቱንም ለምን አንጫጫቸው? ? ከደረሰባት ከባድ የኢኮኖሚ ቀውስ ለመውጣት ምንም ታደርጋለች። 155B የ	0	0	0	0	0	0
amh_train_track1_2914	ሁል ጊዜ ኔጌቲቭ መሆን አይስለችም ኑሮ ውድነት የትም ቦታ ነው አደጉ የሚባልበት አገር እንኳን ችግር አለ ሁሉ ነገር ተውዷል ይሄ ኑሮ ውድነት ይበልጥ እንድንስራ ያሰገደናልበርተን ከስራን ድህነትን ታሪክ እናደርጋለን መተቸት ቀላል ነው የሚስራን ስው ማንቋሸሽ ያሳዝናል መስራት ያስከብራል ከማውራት በስራ እንቀየር ጥላቻ የአይምሮ በሽታ ነው	1	0	0	1	0	0
amh_train_track1_2915	እኔ አንተን የግድቡ አንድ መከላከያ ሃይል ነህና ስጋት የለኝም ሌላውን ነው እኔ እምሠጋው ተላላኪ ሆዳም ባንዳ የውስጡን እሾህ ነው የሚፈራው	0	0	1	0	0	0
amh_train_track1_2916	የፅዮን ልጆች ዝም ማለታቸውን ባየሁ ጊዜ የተሰማኝን ሀዘን እና ብቸኝነት ልሸሽገው አልሆነልኝም። ዘመቻው ሀገር ማዳን መስሎን በደምሳሳው ዝም በማለታችን ይህን ያህል በአንዲት ቤተ ክርስቲያናቸው እንዲጨክኑ መግፋታችንን ሳስብ	0	0	0	1	0	0
amh_train_track1_2917	በሰው ሠራሽ ዝናብ የሕንድ ዋና ከተማን መርዛማ አየር ማስተካከል ይቻላል?	0	0	0	0	0	0
amh_train_track1_2918	? አትሳቱ፤ እግዚአብሔር አይዘበትበትም። ሰው የሚዘራውን ሁሉ ያንኑ ደግሞ ያጭዳልና፤ገላ 67 የእግዚአብሔር ቁጣ በብራዚል ( ከባድ መቅሰፍት )፤ ብራዚል በጠራራ ጸሐይ የዘራችው	0	1	0	0	0	0
amh_train_track1_2919	በሀገራችን አንዣቦ የነበረውን መከራ ፈጣሪ በሚያውቀው እናበእናንተ ሀዘንና ጭንቀት ተገፎ ብርሀን እንደገና ታይቷል። ሌላው በክፋት ተንኮል ቂም እና እኩይ ተ	0	0	0	0	1	0
amh_train_track1_2920	ሲጀመር ስርዓት ያለው መንግስታዊ ስርዓት ቢኖር የቆንጆ መብዛት ከኑሮ ውድነት እኩል እጅግ አሳሳቢ ጉዳይ ነው ተጋግዘው የኑሮ ውድነቱን እንዳይወጡ የቆንጆዎች	0	0	1	0	0	0
amh_train_track1_2921	ህዝብን እያሰቃዩ ድንገት ተነስቶ ቤትን ማፍርስ ህግ የማይገዛቸው ከህግ በላይ የሆኑ የየወርዳ ሹማምንት	1	0	0	0	0	0
amh_train_track1_2922	መቶ ሃምሳ አመት ኢትዮጵያውያን በላባቸው የሰሩትን ዋና ከተማ ትላንት መጥተህ ስም ቀይሬ የራሴ አደርጋታለሁ እያልክ በድፍረት ለሃጭህን እያዝረከረክ እየተናገርክ የሰዉ ጭንቀት ከየት እንደመጣ አይገባኝም እያልክ ስትበጠረቅ ማየት በጥም ያሳዝናል ደረጄ የተባልከውም ጋዜጠኛ እንደዚህ አይነት ከሙዝ የለሰለሰ ጥያቄዎች ይዘህ መጥተህ ጊዜአችንን በማባከንህ በጣም ነው የምናዝንብህ ይህ ሰው የመጣው አብይ አህመድንና ኦሮሙማን ለማትረፍ እንደሆነ የምናውቅ	1	1	0	1	0	0
amh_train_track1_2923	አለምን ሁሉ ዞርኩ እደዚህ አይነት ሞራል ይሉንታ የሊለዉ በበታችነት ሰሚት የሚሰቃይ የወደደዉን የማይገባዉን ክብር በሰጠዉ በአማራ ህዝብ በክህደት የተነሳ ወራዳ ምሐይም ሰዉ አይቸ አላዉቅም ደግሞ እኮ ልጆቻችሁን አምጡ ይላል እደወለጋ ህፃናት ሊያርድብን ነዉ ሰዉ በላ አዉሬ ምሐይም አብይ በቅርቡ አንገቱን ታንቆ ለፈርድ ይቀርባል እየመጣን ነዉ	1	1	0	0	0	0
amh_train_track1_2924	ቆሻሻሻ ይሁዳ ድል ለፍልስጤም እስኪ አንዳንዴ እንኩአን ከሃቅ ጎን ለመቆም ሞክሩ ጭፍን ጥላቻ ይቅርባችሁ	1	1	0	0	0	0
amh_train_track1_2925	የሰው ዘር መገኛ ኢትዮጵያ ሳትሆን አዳም የተፈጠረባቷ ፓልስታይን ነች 1000%።	0	0	0	0	1	0
amh_train_track1_2926	አየክ አለምነህ አንተ ትልቁ ስተትህ በሀይል በጉልበት ፍትህን መጨፍለቅ ይቻላል ብለክ ማመንክ ነዉ ኒኩለር ተፈሪነትን ያመጣል ብለክ ማመንክ የሚገርም ነዉ አሜሪካን ኒኩለር አላት ግን አንድ ያሸነፈቹዉ ጦረነት አለ ታሊባን አሜሪካንን አላሸነፈም  ቬተናም አሜሪካንን አላሸነፈምሱማል የአሜሪካንን ጦረ አላሸነፈም  በጣም የሚገርመዉ ፊሊስጤማዊያን በሰላም ቢታገሉ አለም ከነሱጋ ሆኖ እስራኤልን በማስገደድ ሀገር ይሆኑ ነበረ ስትል ሰዉ ይታዘበኛል አትል	1	0	0	0	0	0
amh_train_track1_2927	ውሸት ጥሩ ኣይደለም በደምብ ካልሰማቹ ደግማቹ ስሙት  ማይክ ሃመር ያለው ለኣብይ ኣነጋግሬው ኣለሁ በሃይሊ ኣደለም ብሎኛል ማለት ከፍለን ለመጠቀም ነው ያለው እንዳውም በምሳሌነት የንጫድ ውሳኔ ነግሬው ኣለሁ ነው ያለው ኣማን ላልከው ኤርትራኖች የተሰዉት ለኣገራቸው ነጻነት ወይም ላእላዊነታቸው ለመጠበቅ ነው ኢትዮጵያውያን ግን የሰው ኣገር ለመውረር ነው የሞቱት ዕውነት መራር ነው እየመረረህም ብሆን ዋጠው	1	1	0	0	0	0
amh_train_track1_2928	እሄን ነው መልሳችሁ ሞት ለእናት ደማችን እናስመላለን !	1	0	0	0	0	0
amh_train_track1_2929	እንዴት እንዴት ሆነን በአንድ አገር ውስጥ እንደኖርን ግርምት ነው የሚፈጥርብኝ አሁንም እኮ አማራ አርደው ደሙን በኩባያ የሚጠጡ አውሬዎች እኮ አሉ	1	1	0	1	0	0
amh_train_track1_2930	የእምግሬሽን ችግር እየተቀረፈ ነው አሪፍ ነው ጥሩ ሲሰሩ ማበረታታት ደግሞ አስፈላጊ ነው	0	0	0	0	1	0
amh_train_track1_2931	እንዴ አንተ የማይጠቅም የቤት አህያ ከመሆን አስር እጥፍ ይሻላል	0	1	0	0	0	0
amh_train_track1_2932	እውነቱ ይኸው ነው! ለኢትዮጲያ ሕዝብ ስጋት ገዢው የብልፀግና መንግስት እና በእውር ድንብር የሚኳትኑ ከሃዲ ተላላኪዎች እንጂ የኢትዮጲያን ባንዲራ አርማው እና መለያው ያደረገው ሃገር	1	1	0	0	0	0
amh_train_track1_2933	ከ ሃንዳን ኣይነት ስግብግብ እናት ይጠብቃቹሁ እስኪ ልጠይቃቹሁ እናት ግን ታዳላለች እኮ ከቤታቹሁ ማን ነው ተወዳጅ ልጂ እቤታችን የኔ ታላቅ ነው  ብትሞት ኣሳልፋ ኣትሰጠወም እናቴን እራዳታለሁ ደስ ይለኛል 	0	0	0	0	1	0
amh_train_track1_2934	አላህየ ሰላሙን አምጣልን ከጨቅ አውጣን በእስራኤል እና በሀማስ መካከል ያለህ ሚዛናዊነት ጥሩ እሚባል ነው ብየ አስባለሁ ግን እስራኤል በምፈፅመው ወጀል አላህ አብሮ እንዳያጠፋህ ሀገሯን ለቀህ ብወጣ እሚል አስተያየት አለኝ አላህ በዳዮችን አይዶወድም	0	0	1	0	0	0
amh_train_track1_2935	የባይደን መልዕክተኛ ስለ ኢትዮጵያ ያልተጠበቀ የአማራ ክልል ከታጣቂዎቹ ጋር ሊስማማ ይሆን?	0	0	0	0	0	0
amh_train_track1_2936	የሴቷ ጥላሁን ድንቅ ነው ትልቅ ውጤት እንጠብቃለንሪታ	0	0	0	0	1	0
amh_train_track1_2937	የኔ ልጅ አይዞሽ መከራ ያልፋል ሁሉም የዘራውን ያጭዳል	0	0	0	1	0	0
amh_train_track1_2938	በማደጎ ስዊድን ተወስዶ በኢትዮጵያ ለመጀመሪያ ጊዜ አልበሙን የሠራው የግራሚ ዕጩ ዳንኤል ለማ	0	0	0	0	0	0
amh_train_track1_2939	ጀግና መሪ ስላለን እግዚያብሄር ይመስገን አዳነች አበቤ ጀግኒት ነሽ በርቱ	0	0	0	0	1	0
amh_train_track1_2940	የተያዙት ወነጀለኞች በሙስና እንዳይለቀቁ ስጋት አለብኝ	0	0	1	0	0	0
amh_train_track1_2941	በአማራ እና በትግራይ ክልሎች አዋሳኝ ቦታዎች በድርቅ ምክንያት ሰዎች መሞታቸው ተነገረ	0	0	0	1	0	0
amh_train_track1_2942	በጣም ያማል ግን ሁሉም በጊዜው መልስ ያገኛል። ቅዱስ ሲኖዶስ የሚያደርጉትን ያውቃሉ። ለ4 ኪሎ ጨዋታ እንዲህ በቀላሉ አይሸወዱም። ይህን ጨዋታ ከእኛ በላይ አባቶች ያውቁታል። ፍትህ ሳ	0	0	0	1	0	0
amh_train_track1_2943	የጥሩ ሰው እንባ የመልካም ሰው ሀዘን ምክንያት አትሁኑ!	0	0	0	1	0	0
amh_train_track1_2944	ተመስገን ፈጣሪዬ መልካም ነገር አሰማንሰላም ለሀገራችን ለህዝባችን	0	0	0	0	1	0
amh_train_track1_2945	አንተ ማን ሆነህ ነው ማስተንቀቂያ የምትሰጠው 90 የአንድ ብሔር በቤተክርስቲያኒቷ ውስጥ የሰገሰገው ነው ዘረኛ ሌባ ፖለቲከኛወዘተ ወይስ ለምዕመናኑ በቋንቋቸው ተገቢውን አገልግሎት የሚሰጡት እውነተኞቹ አባቶች ናቸው የሃይማኖት አባት ነኝ ባይ ሰው የአገር መሪን ግደሉ ብሎ ሲሰብክ ይህን ሰው ያላወገዘ ሲኖዶስ ሃይማኖት ነው ወይስ ጦርነትና ግዳያን ነው የሚያካሄደው ይህም በሚዲያ ላይ የሚለፈልፈው ሞሎክሴ ነኝ ባይ ያለእፍረት ዓይኑን በጨው አጥቦ 	1	1	0	0	0	0
amh_train_track1_2946	ባልሽ የአማራን ደም እየጠጣ፥ አንች ደግሞ ዝምብለችሁ ዳቦ ብሉ ከማለት ዝም ብለሽ ብትሄጂ እንዴት ጥሩ ነበር?	1	1	0	0	0	0
amh_train_track1_2947	በእርግጠኝነት ጠሪዎቹ ልጆቻቸውም ዘመዶቻቸውም እዳይወጡ ይነግሯቸዋል ስለ ኢትዮጵያ ብለው ሳይሆን የሥልጣን ጥም ያላቸው ስብስብ በኢህአፖም ነጭ ሽብርብን ወደ ቀይ ሽብር ያስቀየሩት ስንት ወጣት የሞተበት ስሆን አሁን ደግሞ በውጭ እና በውስጥ ያላችሁት በወጣቱ ደም ለመነገድ ካልሆነ በስተቀር እራሳችሁ ፖርቲን በማፍረስ የተካናችሁ አቋም የሌላችሁ የኢትዮጵያን ህዝብ ይኸው 50 እረፍት ነሳችሁን አሁንም ቢሆን የምዕራብዊያን እገዛም ጭምር ነው ይሄን 	1	0	0	0	0	0
amh_train_track1_2948	በእውነት በጣም ያሳዝናል እስከመቼ ነው አቢኤልና ቃይል የምንሆነው እግዚአብሔር ከእዚህ ከባድ ግዜ ያሳልፍን	0	0	0	1	0	0
amh_train_track1_2949	የካውንስሉ ኣባል ሆኖ ቀይ ባህርን በጋራ መጠበቅና የቀይ ባህር ባለቤት መሆን ይለያያል የጠቀስካቸው ሃገራት ከውቅያኖስ ወይ ከውሃ ኣካል ጋር የሚዳወቡ ናቸው ኢትዮጵያ ግን ካርታው ላይ እንደማየው ከሆነ በመሬት ወይ በሃገራት የተከበበች ሃገር ናት ይህ ማለት ደግሞ ኢትዮጵያ በ8 የሚሆኑ ወደቦች ኣማርጣ የመጠቀም መብትን ኣለም ኣቀፋዊው ህግ ይፈቅድላታል ነገር ግን ያለ ሃገራቶቹ ስምምነት ባህርን መውሰድ ግን ህጉም ኣይፈቅድላትም  እንደው ተሳ	0	0	0	0	0	0
amh_train_track1_2950	ቀንድ አውጣ ይህን እንዴት የአማራ መሪ አድርገው ቀጠሩት ያሳዝናል ህዝቡን እንዴት እንደሚንቁት	0	1	0	1	0	0
amh_train_track1_2951	እነ ልደቱ እነ ሃብታሙ ሜዲካል ኢመርጀንሲን ጨዋታ አርገውብን ልባችን መደንገጥ አቁሟል። ልደቱ ልቤ ሊፈርጥ ነው ብሎ በ Ethio 360 ኢመርጀንሲ ሩም ተከሰተ፣ ጀ	0	1	0	0	0	0
amh_train_track1_2952	አሜሪካ እና ዩናይትድ ኪንግደምን እያጥለቀለቁ ያሉት የቻይና መተግበሪያዎች	0	0	0	0	0	0
amh_train_track1_2953	ክቡር ጠቅላይ ሚኒስትር አብይ አህመድ ሺህ አመት ይንገሱ። አቶ ታዲዮስ ታንቱ በመታሰራቸው እጅግ ደስተኛ ነው። ባይፈቱ እላለሁ። የእድሜ ልክ አክባሪዎ ነኝ።	0	0	0	0	1	0
amh_train_track1_2954	የፎቶ ሾፕ ሽሎታቸውን ሳላደንቅ አላልፍም ? ፋራ ቢታገኚ አራዳ ነበቺ አሉ	0	0	0	0	0	0
amh_train_track1_2955	መኖርህን እና ነፃነትህን ሳታረጋግጥ ያለንን ለነሁሉ የኔ አሣልፈኽ እንዳትሠጣቸው እፈራለሁ ።	0	0	1	0	0	0
amh_train_track1_2956	ለምንድ ነው የጁቡቲ ጉዳይ የማታቀርበው ለናንተ ምንኣለች ጁቡቲ ቆፍረን ባህር ናመጣለን ያላቹ ከሃያሽህ በታች የሆነ እቃ ኣላሳልፍ ብላለች ለምን የዚ ነገር ማታወራው ወራኛ የሆንካ ልጅ	1	1	0	0	0	0
amh_train_track1_2957	የቦረናው ረሃብና ሞት ሀብት ለመፍጠር አይጠቅምም ወንድሜ። በአሁኑ ወቅት የሚደረግ ድጋፍ ነፃ ምሳ አይደለም። this one may have a return Lol	0	0	0	0	0	0
amh_train_track1_2958	አላህ ይሄን የመሰለ እውቀት እስከዛሬ ድረስ ለኢትዮጵያ ሙስሊሞች ተደራሽ ባለማድረግህ እንዳይጠይቅህ እፈራለሁ አሁን ተደራሽነትህን እንድታስፋፋው ስል በወንድማዊ ፍቅር እጠይቅሃለሁ አላህ የተሻለ እና በሳል የሆነ አመክንዮአዊ አመለካከትና ጥልቅ የእስልምና እውቀት ሰጥቶሀል ህዝቦችህን ጥቀምበት አላህ ይውደድህ በርታልን	0	0	1	0	1	0
amh_train_track1_2959	ካልነኳቸው ሰው አይተናኮሉም። በጥይት መግደል ይሻላል። ቀድሞውኑ ዱላ ብቻ ይዞ ጅራቱን መያዝ እራሱ አደገኛ ይመስለኛል። ድንገት ቀድሞ ካየው አንገቱን ሊያንቀው ይችላል ?	0	0	1	0	0	0
amh_train_track1_2960	አሳዛኝዜና! እጅግ መሪር ሀዘን 20 የሚሆኑ የመዳወላቡ ዩኒቨርሲቲ መምህራን በትራፊክ አደጋ ህይወታቸውን አጡ ቁጥሩ ከዛም ሊልቅ እንደሚችል ተነግሯል።	0	0	0	1	0	0
amh_train_track1_2961	ከመቶ ሺዎች ወጣቶች መስዋአትነት በላይ የሚያሳዝነው አንደ ጌታቸው አይንት ለዚህ ሁላ መከራ የሆነ ሰው ወደ ስልጣን መመለስ ነው።ነገ ነገሮች የተደላደሉ ሲመ	1	0	0	1	0	0
amh_train_track1_2962	ልጅን በሚያድግበት መንገድ ምራው። ባደገም ጊዜ ከእርሱ ፈቀቅ አይልም ህፃን ናት ሆኖም በወጀብ መሀከል ቅንጣት ጭንቀት ዐልታየባትም። እምነቷን የተጋፋባትን የአውሬ መንፈስ በጉልበ	0	0	0	0	0	0
amh_train_track1_2963	ስንቱን ጉድ ችለሃል ፀጋው በብዛት ይለቀቅልህ ትከሻህ ይስፋ ተሰሚነትን ጥበብን ማስተዋልን ይጨምርልህ እንፀልያለን ምድራችን እንድታርፍ ፍቅር እንዲበዛ በአንድነት አምላካችን ይባርከን ተዋልደን ተጋብተን ማን ከማን ይለያል የነነዌ ፀሎት ያስፈልጋል አይዘገንንም ወንድም ወንድሙን ሲገድል እግዚዎ ደረስልን አስበን	0	0	0	1	0	0
amh_train_track1_2964	እንዴት ያማል መስዬ ማታ አቅርበሻት እንቅልፍ አልወሰደኝም ሳስባት ነው ያደርኩት ፅናቶቾዋን ውይ እህቴን አይዞሽ መስዬ የደሃን እንባ አባሽ ነሽ ፈጣሪ ይባርክሽ	0	0	0	1	0	0
amh_train_track1_2965	በጣም ያሳዝናል የአላም መግሰታት ከቁጣ መግለጫ የዘለለ ምንም አይነት እርምጃ አለመውሰዳቸው አላህ የፈራጆች ሁሉ ፈራጅ ነው አልሀምዱሊላ የጊዜ ጉዳይ ነው	0	0	0	1	0	0
amh_train_track1_2966	በፊት በሰራኸው ጥፋት አሁን ላይ ዋጋ ሲያስከፍልህ 	0	0	0	0	0	0
amh_train_track1_2967	ወይ ዘንድሮ እሱ ስወጣ ልገባ የሚያስበው ውሻ 80ሚ ነክሶ የሚየደራምስ እንዳይሆን ስጋት ነው ።	0	0	1	0	0	0
amh_train_track1_2968	እናንተ ጎርፍ እንኳ በመጣ ግዜ የህወሓት እጅ ኣለበት የምትሉ የዓለማችን ወረዳ ፍጥረቶች የኢትዮጵያን ህዝብ ተከባብሮ በሚኖርበት ግዜ ግፋ በለው እያላችሁ ዘደ ጦርነት ያስገባችሁት እናንተ ናችሁ እና በዛ ኣድርጎ ጥፋትን ኣብልጦ ይስጣችሁ የትግራይና ኣማራ ህዝብ ግን ሁሌም ኣንድ ናቸው። የኢትዮጵያ ህዝብ በሙሉ ኣንድ ነው። እናንተ በውጭ ዓለም ሁናችሁ ጦርነትን እያወጃችሁ የደሃ ልጆችን ምታስጨርሱ ግን የኢትዮጵያ ኣምላክ ጨርሶ ያጥፋችሁ ኣሁንም	1	1	0	0	0	0
amh_train_track1_2969	አንተ ግን የት ነው ያለህው።እግዚአብሔርን ፍሩ ምስኪኑን ለሌላ መከራ አትዳርጉት።ምን አይነት እርኩሰነት ነው ግን?	1	1	0	1	0	0
amh_train_track1_2970	በጎች በመንጋ ወደ መስክ ይነዳሉ የመንጋው መሪ ድንገት መረት እየተሰነጠቀ ሲንሸራተት ገደል ይገባል ተከታዩ ሁሉ እየተከታተለ ነው እዛ ገደል የሚገባው አጎን	0	0	0	0	0	0
amh_train_track1_2971	ሰው እንዲያይልህ ሻማ ታበራለህግን ኢትዮጵያ ውስጥ ግድያ የእለት ኑሮ ሆንዋል ሆዳም አድርባይ ነህ ነህ መቼም 	1	1	0	0	0	0
amh_train_track1_2972	Temesgeh Amlake የግብጽ ባንድራ ምናምን የምትሉ በኦሮሞ ጥላቻ የሰከራቹ ቅርሻታሞች ግብጽ ከኦሮሞ ይልቅ ለናንተ ነዉ የምትቀርበዉ እኮ። አንገታቹ ላይ የምታስሩት ክር ከነዚህ ቀለማት የተሰሩ አይደለም እንዴ? ሀይማኖቱንስ ግብጽ አይደለችም እንደ የሰጠቻቹ? እናንተ ተቦት ቀርጻቹላቹ የምታመልኩዋቸዉ እነ አቡኤ እነ ገብረ መንፈስ ቅዱስ እነ ተክለሀይማኖት ግብጾች አይደሉም እንዴ? የኢትዮጵያ ኦርቶዶክስ እስከ ቅርብ ጊዜ ድረስ ጳጳጳስ ከግብ	1	1	0	0	0	0
amh_train_track1_2973	በምትችለው ሁሉ አግዘኝ  በስራ በቂ ልምድ አለኝ በአዶቤ ፎቶ ኤዲቲንግ  ግራፊክስ ዲዛይን  በመድረክ ሾው ቪድዮ ኤዲቲንግ  በተለያዩ በሙዚቃ በፊልም ፖስተር ስራ  በሶሻል ሚዲያ ማኔጅ ማድረግ  በዩቱዩብ ታምኔል በቲቪ በተለያዩ ሶሻል ሚዲያ ኤዲቲንግ በቅንነት ስራ ፈልግልኝ አባቴ ሞቶ ሀዘን ላይ ነበርኩኝ የጠፋውት ለዛ ነው ለምትተባበረኝ ትብብር ሁሉ እግር ያክብርልኝ	0	0	0	0	0	0
amh_train_track1_2974	በእድሜዬ ሶሰት መንግሰት አይቻለሁ ግን እንዲህ ሕዝብን ያሳተፈ ውይይት መንግሰትን እሰከ ጥግ መተቸት በመከራም ውሰጥም ቢሆኑ ብልፅግና የአገራችን አሰደማሚ እድገት ለደሆች ቤት መሰራት ዳቦ ቤት ህፃናትን መመገብና ማሰተማር ወ ዘ ተ አይቼ አላውቅም ግን በየጫካው የሸፈታችሁ ወገኖቻችን ሰለ ምን ወገናችሁን እንደምትገድሉና የአገርን ልማት የምታወድሙ አላማችሁን የማታውቁ ምነው ሁሌ በድህነት እንድንቆራመድ ፈለጋችሁ እንገድላለን የምትሉ እናንተ ያለ	1	0	0	0	1	0
amh_train_track1_2975	እርሶ የአቶ ገመዳ ልጅ ምንሊክ ዛሬም ንጉስ ነው ካሉ ቦሃላ ሚያስገርም ነገር አለ እንዴ ?	0	0	0	0	0	1
amh_train_track1_2976	በኢሬቻ ላይ ጥላቻ፣ ቂም በቀል እና ተንኮል የለም። ምክኒያቱም ኢሬቻ የሰላም እና የምስጋና በዓል ነዉና።	0	0	0	0	1	0
amh_train_track1_2977	በልደቱማ አትሸወዱ። ልደቱ የወያኔ አሽከር ነው። ወያኔና አብይ ባላቸው ፍቅር ልደቱ አዲሳባ ሲገባ ዝንቡን እሽ የሚለው የለም።	0	1	0	0	0	0
amh_train_track1_2978	ሕንዳዊው ነጋዴ ለሚስቱ ታጅ መሐልን የመሰለ ቤት አሠራ	0	0	0	0	0	0
amh_train_track1_2979	በሀይማኖት ላይ በሳለቅ ይቁም ! ለደርግ መውደቅ ምክንያቶች ዋነኛው በሀይማኖት ላይ ጥላቻ ስለነበረው ነው፡፡ በሕዋሕት ይመራ የነበረው ኢሕአደግም ሃይማኖትን ያጥላላ ነበር፣ የብል	1	0	0	0	0	0
amh_train_track1_2980	የአቅም ውስንነት አለባቸው ማለት አንድ ነገር ነው ግን በትግራይ ህዝብ ሞት ፖለቲካ የሚሰሩ ናቸው ማለት የአስተሳሰብ ችግር እንዳለብህ ነው የሚያሳየው። አፍ ሲከፈት ይታያል።	1	1	0	0	0	0
amh_train_track1_2981	ማንም ቢንጫጫ እኛ ከወደብ ባለቤትነት አናፈገፍግም አሁን አንድ የምንሆንበት ሰአቱ ደርሳል ይሔንን የሚቃወም የኢትዮጵያ ጠላት ነው አረቦቹ ለዘላለም በሐር አልባ እንድንሆን ያሴሩብን አሁን ይግባን ስለዚ የዘር ትርምሱን ወደጎን ጥለን በአንድ የምንቆምበት ሰአቱ አሁን ነው ኢትዮጵያ የቀድሞዎን ከፍታዎን የምታገኝበት ሰአቱ መቶል	1	0	0	0	0	0
amh_train_track1_2982	ድል ለፋኖ ስሞ አቅፋ ገዳይ ገሎ አልቃሽ አብይ የዛሬ አምስት ያለን ፍቅር አሁን ዜሮ ነው የሆነብን የምር ቱ የገባሁት አብይ ላይ ሳይሆን ኢሳያስ አብይ ጎን ተቀምጦ እንደሁ ብየነው	1	0	0	0	0	0
amh_train_track1_2983	አስፊቲ ነብስህን በገነት ያኑረው እባካችሁ እነዚህ ሳይጠሩ የመጡ ቄሶችን አስወጥሉን አስፋው ተዋቂ ሰለሆነ ብቻ ለሕዝብ ለመታየት ብለው ነው የመጡት ኦርቶዶክስ አያውቃቸውም እዚህ ደግ ሰው ቀብር ላይ በመገኘታቸው ቅር ተሰኝቻለሁ ማንም አልጠራቸውም ድንኳን ሰባሪ ቄሶች ናቸው ከቀብር ብሃላ ሕዝቡ ያውግዛቸው	0	1	0	1	0	0
amh_train_track1_2984	ልጆች ዛሬ የምንማረው ተረት ተረት ስለ ኢሰያስ ዘኤርትሪያ ዎ አምሓራ ማህበረ አጋንንት ኦርቶዶክስ ዘኢትዮጵያ ነው	0	1	0	0	0	0
amh_train_track1_2985	“ጌታ እግዚአብሔር እንዲህ ይላል፤ ‘ፍልስጥኤማውያን በቂም ተነሣሥተው በክፉ ልብ ተበቅለዋልና፣ ይሁዳንም በቈየ ጠላትነት ለማጥፋት ፈልገዋልና፤ ስለዚህ ጌታ እግዚአብሔር እንዲህ ይላል፤ “ክንዴን በፍልስጥኤማውያን ላይ አነሣለሁ፤ ከሊታውያንንንም እቈርጣለሁ፤ በባሕሩ ጠረፍ ላይ የቀሩትንም አጠፋለሁ። በታላቅ በቀል እበቀላቸዋለሁ፤ በመዓቴም እቀጣቸዋለሁ፤” በምበቀላቸውም ጊዜ፣ እኔ እግዚአብሔር እንደሆንሁ ያውቃሉ።’ ” ሕዝቅኤል 25:15-17	0	0	0	0	0	0
amh_train_track1_2986	ኃይሌም ዝማሬዬም እግዚአብሔር ነው፥ እርሱም መድኃኒት ሆነልኝ። መዝሙረ ዳዊት መልካም ቀን!	0	0	0	0	1	0
amh_train_track1_2987	የአዛውንቱ ገንዘብ ተመለሰላቸው ደግሞም ቅጣቱ እጅግ አነስተኛ ነው ለምን እንዲ ሆነ ነገም ተመሣሣይነት ቢደገምስ	0	0	0	0	0	0
amh_train_track1_2988	እስከ ዛሬ ካቀረብካቸው ሰዎች ኤዱ '''ልዩ ሴት''' ናት።መማር በተለይ በሴት ልጅ እንደዚህ ስሆን ያኮራል።	0	0	0	0	1	0
amh_train_track1_2989	እብካቹህ የሄን ዲያቢሎስ አብይ አህመድ ንፁሓን ሽማግሌዎችሕፃናቶችና ሴቶችን የሚጨፈጭፍ ዓረመኔ አክብረህ አንቱ ብለህ ጠ ሚኒስትሩ ዶክተር ብለህ ስትጠራው መስማት ይዘገንናል የኢትዮጲያ ጋዜጠኞች ታሳፍራላቹህ እኛ ፋኖች ላይክ እናደርግም	1	1	0	0	0	0
amh_train_track1_2990	ሀይላየሱስ አዳሙ፣ ጎጃም የኦሮሞን ዱከ በመከተል የራሱን ክልልና ሲኖዶስ በማቋቋም የራሱን ፓትርያርክ መምረጥ አለበት የሚል ምክረ ሀሳብ አቅርቧል። ይሄ ጥሩ ጅምር ነው። እናመሰግናለ	0	0	0	0	1	0
amh_train_track1_2991	የጥበብ መጀመሪያ እግዚአብሔርን መፍራት ነው ? ምሳሌ 1፥7	0	0	0	0	0	0
amh_train_track1_2992	አጋጣሚ ከእናንተ ጋር በምንም የማይገናኝ በግልፅ በካርታቹ ላይ እንደሚታየው የኢትዬዽያ ግዛት የሆነን የባህር ዳርቻ እና መሬት በህገወጥ መንገድ ተቆጣጠራችውት አሁን ደሞ በታሪክ አጋጣማ ይሄን ጉዳይ አፍንጫቹ ላይ ቆሞ የሚጠይቅ ትውልድ እየመጣ ነው እና የዚህ ግለሰብ ሚና ይሄን በኤርትራ ላይ እየተነሳ ያለውን ትውልድ አጀንዳ ለማስቀየር የሚያደርገው መውተርተር እንጂ በሃው ላይ የተመሰረተ አይደለም ምክንያቱም ከሙሁር እስከ ገበሬ በዚህ ግዛታችን	0	1	0	0	0	0
amh_train_track1_2993	የአፍሪካ ዋንጫ አሸናፊዎች በገንዘብ እና በቪላ ሽልማት ተንበሸበሹ	0	0	0	0	1	0
amh_train_track1_2994	የባንኩ ሐላፊዎች አን ተፔጅ አይገቡም አትዋሽ በዛ ላይ ንግግግርህ ራሱ አሳፋሪ ነው	1	1	0	0	0	0
amh_train_track1_2995	እርግጥ ነው ፍቅር ያሸንፋል። የሚያሸንፈውም ጥቅሙ ሲጠበቅ ነው። ትዳር፤ ስራ፣ ውትድርና ሁሉም ያለጥቅም ጥበቃ ፍቅር ብቻ አያሸንፍም። ፍቅር ስሜታዊ ነው። ጥቅም መሰረታዊ ነው። ጨዋ	0	0	0	0	0	0
amh_train_track1_2996	Wow!🙆🏻🙆🏻🙆🏻🙆🏻 አሳዛኝ የሆነሽ ልጅ	0	0	0	1	0	0
amh_train_track1_2997	በቅድሚያ በአንዲት ሉዓላዊት ሀገር ላይ ያልተጠበቀ ጥቃት የፈጸመዉ ሐማስ ስለሆነ እሱን አወግዛለሁ በግለሰብ ደረጃ።	0	0	0	0	0	0
amh_train_track1_2998	ገበቴ አቃፊው በስራ ላይ፤ አሪፍ ውሻ ለባለቤቱ ዳንኤል ክብረት ህወሃት ከነአስተሳሰቡ መጥፋት አለበት ዳንኤል ክብረት በሬ ሆይ ሳሩን አይተህ ገደሉን ሳታይ	0	1	0	0	0	0
amh_train_track1_2999	በጣም የሚገርም ነው። እንደ አንተ አይነቱ አጋስስ በአገሪቱ በየቦታው ተሰግስጎ ነው ሕይወታችንን ያከበደው። እንደዚህ አይነቱ ዜና እዉነት ቢሆን ኖሮ አንተም በዚህ ሰአት ሲኦል ነበረክ።	0	1	0	0	0	0
amh_train_track1_3000	ለለውጡ መምጣት ለእያንዳንዱ ሰው የሰጠውን ክሬዲት አደንቅለታለሁ አንዳንድ የሄደበትን ስሜታዊ አካሄድ ባልደግፍለትም በብዙ ያመነበትን አድርጓል ለለውጡ መቀልበስ ደግሞ ተጠያቂው እነ ጠቅላዩ ናቸው	1	0	0	0	1	0
amh_train_track1_3001	አዲሱ የትዊተር ተቀናቃኝ በሰዓታት 10 ሚሊዮን ተጠቃሚዎች ማጋበሱን ዛከርበርግ ገለጠ	0	0	0	0	0	0
amh_train_track1_3002	ውጥር አማራ? ህልውናችን በክንዳችን ? አማራነት ወይም ሞት !	1	0	0	0	0	0
amh_train_track1_3003	እንደዛ ከሆነ አዲስ የተቋቋመውን የትግራይ ክልል መንግስት መጠራጠርና መፍራት ምን አመጣው? የተጠራጣሪነት ባህል ኢትዮጵያን እየጎዳ ነው። ሰዎቹ የገዛ ዘመዳቸው የ	0	0	0	0	0	0
amh_train_track1_3004	ሰዋሰው፡ የአዲሱ ዘመን የኢትዮጵያ ሙዚቃ መድረክ	0	0	0	0	1	0
amh_train_track1_3005	ግርማ ተጠማቂዎችን እያራቆተ አጋንንት ይጭንበቸዋል	0	1	0	0	0	0
amh_train_track1_3006	ብቻ ቆይተሽ ፕራንክ ነው ብለህ እንዳታጉላላላን ዋ አንተ ሞላጫ😂	0	1	0	0	0	0
amh_train_track1_3007	የኢትዮጵያ ጠላት ሀገር ለማፍረስ ከውስጥ የሚዋጋ ቅጥረኛ ነውተገልበጥ	1	1	0	0	0	0
amh_train_track1_3008	በርሀ እውነት ነው ኢትዮጵያዊ የሆነ እውነተኛ ሰው እንኳን የብልፅግና አባል የሆነ ሁሉ በ እንኳን በዚህ አጋጣሚ ሰልፉን በመደገፍ መንግስትንም አልታይ ያለውን ሰህተት እንዲያይ ማድረግ አለባቸው የኢትዮጵያ ህዝብ ከዚህ ላይ ምን እስከሚመጣ ይጠብቅ የኔ የምንለው መከላከያ እንደዚህ በራሡ ወገን ላይ ሲተኩስ ማነው ለሀገር ለህዝብ የቆመው እውነት ነው የተወሰነው ተጠቃሚ አካል ካልሆነ መንግስትን ማመን ትቷል አዝነናልተቀይመናል መንግሶት ለሁሉም አባ	0	0	0	1	0	0
amh_train_track1_3009	ወይኔ ዘይነብ ስወዳት ውሸት አታወራም ቀጥይበት ጥሩ ላይ ነሽ ለኩዚ ስጦታ አልሰጠውህም አለችው ሌላ ሰው ቢሆን ግን እንደ ሲማይ አይነቷ ብኮን ትዋሸው ነበር 	0	0	0	0	1	0
amh_train_track1_3010	አይናቸውን በጨው አጥበው google ላይ raw meat ብለው ሲሰርቹ ምንም አለመፀፀታቸው የሚገርም ነው ?	0	0	0	0	0	1
amh_train_track1_3011	FBI የሚለውን ሳይ ፊልሙ ትዝ ያለኝ እኔ ብቻ ነኝ!!!ብቻ ፕራንክ እንዳይሆን።ታራራራም ታራራራም	0	0	0	0	0	0
amh_train_track1_3012	የአረመኔዎች ጥቃት የጊዜ ጉዳይ እንጂ ለመላው አለም ይደርሳል እመኑኝ ቃል ለምድር ቃል ለሠማይ ቤተክርስትያንን እና መስኪዶችን እያፈረሰ የመጣ ጉግ ማንጉግ ሁሉንም ከማጥፋት ማንም አያግደውም ቡሀላ መፀፀት ዋጋ የለውም ልብ ያለህ ልብ በል ጆሮ ያለህ ስማ ሀይማኖተኛዋ ሩስያ ከተቃወመቻቸው ሀይማኖት የሌላቸዌዘው ሰሜን ኮርያና ቻይና ከተቃወሙት አንተ ከንቱ መናው ማን ሆነህ ነው የደገፍካቸው ወይም በዝምታ ያለፍካቸው 	1	1	0	0	0	0
amh_train_track1_3013	በትግራይ ክልል በድርቅ ምክንያት 223 ሺህ ገደማ ተማሪዎች ትምህርት ለማቋረጥ “ጫፍ ላይ’ መሆናቸው ተገለጸ	0	0	0	0	0	0
amh_train_track1_3014	ሲስተር ዘቢደር እጅግ ላንቺ የተለየ አግርሞትና አድንቆት አለኝ በርቺ ከጎንሽ ነን 	0	0	0	0	1	0
amh_train_track1_3015	ለብልጽግና የራስ ምታት ለተጎዳው ንፁህ የአማራ ህዝብ ደግሞ እንባ ጠባቂ ናቸው።	0	0	0	0	1	0
amh_train_track1_3016	የቀድሞ የፓኪስታን ጠቅላይ ሚኒስትር ከባለቤታቸው ጋር የ14 ዓመት እስር ተፈረደባቸው	0	0	0	0	0	0
amh_train_track1_3017	ይህን ቃል 27 አመት ወያኔዎች አቀንቅነውታል ዛሬም ተባብሶ መቀጠሉ ያማል አገራችን ታሳዝናለች	0	0	0	1	0	0
amh_train_track1_3018	የህዝባዊ አገልግሎት አሰጣጡ በየመዋቅሩ የተበለሻሸ በመሆኑ ሙስና እየተንሰራፋ እንጂ እየቀነሰ አለመሆኑ አሳሳቢ ነው በዚህ ከቀጠለ ጎረቤት አፍሪካ ሀገራት ላይ እንደምንሰማው ሁኔታ ውስጥ መግባታችን አይቀርም ተቋሙ ከማስመለሱ መከላከሉን ጠበቅ ቢያደርግ ይሻላል በየአገልግሎት መስጫ ቦታ ያለውን ሁኔታና ተጋላጭነት ይፈተሽ	0	0	0	0	0	0
amh_train_track1_3019	ገዢው ብልጽግና ፓርቲ አገሪቱ “ዘርፈ ብዙ የሌብነት ፈተና ገጥሟታል” አለ	0	0	0	0	0	0
amh_train_track1_3020	የገደለ መግደል ነው የምን መንግስት ነው መንግስት የት አለ ህዝብ በጠራራ ፀሀይ ህዝብ እየሞተ መንግሰት የሚባል የምን መጠበቅ ነው ወንድሜ ነፍስን ይማረው በጣም ልብ ይሰበራል ወይ ገና ስንት የምታይ የማንም መንጋ ቀጠፍህ ወይኔ	1	0	0	1	0	0
amh_train_track1_3021	እረ ዬት ሂጄ ልሳቅ ሚኮ በቃ ፓስተር ሆኖ አረፈዉ ማለት ነዉ😂 እንግዲ ሚኮ ተገላገልክ ላይክ አርጉኝ ሰብስክራይብ ዬለ ሶፍትህን እያበላህ ፈታ ዘና በል	0	1	0	0	1	0
amh_train_track1_3022	ድል ለእስራኤላውያን 🇮🇱 ሞት ለአሸባሪዎች አራጅ ደም እፍሳሽ አክራሪዎች ወሃብስት ⚔️	0	1	0	0	0	0
amh_train_track1_3023	ምን? ? በድሮን ዛፍ ነበር እንዴ ሲያመላልስ የነበረው ይሄ ቅቤ? የሟች ቁጥሩን በዳኒ ስለቀነሰው ደስ ቢለኝም	1	1	0	0	0	0
amh_train_track1_3024	ኢትዮጵያን ያቆመዉን ተቋም ኧረ የልዋላዊ መድህን የፖ ጨዋታ ባትጫዎትበት ጥሩ ነዉ፤ እዉነትም አይነጋ መስሏት በቋት አራች። አስታራቂ መስለህ ባንደበት ጥሩ ቃላት በእን	1	0	0	0	0	0
amh_train_track1_3025	ንግድ ባንክ ሁሌም የሚዘረፋበት ባንክ እኔ ደሞ 6000ብር በሌላ ሲስተም ባንኩ አሰርቆኛል የሚገርም ባንክ ነው	1	0	0	0	0	1
amh_train_track1_3026	ይህ መሃይም ነው አብይ አህመድን ሲያማክር የነበረው ወይኔ የራሱ ጥፋት የነበረው ቢሆንም በዚህ ደረጃ የከፋ አልነበረም የወያኔ ጥፋት የዚህ አይነቶችን ፋሺስቶች	1	1	0	0	0	0
amh_train_track1_3027	ሀይለ እየሱስ እንኳን ደስ አለህ ሄኖክም ዛሬ ልካችሁን ስላገኛችሁ ደስ ብሎናል	0	0	0	0	1	0
amh_train_track1_3028	ወረኖች ሀማኖትን ምን አገናኘው እኔ ለሀገሬ በሚሆነው መልካም ነገር እደግፍለሁ ከኤርትራ ጋር አብረን ብንሰራ ደሰ ይለኛል ሰላም ሰፋኖ	1	0	0	0	1	0
amh_train_track1_3029	በኬንያ አንዲት መምህር ያለማቋረጥ ከሁለት ቀን በላይ አስተማረች	0	0	0	0	0	1
amh_train_track1_3030	በሰሜኑ ጦርነት ራሱ እንዲ አይነት ውድመት አልገጠመም ባይ ነኝ!	0	0	0	1	0	0
amh_train_track1_3031	የ አስተዳደር እንጥፍጣፊ የሰብዓዊነት ሞራል የለውም የሱሉልታ ነዋሪዎች መኖሪያ ቤታቸን ድንገት ስለሚፈርስ እቃችንን እንኳን ለማንሳት ጊዜ አልተሰጠንም፣ ቤቶቹ	0	0	0	1	0	0
amh_train_track1_3032	ነገ እኮ እናታችን እመብርሃን ናት ድንግል ማርያም ባላችሁበት ሁሉ ከጎናችሁ ትቁም ከመከራ ጭንቀት ትጠብቃችሁ	0	0	0	0	1	0
amh_train_track1_3033	አንቺ እራስሽ ደስ ስትዬ ተባረኪልን	0	0	0	0	1	0
amh_train_track1_3034	ይሄን ድንቅ መሬ ፈጣሪ ወስዶት ለናተ የሚመጥናቹሁን መሪ ስለሰጣቹ ልትኮሪ ይገባል ለነገሩ ይሄኛውም ሲበዛባቹ ነው k	0	1	0	0	1	0
amh_train_track1_3035	ሴቶች ዝም ይበሉ አለየሽወም ይህንንን ድቁርናቹሁ አቁሙ ትዕቢተኞች ለነገሩ ጳውሎስ ቀድሞ ነገሮናል መጠንቀቅ ብቻ ነው እንዲህ ሲል “ነገር ግን በመጨረሻዎቹ ቀናት ለመቋቋቋም የሚያስቸግር በዓይነቱ ልዩ የሆነ ዘመን እንደሚመጣ ይህን እወቅ። ምክንያቱም ሰዎች ራሳቸውን የሚወዱ፣ ገንዘብ የሚወዱ፣ ጉረኞች፣ ትዕቢተኞች፣ ተሳዳቢዎች፣ ለወላጆቻቸው የማይታዘዙ፣ የማያመሰግኑ፣ታማኝ ያልሆኑ፣ ተፈጥሯዊ ፍቅር የሌላቸው፣ ለመስማማማት ፈቃደኞች ያልሆኑ፣ ስም	1	0	0	0	0	0
amh_train_track1_3036	ከ2አመት ኋላ ትናት ማታ 8በሳውዲ ከባል ጋር ታረቀን እጅግ በጣም ደስ ብሎኛል	0	0	0	0	1	0
amh_train_track1_3037	ከቂጣችን የሚወጉንን ትተን ያለው ለካ ግርማ የሺጥላ ወዶ አይደለም። እነዚህ ከኢሳያስ በላይ ለትግራይ ህዝብ ጠላት ናቸው።	0	1	0	0	0	0
amh_train_track1_3038	ከሲኖዶስ ሃሳብ ላይ መጨመርም መቀነስም የለብንም ። እኛ ውሳኔ ከሲኖዶስ ብቻ ነው ምንጠብቀው። የተዋህዶ ልጅ ስሜታዊ ሳይሆን የአባቶቹን ትዕዛዝ ሚሰማ ነው።	0	0	0	0	0	0
amh_train_track1_3039	ለትግራይ ስሆን ጦርነት ለአማራ ስሆን ድርድር የምትል ጀዝባው መንግስቴ	1	1	0	0	0	0
amh_train_track1_3040	ምነው ግን የአብቹን ፎቶ ስንት ወርቅ ወርቅ ፎቶ እያለው ይሄንን አደረጋችሁ በጣም ያሳዝናል  የዚያ የክፉው መለስ እንኳን ያደረጋችሁት እየሳቀ ያለውን ነው ይህ ክፋትና ቅናት ይባላል እናንተ ዝቅ ብታደርጉት እንኳን አብቹን እግዚአብሔር ከፍፍ አድርጎታል ገና የአለምን ከፍታ ያስረግጠዋል ፈጣሪው ይሄ ሁሉ ድንቅ የስራ ውጤት የድንቁ መሪያችን ነውና	0	0	0	1	1	0
amh_train_track1_3041	አይ ሞት እንደው ደጋግ ሰዎችን ፈልፍሎ የሚያገኘው ነገር  አስፋውዬ ነፍስህን ይማረው ከደጋጎች ጎን ያሳርፍ እንወድሃለን የኔ አባት 	0	0	0	1	0	0
amh_train_track1_3042	በመሳሪያ አይደለም ፈርኦንም በውሀ ሰምጦ ነው የሞተው ሜንም ግፈኛ የጁን ያገኛል አላህ ከደካማዎች ጎን ነው በሱ እርዳቴ ያሸንፋሉ ኢንሻአላህ ኢንሻአላህ	0	0	0	1	0	0
amh_train_track1_3043	እግዛብሔር ያሳድግልህ ምርጥ አባት	0	0	0	0	1	0
amh_train_track1_3044	ተባረኪ ጥሩ ምክር ነው። እንኳንም አመለጥሽ ጀግና ነሽ።	0	0	0	0	1	0
amh_train_track1_3045	ክቡር ጠሚር ስለበጎነትዎ አናመሰግናለን ከሁሉ በላይ ግን በሠላም ጉዳይላይ አጥብቀው እንዲሰሩ እጠይቃለሁያለ ሠላም ሁሉም ከንቱ ነውበዓመታት የተገነቡ በደቂቃዎች ይፈርሳሉእግዚአብሔር ይርዳዎት	0	0	0	0	1	0
amh_train_track1_3046	ኧረ በዋቃ ሞት 😂😂😂 ግብፅ ፣ የመን ፣ ሶሪያ ... ዋቃን ያመልካሉ ? 😂	0	0	0	0	0	0
amh_train_track1_3047	አሳቅቅሽን ሁላችሁም በውሸታሙ አብይ አህመድ ውሸት መመረዛችሁ ያሳዝናል አብይ ቢቃዥ መቀበሪያው ስለደረስ አይፈረደበትም ሚዲያ ግን በዚህ ደረጃ መውረዱ ያሳዝናል ሶማሌ ላንድ እውቅና የሌላት ሀገር የሱማሌ አንድ ክፍለሀገር ናት እንዴት ነው ሙሉ ሀገር ከግማሽ ሀገር ጋር ስለወደብ የምትፈርመው ውሸሸት ነው በጭንቀት መጋዥት ነው 	1	1	0	1	0	0
amh_train_track1_3048	“የወገኖቻችንን አስከሬኖች እየተሻገርን ነው ሳዑዲ የገባነው” ኢትዮጵያውያን ስደተኞች	0	0	0	1	0	0
amh_train_track1_3049	የጦር ዱልዱም የረብሻ ሳቅም የትም የለም ?	0	0	0	0	0	0
amh_train_track1_3050	ሰልፍ ማለት እጅ አጣምሮ እንደማውራት አይደለም ሞት ያስከትላል መሰዋት ደግሞ ተስፋ ለሚታይበት ነገር ቢሆን ሕገመንግስቱ ይፈቅዳል  የሚያስተዳድረን መንግሥትስ	1	0	0	0	0	0
amh_train_track1_3051	እንኮን እመቤቴ የአምላክ እናት አንተም ኑ ልፀልይላችሁ ትላለህ	1	0	0	0	0	0
amh_train_track1_3052	እርዳታ አልቀበልምማለት አትችልም ሀሀ ኧረ መቀደድሆዳም ለሆድህ ትቪላይ ተገትረህትንስ እንኳን አታፍርምእርዳታ ስጡኝ ብሎ ሚለምን እንደ ኢትዮጵያ አይነት እያለ ኧረ እፈር	1	1	0	0	0	0
amh_train_track1_3053	ማዳጋስካር ለአካለ መጠን ያልደረሱ ህጻናትን የሚደፍሩ ወንዶች ብልት እንዲሰለብ ሕግ አወጣች	0	1	0	0	0	0
amh_train_track1_3054	ኡመር ግን አበዛው ለምድነው ሊበቀላት የፈለገው የምር ደስ አይልም እሷም ላባትዋ ስትል ነው እዚህ ማጥ ውስጥ የገባይውምን አለ ባይበቀላት ጉሉሩየ	0	0	0	1	0	0
amh_train_track1_3055	የዲማሽ አስገራሚ ሙዚቃ ነፍሴን ይሞላታል ፣ ደስተኛ ያደርገኛል STRANGER TOUR ElAmorEnTi TheStoryOfOneSky	0	0	0	0	1	0
amh_train_track1_3056	ዮዛ ለአይኔማ ትንሽ ጣፋጭ መከልከል የለብኝም አላለይም	0	0	0	0	0	0
amh_train_track1_3057	ኣይ ሞሱዴ የኔ ፀረ ውሸት ዮንዛ ኣላለችም 	0	1	0	0	0	0
amh_train_track1_3058	ትላንት ሰይፉ ያቀረበው እንግዳ ቪዲዮ ድንገት ከከፈተብኝ ይሰቀጥጠኛል። Seifu is the class one moron!	0	1	1	0	0	0
amh_train_track1_3059	💔💔💔😭😭😭 እኔስ ፈራሁ በፀሎታችሁ አሰቡኝ 😭😭😭🖤🖤🖤	0	0	1	1	0	0
amh_train_track1_3060	እናሊላሂ ወኢናኢለይሂእራጁኡን አላህ ለቤተሠቦችሽ ሸፈአያድርግሽ የኔቆጆልጅ ተገኘችን ነበርየጠበኩት ያረብ ለእናቷሰብሩንይሰጣት	0	0	0	1	0	0
amh_train_track1_3061	መብሩሬ ማ አንደኛ ሰላይ ናት ጉልፈምንኮ መዉጫ የለለው ጭንቀት ውስጥ አስገባቻት 	0	1	0	0	0	0
amh_train_track1_3062	በአንጋፋውና ልምድ ጠለቅ ያለ እውቀት ባለው አለምነሕ ዋሴ የሚመራው ትክክለኛ በመካከለኛው ምስራቅ ያለውን ሁኔታ በትክክል ሳይዛባ ለእድማጭ ቀርቧል ብዙዎቻችን እውነትን መቀበል ስለሚያቅተንና አእምሮአችንን በእውቀት ማዳበር ስላቃተን የስድብና ማንቋሸሽ ይቀናናል አጠገባችን ያለውን ሁኔታ ሳንረዳ ከሩቅ ያለውን ሁኔታ አውቃለሁ ብሉ ኮመንት ከማፃፍ ስለመካከለኛው ምስራቅና በሐማስና በእስልምና እምነት ልዩነቱን ምን አውቃለሁ ብሉ እራስን መፈተሽ ያስ	1	0	0	0	0	0
amh_train_track1_3063	እኔ ማመን አቅቶኛል የጁሀር መረጋጋት አቃለው ትልቅ እውቀት አለው ደስ ይላል የሚያምር ውይይት ነበር ጋዜጠኛ ደረጄ ሀይሌ የሚያክለው የለም እናመሰግናለን 	0	0	0	0	1	0
amh_train_track1_3064	እስከ ዛሬም ስሜታዊ እንጂ ደጋፊ አልነበርክም እንደምንም ዕውቀት እንኖርህ ጣርና ደጋፊ ወይም ተቃዋሚ ለመሆን ሞክር	1	1	0	0	0	0
amh_train_track1_3065	ኣይ ኢትዮጵያውያን እንቅልፋሞች ናቹ እኛ ኤሬትራኖች ኢትዮጽያ እንደ ምትፈርስ ያወቅነው ወያነ የክልል ሕገ መንግስት ኣንቀጽ 39 የመገንጠል መብት ነድፎ ኣገሪትዋ ሲመራ ሲጀምር ነው ይሄ ሁሉ ጦርነት ዘር ቶኮር ግድያና መፈናቀል የባለ ስልጣኖች ኣይን ያወጣ ሙስናና ዝርፍያ ንሮ ውድነቱና ድሕነት ሰው ኣግቶ ገንዘብ በባንክ ክፍያው ማዛወር ስንቱ ብየ ልጥቀስ  ይሄን እንደሚሆን ኣውቆ ፕረሲደንት ኢሳያስ ሕገ መንግሱቱ ለኢትዮጵያ የማይመጥ	0	1	0	1	0	0
amh_train_track1_3066	ኢሬቻ 1000 %ጥንቆላ ነው ካላመናቹ እግዚአብሔር በእናንተ ላይ ቁጣው ሲነድ ታያላችሁ ከዚህም በፊት በየገደሉ ወድቃችኋል የአሁኑ ደሞ የከፋ ነው ሚሆነው ሰው	0	1	0	0	0	0
amh_train_track1_3067	ኬንያዊው የማራቶን ክብረ ወሰን ባለቤት በመኪና አደጋ ሕይወቱ አለፈ	0	0	0	1	0	0
amh_train_track1_3068	የኢትዮጵያ ብድር መክፈል አለመቻል እና የሚያስከትለው ዳፋ	0	0	0	0	0	0
amh_train_track1_3069	በአሸርጋጅነት እየቀጠለ የአማራን ህዝብ ስቃይ ማስቀጠል ነው ረመጥ ውስጥ የሚከተው። ተላላኪነት ይበቃል!	1	1	0	0	0	0
amh_train_track1_3070	ይብላኝ ለዚህ ደንቆሮ ግም አፋችሁ ከፍታችሁ ለምትሰሙት የፓርላማው አባላት ታሳዝኑኛላችሁ	0	1	0	1	0	0
amh_train_track1_3071	ማን አወቀለት? የሚገርም መሪ ነው።ከዘመኑ 1 ደረጃ ከፍ ብሎ ስለ መጣ አስተሳሰባችን መመጣጠን አልቻለም።ምናልባት የሆነ ሰዓት ላይ ልንረዳውሊገባን ይችላል።	0	0	0	0	1	0
amh_train_track1_3072	Ali Seid ደንቆሮ ነኝ እያልክ ስለሆነ በዚሁ ቀጥል ።	0	1	0	0	0	0
amh_train_track1_3073	የሴቶች ጥንካሬ መለኪያ ያንቺን እና ያገዛዛችሁን ዘግናኝ ጭፍጨፋ እና ማፈናቀል ያለመታከት የምታጋልጠው መአዛ መሃመድ ነች!	1	1	0	0	0	0
amh_train_track1_3074	ትክክል ነው የዘነጉት ግን ይህ ሰው በስልጣን ከቀጠለ አገርም ሊኖራቸው እንደማይችል ነው። የአቢይ ስጋት ለአማራ ብቻ ነው የሚለው ስህ	0	1	1	0	0	0
amh_train_track1_3075	ምንም ስቃይ ቢበዛ፣ ታሪክ ጮቁኖናል የሚሉ ከንቱዎች በከንቱ ቂም ታውረው የጭቆና በትር ቢያሳርፉብንም፤ በእናት ሃገር ኢትዮጵያ ተስፋ አንቆርጥም። እነሱ በሚሉን ሳይሆን በእኛ መንገድ	0	1	0	1	0	0
amh_train_track1_3076	በጣም ያማል ልብ ይሰብራል ኡፍፍፍ የኔ እናት እግዚአብሔር መጨረሻሽን ያሳምርልሽ	0	0	0	1	0	0
amh_train_track1_3077	አለምነ አንተ ከድሮ ጀምሮ እየሰማውህ የኖርኩ ነኝበጣም ጀግና ጋዜጠኛ ነህ	0	0	0	0	1	0
amh_train_track1_3078	እግዚአብሔር ይመስገን ኣባታችን ቃል ህይወት ያሰማልን አድማቸውን ያሪዝምልን ፀጋው ያብዛልት በፀሎታቸው ኣስብን ወለተ መድህን እያላች እህቶች ዎድሞችየ እናታችየ ኣባታችይ በረከታችው ይደሪብን አባታችን	0	0	0	0	1	0
amh_train_track1_3079	አስቱዬ ምርጥ ❤❤❤የማይረሳ ቀን ነበር ክብሩን አባታችን ይውሰድ🙏🙏🙏	0	0	0	0	1	0
amh_train_track1_3080	ዋቃን ሳይሆን ዋቃ ጉራቻ ነዉ የምባለዉ። ጥቁሩ እግዝአብሄር ማለት ነዉ። ኦሮሞ እርን በጥቁርና አስፈሪ ነዉ የምመስለዉ። የአባ ገዳ ሶስቱ ቀለ	0	1	0	0	0	0
amh_train_track1_3081	እኔን በልጅነትሽ ይሄ ሁሉ መከራ አይገባሽም ፈጣሪ መጨረሻሽን ያሳምረው አንቺ ጀግና መከራሽን የምትረሺበት ዘመን ይስጥሽ 😭ለማመን እሚከብድ ሲሰሙት እሚሰቀጥጥጥ እጅግ እጅግ እጅግ ያማል ፈጣሪ አለሁ ይበልሽ የኔ ቆንጆ ሰዉ እንንንዴት በዚህ ልክ ይጨክናል ጽናትሽ ትግስትሽ እና እምነትሽ ይደንቃል እኔ አልቻልኩም😭😭😭💔💔💔🙈🙈🙈	0	0	0	1	0	0
amh_train_track1_3082	እንዲሁም ይህ እጅግ እርሶን የሚወዶት እና እጅግም የሚሳሳልዎን የአዲስአበባ ህዝብ ስራ እንዳይፈታ ብለው በቀን አንዴ ብቻ እንዲመገብ ስላደረጉ	0	0	0	0	0	0
amh_train_track1_3083	ሰላም ይሻለናል ይቅርብን ባህር በሩ በዚህ ደግሞ ነካክተህ ከኤርትራ ጋር ወደ ጦርነት ልትጋፍጠን።	0	1	1	0	0	0
amh_train_track1_3084	አቡሽ ዘለቀ ዛሬም አለቀሰ እያሉ ነው ? ?	0	0	0	1	0	0
amh_train_track1_3085	ይህ ቆሻሻ ኤርትራዊ ከሚድያ አርቁት	0	1	0	0	0	0
amh_train_track1_3086	አላህ ይግደለው የህፃናቱ ደም ጎርፍ ሆኖ ይዋጠው የሱን ስቃይ ለ አለም ያሳየው 	1	1	0	0	0	0
amh_train_track1_3087	ትግራይ፡ ‘ወይ አይገድል ወይ ነፍስ አይዘራ፣ ጥቂት እርዳታ ስንጠብቅ ሳር አከልን’	1	0	0	0	0	0
amh_train_track1_3088	ይድረስ ለወሎ ወልድያ  ዩኒቨርስቲ አስተዳደር  አማራን ለዚህ ሁሉ ሞትና ስቃይ ባበቃው ሰው  አህያው ዋለልኝ መኮንን ስም የሰየማችሁትን ላይብረሪ በእኚህ የሀገር ኩራት ስም ተኩልን  እባካችሁ	0	1	0	0	0	0
amh_train_track1_3089	እንደ ልማድሽ እሱንም ፐተሽ ለላውን ሌማሴር ግንድ እየፍልግሽ ይሆናል ባክሽ አናውቃቹም ሆዳም ሁላ	1	1	0	0	0	0
amh_train_track1_3090	የምታምኒው እግዚአብሔር አሁንም ሂወትሽን ያስተካክልልልሽ እህቴ😭😭😭💔	0	0	0	1	0	0
amh_train_track1_3091	እንድያው የውሸት ዜና ዘጋቢዎች እና የመንግሰት ተቃዋሚዎች አሸሙር ምጸት ንቀት ፉገራ መታወቅያችው ነው የወሬ ደላላ ናችው አሸሙረኛ ገበታ አሰደንቃጭ በፍርፋሪ እና በምጸት ያደጋችው ከሰይጣን ጋር ነው ወዳጅነታችው ዱር በረሃ እና ጫካ ነው ያደጋችው የአውሬ ጸባይ ነው የምታንጸባርቁት ሰብእና የራቃችው ነው ጸረ ብልጽግና የፈረንጅ አሸከርና ተላላኪዎች ለኢትዬጰያ ምንም አሰተዋጽኦ የላቸሁም ከሃይለ ሰላሴ ኋላ ቀር የሰራ ባህልና ልማት አልባ ኢኮኖሚ	1	1	0	0	0	0
amh_train_track1_3092	የቆሰለ ፍቅር ምእራፍ ሀሁለት የለውም በቃየፍሊጶስ ንዴት የሊዮን ትእግስት የይልዲዝ ድድብነት የሂላል ኣልበገር ባይነት የኣዚዜ ፍቅር ታጋሽነት የጀቭዴት ጀግንነት የስለላ ጥግነት የያኩፕ ብልሃት መላ የቱርኮች ሃገር ወዳድነት የግሪኮች ለቱርኮች ያላቸው ንቀት የ 3ቱ የሂላል ጓደኛሞች ጥምረት የነሂላል ጓደኛ ኣህመት ድፍረት ለሂወቱ የማይሳሳ ብቻ ብዙ ብዙ የማይረሱ ነገሮች በዛ ፊልም ኣይተናል በሂወቴ ኣልረሳውምምርጥ ትወና የኢትዮጵያ ኣርቲስቶችም	0	0	0	0	1	0
amh_train_track1_3093	ማምለጫና መውጫ መንገዱ ተገኘ 2 ድንቅ ትምህርት በቄስ ዶክተር ገመቺስ ደስታ Dr Gemechis Desta YHBC via 	0	0	0	0	1	0
amh_train_track1_3094	የናተስ የጉድ ነው በሳኡድ እስር ቤት ለሚሰቃየው ዜጋችሁ ምነው ዘጋችሁ እሳ እማይጠቅምነገር ከምታወሩ ለዜጋችሁ ስቃይ ለመንግስት ድምጽ ሁኑ	1	1	0	1	0	0
amh_train_track1_3095	ይህንን xx ሰው ብለሽ ማነጋገርሽ የሚገርም ነው።	0	1	0	0	0	1
amh_train_track1_3096	የሲማይ እናት ሀዘን ላይ እንኳን ሆና ታምራለች	0	0	0	0	1	0
amh_train_track1_3097	ደንቆሮ አብይ አገር ያቀናል እንጂ አይዘርፍም የምታወሩት አጣችህ በቅናታ ተለበለባችህ አብቾ እያንጫጫችህ አገር ይገነባል አአገር ወጥቶ በድል ነው የሚመለሰው ጁንታው 27 አመት ሲመሩ አባይን እንገንባ ብለው የህዝብ ገንዘብ ሙልጭ አደረገዌ ነው የጨረሱት ጀግና አብቾ ግን በወደቀ ኢኮነሚ በአራት አመት መልቶ አሰያን ይህ ሰራው አይታያችህ ደንቆሮ ዘረኘነት ሰለሸፈናችህ ተንጫጭ እሰ ሰራ ላይ ነው	1	1	0	0	0	0
amh_train_track1_3098	የቀድሞው የደቡብ አፍሪካ ፕሬዝዳንት ጃኮብ ዙማ አዲስ ፓርቲ መሠረቱ	0	0	0	0	0	0
amh_train_track1_3099	አብይ አህመድ በስልጣን ላይ እስከ ተቀመጠ ድረስ ኦሮሞ ከዚህም የከፋ በደል ይደርስበታል  ስድብ የማይገባቸው መዋረድን የማይጠግቡ አብይ አህመድና የአህዴድ አሽከሮች ኦሮሞን ለሶስተኛ ጊዜ የነፍጠኛ ገባር ለማድረግ በመረባረብ ላይ ናቸው እነዚህ የውርደትና የቅሌት ባለቤቶች የኦሮሚያ የኦርቶዶክስ ነፃ አውጪ ነቄዎችን እስር ቤት ከተታቸው አብይ አህመድ መስሎት ነው እንጂ የተነቃነቀ ጥርስ መውለቁ እንዳይሚቀር የተፈጥሮ ህግ ያስገድዳል የነፍጠኛው ዋ	1	0	0	0	0	0
amh_train_track1_3100	የሰማዕትነት ሞት ከክርስቶስ ጋር ምንገናኝበት መንገድ ነው	0	0	0	0	0	0
amh_train_track1_3101	የሚገርም ነው Wow  ካሁን ቡሃላ የሚያባላን ታሪክ ትርክት ወይም ሃውልት አያስፈልገንም ብራቮ አብቹ እና አዳነች	0	0	0	0	1	1
amh_train_track1_3102	እና ሚኮ በቃ ተቀላቀለ ነው ምትሉኝ🤔 ነገ ፕራንክ ነው እንዳይል 🙄😁	0	0	0	0	0	0
amh_train_track1_3103	ይህማ በተጨማሪ ቆለጡን ቆርጠው ማሰቃየት ነበር	0	1	0	0	0	0
amh_train_track1_3104	በእውነት እንኳን በደል አይደለም እኔ እራሱ ለሰማሁት ግለሰብ አመመመኝ ግን ምን ዓይነት ሴት ነች እናትየው የልጅቱስ ጥንካሬ አይገርምምም? ለዚህ ነው ከሰማየ ሰማያት የመጣው የሸሪዓ በሸሪዓ ህግ አስካሪ መጠጥን እነ ዝሙትን አትቅረቡ ብሎ የሚያስተምረው ሙስሊሞችም ሰምተው የሚተገብሩት ነብዩ መሐመድም (ሰዐወ) አስ%ካሪ መጠጥ የሀጢያቶች ሁሉ እናት ነች ያሉት ለዚህም ጭምር ነው ። ተመልከቱ የዚህ ሁሉ ውስብስብ መከራ መነሻው አስ%ካሪ መጠጥ	0	0	0	1	0	0
amh_train_track1_3105	የይዋጣልን ፉከራ የድንቁርና መገለጫ ነው እህቴ እንጂማ ጥያቄው ሲለጠጥ የከፋ ነገር ይዞ እንደሚመጣ መዘንጋት የለብሽም።ላልሺው ነገር እኔን መደገፍና መቃወም ያ	1	0	0	0	0	0
amh_train_track1_3106	አብይ አብይ አብይ ከዚህ ውጭ ሌላ ሀሳብ የላችሁም እሱ ግን 360 ቁጥር መሆኑንያውቃል በተረፈ የጽንፈኛ ድምፅ የሚሰማበት ጊዜ የለሁም ሥራ ላይ ነው ችግኝ ይተክላል ዘረኛ ጽንፈኛ ይነቅላል ህግ ያስከብራል	1	1	0	0	0	0
amh_train_track1_3107	ገበርዋ ስድብ ጥሩ አይደለም !	0	0	0	0	0	0
amh_train_track1_3108	ሶማሊያ ውስጥ ቢያንስ ሰባት ኢትዮጵያውያን ማንነታቸው ባልታወቁ ታጣቂዎች ተገደሉ	0	0	0	1	0	0
amh_train_track1_3109	ዶር አብይ አህመድ አሊ በጣም የምትገርም የምትደነቅ ልዮ የፈጣሪ ስጦታ ነህ ስንል በምክኛት ነዉ ትለያለህ ሚሊዮኖች የሚሳሱልህ እናቶች አባቶች እፃናት ወጣቶች እንዳሉ እወቅ ምንም ጥቂቶች በክፋት በስግብግብነት በምቀኝነት አገር ስትቀየር አይናቸዉ ደም የሚለብስ እንዳሉ ሁሉ የኢትዮጵያ አምላክ ጥላ ከለላ ይሁንህ አንተ ሰርተህ አሰርተህ ደከመኝ ሳትል አዉርቶ አደሮች ከወንበር ወደወንበር እየተቀያየሩ መከራቸዉን አበላሀቸዉ በአሽሙር አቃቂር በማዉጣ	0	0	0	0	1	0
amh_train_track1_3110	በአማርኛ መፃፍ ግዴታ አስመሰልከው። እንዲህ ከምትቸገር በምትችለው ቋንቋ ለምን አትፅፍም ? አለመፃፍም ይሻላል።	1	1	0	0	0	0
amh_train_track1_3111	አይ ዳኒ ሌቭልህን የማታውቅ ዝቃጭ ነህ ቱ	0	1	0	0	0	0
amh_train_track1_3112	አንተ እናትህን ምን ያህል እንደምትወዳት ታውቅ የለ  ያን የእናት ፍቅር ማጣት ያን እንስፍስፍ ተፈጥሮ አለማግኘት ምን ማለት እንደሆነ አይገባህም  ለምን እናትህ ሁሉ ነገራቸውን ሰተውሃል  እና አለም እናማ ልጅቷን ተዋት 	1	0	0	0	0	0
amh_train_track1_3113	አዋሽ 7፡ ከማይመሹ ቀናት፣ ከማይነጉ ሌ’ቶች እስከ ‘አይደገምም!’	0	0	0	0	0	0
amh_train_track1_3114	ጥሩ ጊዜ ነበር አመሰግናለሁ ፕራንክ ሰራህኝ እንጂ	0	0	0	0	1	0
amh_train_track1_3115	እንደ አሁኑ ግን ኢትዪጲያ ጭንቅ ውስጥ ገብታ ታውቅ ይሆን 	0	0	0	1	0	0
amh_train_track1_3116	በቡድን መሪነት ውስጥ ዳንኤል ክብረት ቢካተት አሪፍ ነበር	0	0	0	0	0	0
amh_train_track1_3117	Benayas Azahel እኛ የምናከብረው እምነቱን ሳይሆን ባህሉን ነው። ፈጣሪ ውስጥ አዋቂ ነው:ሰው እዛ የሚሄደው እንደ ባህላዊ ፌስታቫል fun ለማድረግ እንጂ ለሆነ ግብር ወይም አምልኮ ለማካሄድ አይደለም። ይሄን ደሞ እዛ ሄደህ በማየት እንጂ ጥላቻ ስላለብህ ከሩቅ ሆነህ በመንቀፍ አይደለም: Let's go and seee! ከዛ ውጭ አታለቃቅሱብን።	1	0	0	0	0	0
amh_train_track1_3118	ጥሩ መረጃ ነው እናመሰግናለን።በህግ የሚጠየቁበት አግባብ ቢኖር ጥሩ ነበር።	0	0	0	0	1	0
amh_train_track1_3119	በጣም የሚገርም አይን ያወጣ ጉቦኝነት በውሀና ፍሳሽ ሰራተኞች። የውሀ ተራ በማሳለፍ ሕዝብን እያሰቃዩ ገንዘብ ካልከፈላችሁ ውሀ አንከፍትም። 72 አካባቢ 10 ቀን ያለውሀ!	1	0	0	1	0	1
amh_train_track1_3120	Suna ዝምበል ወናፍ ወያኔ የፋኖም ይሁን የደቡብ ኢትዮጵያ ትግል ሕግአራዊቱን ወደ ቆሻሻ መጣያ መጣልና ኦሪጂናሉን ክፍለሃገራት መመለስ ነው እዚያው ከ አንበጣህና ቁልቋልህ	1	1	0	0	0	0
amh_train_track1_3121	EMS ኦሮሞ ጠል የሚለው የኦሮሞ አክራሪ በሚለው ይስተካከል?	0	1	0	0	0	0
amh_train_track1_3122	ሰውየው አጭበርባሪ ነው ? ስለዚህ ጊዜህን በከንቱ ለምን ታጠፋለህ ?	0	1	0	0	0	0
amh_train_track1_3123	ምንይባላል 1ጊዜ የሜዳ አህያ ተብሏል	0	1	0	0	0	0
amh_train_track1_3124	የኔምእሷን ሳይ እንባዬን መቆጠጣር ያቅተኛል	0	0	0	1	0	0
amh_train_track1_3125	እስራኤልና ሐማስ ሰብዓዊ ድጋፍ ወደ ጋዛ እንዲገባ ስምምነት ላይ ደረሱ	0	0	0	0	1	0
amh_train_track1_3126	ጋዜጠኛውም ሆነ ፖለቲከኛው ለሀገራችን ተጨማሪ ችግር እንጂ መፍትሄ የሚሆን ጥያቄም መልስም የላችሁም ጃዋር እውነት ወደ ሚዲያ መቅረብህ ካልቀረ ባንተ ተከበብኩኝ ምክንያት ለጠፉ ንፁሀን ነብሶች ይቅርታ መጠየቅ ነበረብህ አንተ ደደብ ባንተ ምክንያት የስንት እናቶች እንባ ፈሶ ዛሬ አይንህን በጨው አጥበህ ትገለፍጣለህ ዳሩ እኛ ሾርት ሚሞሪ አይደለን	1	1	0	0	0	0
amh_train_track1_3127	ክቡር ካንቲባ ካንዳንድ ክልሎች መንግስት ለመገልበጥ ወደ አአ የሚደረግ ፍልሰት አለ ያሉት የትናንት ሪፖርት ሃላፊነት የጎደለው አደገኛ ንግግር ነውሰው የእ	1	0	0	0	0	0
amh_train_track1_3128	ስዩም ከኤርትራ ጋር ጦርነት ከፈለክ አንተና ጌታክ አብይ ይዋጋ የድሀ ልጅ ግን ሄዶ አይሞትም በአገሬ ዞሬ መስራት የተከለከልኩ ቀይ ባህር ለኔ ምኔ ነው	1	1	0	0	0	0
amh_train_track1_3129	ነፍስ ይማር ። በተሳሳተ መንገድ ኖራ በመሞቷ ያሳዝናል ። ጥሩ ዘፋኝ ነበረች ዘፈን ባያጸድቅም እሷ ግን ትክክል የሆነች መስሏት ከ ዘፈን ወደ ዘፈን ነበር	0	0	0	1	0	0
amh_train_track1_3130	 መች ተከፉ እየው በሳቅ እየዳኟቸው አይደል ጎበዝ ተመልካች እዲያያቸው እደዚ መፃፍ ምን ይሉታል ቆይ ወይ ዘድሮ አለ ኤፍሬም ታምሩ ሲጀመር በነ ማአን ጁስ በነ ያለም ወርቅ ጊዜ እይታ ቀረ በጣም እይታ ነበር ያላቸው እኮ አሁን ላይ የለም	1	0	0	0	0	0
amh_train_track1_3131	ስምህን አስተካክለ ሀብተ ኢየሱስ ብለህ ጻፍ።አንድ ቦታ ተቸንክረህ ቆመሐል።እራስህ ለራስህ የምትነግረው ትርክት ጋርዶሃል።work out your mi	1	1	0	0	0	0
amh_train_track1_3132	ተሱዬ ምርጥ አባት ዉይ ታድላ ሰላምዬ	0	0	0	0	1	0
amh_train_track1_3133	በሕንድ በደረሰ የባቡር አደጋ ከ260 በላይ ሰዎች ሞቱ	0	0	0	1	0	0
amh_train_track1_3134	የሰዎችን ሰውሰራሽ ሞት በፀጋ እየተቀበሉ ሃገር መምራት እንዴት ነው ልክ ሚሆነው? ሲቀጥል አንቺን ፍፁም ፃድቅ ሌላውን ሰይጣን እያደረግሽ፤ ለኢትዮጵያ ከኔ ውጭ አሳቢ የለም አይነት ጨዋታ ይቅርብሽ።	1	0	0	1	0	0
amh_train_track1_3135	ኢትዮ 360ዎች ግን ለምን ይሆን ችግሩን ብቻ እያጎናችሁ ለመፍትሔው የማትሰሩት? ነውር አይደለም እንዴ? በለፉት ሁለት አመታት የደረሰብን መከራ እንዲቀጥል ትፈልጋላ	1	0	0	0	0	0
amh_train_track1_3136	ሀገር ያዋረደና የተዋረደ የበሻሻ አጭበርባሪ ዱርየ 	0	1	0	0	0	0
amh_train_track1_3137	ግርምምም የሚለው ማንምምም እየተነሣ ፕራንክ የሚለው ነገር ።	0	0	0	0	0	1
amh_train_track1_3138	እውነትም ጀጃው እንደዚህ የሸተተ አማራም አለ የሚገርም ነው	0	1	0	0	0	0
amh_train_track1_3139	ኡፍፍ ጅሀን አሰልቀሰቀኝ ጌታን  ፍቅር ግን ሁሌም ተቃራኒ ነው 	0	0	0	1	0	0
amh_train_track1_3140	በጣም የሚገርም የማስታወስ ችሎታ አንደበተ ርቱእ እባክህኤነዚህንና ሌሎችንም ከትበህ ለትውልድ እንዲቀመጥ አድርግልን አድርገህው ከሆነ ይቅርታ በቃል ያለ ይረሳል የተፃፈ ይወረሳልና አመሰግናለሁ	0	0	0	0	1	1
amh_train_track1_3141	በጣም ጥሩ ሀሳብ ነው በርታ ጎበዝ እንድ በአማርኛ እንድ በእንግሊዝኛ በቀን ማቅረብ ትችላለህ ጎበዝ ለአፍሪካ ወንድሞች ትክክለኛ ዜና ማግኘት ይችላሉ ከኢትዮጵያውያን	0	0	0	0	1	0
amh_train_track1_3142	በጣም እጅግ ምን ዓይነት ጨካኝ ሰው ነው። አንች ደግሞ ፈጣር ከጎንሽ ሁንልሽ የዘወትር ፀሎተ ነው	0	0	0	1	0	0
amh_train_track1_3143	የማህፀን በር ካንሰር እጅግ አስቀያሚ በሽታ ነው የብዙ ኢትዮጵያዊያን እናቶች ስቃይ ነው ነገር ግን ልንከለከለው የምንችል ነው።አንዱ መከላከያም ክትባት ነው።አንዳንዴ በምክንያት መቃወም ጥሩ ነው	0	0	0	1	0	0
amh_train_track1_3144	ወይ ባኖ እንዴ ሴማይ ሙጭጭ የሚሉ ሴቶች አይመቹኝም ብላ አረፈችው እኮ እሱዋ ጉኒ ላይ ሙጭጭ እንዳላለች ሁላ	0	1	0	0	0	1
amh_train_track1_3145	“ንቦች ለቀረቧቸው እንደ ሰው ናቸው” ታምራት ጌታቸው	0	0	0	0	0	0
amh_train_track1_3146	አይዞሽ እህት ሁሉን የሚያሳልፍ ጌታ ካንቺ ጋር ይሁን	0	0	0	1	0	0
amh_train_track1_3147	አቦ አንተ መሪ ነህ የደግነት አመልካች አቅጣጫ ጠቋሚ  የደሀ አደግ አባት ታዛዥ ባርያ የመስጠትን ልክ የተረዳህ ሰጪ  የልግስናን ደስታ የምታጣጥም ደስታህ ማድረግና መከወን የሆነ ክቡር ጠቅላይ ምኒስተር ዶር አብይ አህመድ አሊ	0	0	0	0	1	0
amh_train_track1_3148	ኮለኔል መንግስቱ ኃይለማርያም በስልጣናቸዉ ተመክተዉ የኢትዮጵያን ብዙኋኑን ድሀ ህዝብ ለመዝረፍና ለመበዝበዝ ያሰሩትን የገዛ ራሱ መንግስት ባለስልጣኖችን እንኳ ሳይታገስ ወዲያዉ በመረሸን አስራ ሰባት አመት መላዉ ኢትዮጵያን ህዝብ በፍትህና በእኩልነት ያስተዳደረ ጻድቅና ብሩህ መንግስት በዝባዥ ፤ ጮቋኝ ፤ ነፍሰ ገዳይ ፤ እና አረመኔ ኢህአደግ መንግስት አሳድዶት በስደት በሚኖርበት በሰዉ አገር(ዝንባቤ አገር) እንኳ ትክክክለኛ ፈ	0	1	0	0	0	0
amh_train_track1_3149	ብሔራዊ መከላከያ ሰራዊታችን ሸኔ በሚል ስያሜ በሚንቀሳቀሰው ወራዳና የኦሮሞን ህዝብ ፈጽሞውኑ በማይወክለው ወንጀለኛ ልጅየሌቦች ቡድን ላይ በወሰዳችኹት ብርቱ እርምጃ ደስ አሰኝታችኹናልና እሴዬው በርቱ ተበራቱ እንላለን 	0	0	0	0	1	0
amh_train_track1_3150	መሆኑን ጠቁመዋል። የክልል ልዩ ኃይሎች አደረጃጀት ህጋዊ አለመሆን፣ በክልሎች መካከል እንደ ስጋት መተያየት እንዲሁም ችግሮችን በሃይል ለመፍታት የሚደረገው እንቅስቃሴ አደረጃጀቱን ለ	0	0	0	0	0	0
amh_train_track1_3151	መጀመሬዉኑ ከህዝብ በስተጀርበ በድብቅ የሚደረግ ድርድር በሺ የሚቆጠር ደም ወዴት ሂዶ በሚሌዎን ተፈናቃይ በሺዎች የሚቆጠር አሰቃቄ ሞት ወለጋ ደም ፉትህ መቼ አገኛ እራሳቸዉ ገዳዩች እራሳቸዉ ተደራዳሬዎች ፉትህ ከእግዚአብር የሚጠብቁ የላኛዉን ጌታ የሚጠብቁ ብዙ ምስኪን ሀዝብ አለ ደሙ እሚጮህ ለቅሶዉ እንዴሰማለት የሚፈልግ ሰላምለህዝባችን ይሁን የሰላሙ ጌታ ለምስኪኖች ያሁን	1	0	0	1	0	0
amh_train_track1_3152	ነብስ ይማር ግን በድንገት ለሞተሰው ህዝብ ለምንድን ነው የሚረዳው የሙት ደም በቃ መካሻ ነው እርዳታ የምትጠይቁ ሰዎች በጣም አሳፋሪዎች ናችሁ	1	0	0	1	0	0
amh_train_track1_3153	በርግጥ ምንም ቢሆን በሰው ህይወት ማለፍ ማዘን ያለ ነው ግን ያ ሁሉ ህዝብ ሲያልቅ ዝም ብለሽ አሁን እንዲ መሆን አያስተዛዝብም?	0	0	0	1	0	0
amh_train_track1_3154	ኢትዮ 360 የአገርና የህዝብ አለኝታዎች ናችሁ!!! ከሕውሐት ጥፍር ነቃይና ዘራፊ ተገላገልን ስንል??? ህፃናትና አዛውንት የሚያርድ አገሩንም ያየውን ደህና ልብስም ኬኛ የሚል የከፋ ዘራፊ ኦሮሙማ ላይ ጣለን!!!	0	1	0	0	0	0
amh_train_track1_3155	የህዝበ ሙስሊሙ እጅግ የሚገርም የእንቅልፍ እና የፈሪነት ዘመን ተብሎ የሚጻፍ ታሪክ	0	1	0	0	0	0
amh_train_track1_3156	በአማራ ሕዝብ ላይ እጅግ ዘግናኝ የሆነ ጭፍጨፋ በምስራቅ ወለጋ ሲካሄድ የአለም አቀፉ ማህበረሰብ ዝም ማለቱ እጅግ የሚያሳዝን የሚያሳፍርም ነው፡፡ፍርደገምድልነት የነገሰባትና ግፍ የሞላ	0	0	0	1	0	0
amh_train_track1_3157	በሌላ በኩል ደግሞ ኤርትራን እንደ ሀገር አልቀበልም ስትል የተደበቀው የህወሃት አጀንዳውን ነው ግልፅ ያደረክው ወልቃይትንም በግፍ ያለምክንያት የአማራ ሆዳም ባለስልጣናትን በማታለል ስትወስዱ አንዱ አጀንዳችሁ የኤርትራን ህዝብ ዘግታችሁ በመያዝና በማዳከም ጠቅልላችሁ በሃይል ለመያዝ ከዚያም ከኢትዮጵያ መገንጠል ነበር አጀንዳው ለጊዜው አልተሳካም አማራም አሁን ነቅቿልየኤርትራም ትምህርት ሰጥታችኋታ ከዚህ በኋላ የሚታለል አለ ብየ አላምንም ሴራችሁ	1	0	0	0	0	0
amh_train_track1_3158	ጋሼ ኣያሌው የሚሰማህን በምታውቀው ልክ መናገርህ መልካም ነው ግን ብዙ ስተሃል መርማሪ ኮሚሽን ኣላስገደለም ማስረጃህም የተሳሳተ መሰለኝ ስለድርቁም በጣም ተሳስተሃል እንኩዋን ወሎ ኣዲስ ኣበባም በልቶ ለማደር ምን ያህል ችግር እንደነበረ ምስክሮች ነበርን ጃንሆይ በሁዋላ ከመጡት መሪዎች ይሻላሉ ለማለት ካልሆነ ብዙሃኑ ደሃን የደሃ ልጅ ጠንቅቆ ያውቃል በዛ ዘመን ያየነው መከራ ዛሬም ከኣእምሮ የማይወጣ ቁጭትና በቀል ከልባችን ኣይጠፋም ደግ ደጉን	0	0	0	1	0	0
amh_train_track1_3159	አዲስ አበባ ውስጥ ኢመደበኛ አደረጃጀት አለ በሚል ሂሳብ ብዙ ወገኖቻችንን ለማፈን እየታሰበ መሆኑን ስትሰማ የህውሃትን አገዛዝ አታስታውስም።	1	0	0	0	0	0
amh_train_track1_3160	እውነት ለመናገር እለምን ትተው ወደ እግዜአብሄርን ብቻ ብለውመንነው ክብሩን ጭነው በእግዜአብሄር ቤት እየኖሩ እጎጥ የሚገቡ እና የሚወሸቁ አባቶች እያሉ የፓለቲካውን መድረክ የተቀላቀሉ ሰዎች ዘረኛ ቢሆኑ አይገርምም ግን ያሣዝናል	0	0	0	1	0	0
amh_train_track1_3161	የኩዚ እናት ምን አይነት ክፉ ነች ሲሆን ለ kuzi ማዘን ሲገባት ምን አርግ ነው ምትለው 	1	0	0	1	0	0
amh_train_track1_3162	ከሀቁ በላይ የሳምሶን የሚገርም ሰብዕና	0	0	0	0	1	1
amh_train_track1_3163	የ አማራ ዋንኛ ጠላት መሳይ መሆኑን አንዘነጋውም በለው ገደልንማረክን እያላችሁ እናንተ ዳር ሆናችሁ አስፈጃችሁት በርቱ።	1	1	0	0	0	0
amh_train_track1_3164	እስማማለው ከነሱ ችግር እኛ ሃገር ያለው ችግርና መከራ በብዙ እጥፍ የከፋ ነው ግን ያልታደልን የራሳችንን ህመምና ስቃይ ረግጠን ለሌላ ሃገር እናለቀልቃለን ምድረ ደነዝ ሁላ	1	1	0	0	0	0
amh_train_track1_3165	መልካም፣ ደስ የሚያሰኝና ፍጹም የሆነውን የእግዚአብሔር ፈቃድ ምን እንደ ሆነ ፈትናችሁ ታውቁ ዘንድ በአእምሯችሁ መታደስ ተለወጡ እንጂ ይህን ዓለም አትምሰሉ። ሮሜ 122 NASV	0	0	0	0	0	0
amh_train_track1_3166	😭😭😭እጅግ በጣም አሳዛኝ ታሪክ ነው 😭ገና በለጋ ዕድሜሽ ይህንንን ሁሉ መከራ እንዴት ቻልሽው 😭በምድር ላይ የሰው ህይወት ብርቱ ሰልፍ አይደለምን ኢዮ 7፡1 አይዞሽ እግዚአብሔር ካንቺ ጋር ነው ሁሉም ያልፋል መከራሽም ነበር ያረግልሻል ።	0	0	0	1	0	0
amh_train_track1_3167	ቱልቱላ ወሬኛ ውሸት ሪፖርት የምታቀርብ አንተ ነህ ለካ ህውሓትን በውሸት ነበር መረጃ ስታቀርቡ የነበረው	1	1	0	0	0	0
amh_train_track1_3168	ንሳ ግባ ከንቱ ስለ አባቶች ለመናገር አፍህን ትከፉታለህ ካድሬ ንስሀ ግባ ተምሮ ከንቱ	1	0	0	0	0	0
amh_train_track1_3169	ጀዋር ተከበብኩብሎ በዚህ ምክንያት ስለሞቱት ንፁሃን ሰዎች ጋዜጠኝው አለመጠየቁ የሚገርም ነው	0	0	0	0	0	1
amh_train_track1_3170	ትቢተኞች ሐማስ ላይሆንላቸው ተንኩሰው እልቅሶ ጀመሩ የሞውን ቀይ ሽብር ሁሉ እጻናትና ሴቶች ሞቱብን ይላሉ ሐማስ ሙተው ኢስራኤል ትቀጥላለች	0	1	0	0	0	0
amh_train_track1_3171	በማያገባን ባንገባ ማስረጃ በማንሠጥበት ነገር ላይ ባንዘባርቅ ጥሩ ነው	0	1	0	0	0	0
amh_train_track1_3172	ቡድን 20 ታሪካዊ በተባለ ውሳኔ የአፍሪካ ኅብረትን አባል አድርጎ ተቀበለ	0	0	0	0	0	0
amh_train_track1_3173	በተለይ በፓርቲው ውስጥ በየጊዜው የሚያገረሸው ተቃርኖና ቁርቁዝ ከራሱ አልፎ ለአገር የሚተርፍ ቀውስ እንዳይፈጥር የብዙዎች ሥጋት ነው፡፡	0	0	1	0	0	0
amh_train_track1_3174	ፈጣሪ አምላካችን ጦርነት ናፋቂዎችን አደብ አስገዝቶ ሠላሙን ፍቅሩን አንድነቱ መተሳሰቡን መቻቻሉን ሰጥቶ ፍፁም እርቀ ሰላም አውርዶ በሆደሰፊነት አብረን እንድኖር ይርዳን 	0	0	0	0	0	0
amh_train_track1_3175	ዉጋ አስፋልግም እኛ ጦርነት አንፋልግም የኔ ወንድሜ	1	0	0	0	0	0
amh_train_track1_3176	ስሜታዊ ነገር ነኝ ግሬስዬ? ስሜታዊ ላለመሆን ከራሴ ጋ ጦር ብገጥምም አልተሳካም። ነገር ግን ዓይምሮ ከልብ ጋ አይግባባም?	0	0	0	1	0	0
amh_train_track1_3177	ሰው እንዴት አንገተ ጉርድና ይሉኝታ ቢስ ሆኖ ይፈጠራል። ውረድ እንውረድ ተባብለው ሰው ያስፈጁት ራሳቸው፤አሁን ድንገት ተነስተው የሰላም ደቀ መዝሙር መምሰል!	1	1	0	0	0	0
amh_train_track1_3178	በጣም ያሳዝናል የጭካኔ ጥግ ነፍስ ይማር	0	0	0	1	0	0
amh_train_track1_3179	ማቲው ፔሪ ለሕልፈት የተዳረገው ኬተሚን የተባለ መድኃኒት ከልክ በላይ በመወሰዱ ነው ተባለ	0	0	0	0	0	0
amh_train_track1_3180	ምፀት ጭንቀት ብዙ ያዛብራል ያልሆኑትን ነኝ ያሰኛል ያስለፈልፋል ለዚህም ነው ፋሽስቱ አብይ ሰሞኑን ከእነ ምርኮኛ ጄኔራሎቹ በፋና እየቀረቡ የሚቀባጥሩት ውስጣቸው በፍርሃትና በጭንቀት ስለተሞላ እረፍት ስላጡ ቢያንስ ቢያነስ ጉራችን እንንዛ በማለት መሆኑን ያሳያል የአማራ ሕዝባዊ ሃይል በባዶ ድንፋታ የሚሰበር አይደለምና ዱላውን ተቀበሉት ቻሉት 	0	1	0	0	0	0
amh_train_track1_3181	አብይ አህመድ ምርጥ የሿሿ ባለሙያ ነው ጋሽ አያሌው ከአክብሮት ጋር እባክህ የሰውየው ሳይንሰን አታጃጅለን	1	1	0	0	0	0
amh_train_track1_3182	ምን መጠየቅ ያስፈልጋል አብይ እኮ ኢስራኢል ወራሪ ሀገር ነች ብሏል	1	1	0	0	0	0
amh_train_track1_3183	ሁልጊዜ ውሸት መቅናት አንድም ቀን ለሀገራችን የሚጠቅም ሀሳቦች አቅርባቹ አታውቅም ሁልጊዜ ማልቀስ ይሰለቻል	1	1	0	0	0	0
amh_train_track1_3184	አደራሻቸውን የምተውዊ የምታወቅ ከሆነ ሰልካቸውን በማርያም	0	0	0	0	0	0
amh_train_track1_3185	ሰላም ለሰው ልጆች በአለም ዙሪያ ሁሉ ጦርነት በጣም አስከፊ ነው የትም ይሁን የትም 😢	0	0	0	0	0	0
amh_train_track1_3186	ወደፍት የኔ ልጅ ኢትዮጵያ ሲሳይ እግዚኣብሔር ይባርክህ 	0	0	0	0	1	0
amh_train_track1_3187	መልካምና የሚበረታታ ነው የሁሉም ተሳትፎ ተጠናክሮ ይቀጥል	0	0	0	0	1	0
amh_train_track1_3188	ገዳዩ እራሱ ስለሆነ ነዋ በዚህ ቅጽበት ለማስመሰል የሃዘን እንጉርጉሮ የለቀቀው !	1	1	0	0	0	0
amh_train_track1_3189	እስኪገባን አትታክት ) በትንሹ ስሜታዊ ሆኖ፤ ደካማ ግለሰቦች ያለ በቂ ምክንያት ማወደስ ተገቢ አልነበረም። Hopefully he got a lesson by now	1	0	0	0	0	0
amh_train_track1_3190	Hey በዛብሕ ጼጥሮስ ማለት ሚግ 23 ስኳድሮን የስሜን ምድብ ምክትል አዛዥም ነበር አላስችል ብሎት ነው እራሱ ተነስቶ የምፅዋን የባሕር ሐይል ሽሐብያ ከወያኔ ጋር ያለ የሌለ ሐይላቸውን ይዘው ለመቆጣጠር ባሉበት ሁኔታ ነው ድንገት ደርሶ አመድ አድሮጎአቸው ሊመለስ ሲል ነው ጉም ሽፍኖት ገአተላይ ተራራ ላይ በፓራሹት ወርዶ የወገን ጦርን ሲያይ የሉም ነበር ኢሳያስ አፈወርቂ በላው  ወደናቭስታ ጊቢ አልተመለስም ሌላውን አላውቅም 	0	0	0	0	0	0
amh_train_track1_3191	ለትግራይ የሚቀርበው እርዳታ መቋረጡን ተከትሎ 1 ሺህ 400 ሰዎች በረሃብ መሞታቸው ተነገረ	0	0	0	1	0	0
amh_train_track1_3192	ኢትዮጵያዊነት ስም በጠፋበት ግዜ ብሔር እና ጎሳ በነገሰበት ግዜ ድንገት መጣህና ዜማ አዘማህልን ኢትዮጵያ ክብሯ ለዓለም አሳየህን አብይ እንዎዳሃለን ምንም ምክንያት ለመጥላት የለኝም	0	0	0	0	1	0
amh_train_track1_3193	ሰው አሻራውን ጥሩ ቦታ ላይ ያሳርፋል። አንተ ግን የእግር ኳስ የምታክል ቂጥ ላይ አሻራህን ታሳርፍልኛለህ።	0	1	0	0	0	0
amh_train_track1_3194	ኦሮሞ ከገበያ ሲመለሱ ጠጅ አረቄ ከጎደኛው ጋር ጠጥቶ ሲመለሱ በዱላ ይደባደባሉ የአመችሳ የዛር መንፈስ ስላላቸው ደም አፍስሰው ማየት ይፈፈልጋሉ ገና የአዲስ አበባ ህዝብ ይጨርሱታል	0	1	0	0	0	0
amh_train_track1_3195	አርብ የፍቅር ቀን ጌታ ሆይ ስለ ሰው ልጆች ፍቅር ስትል በዕለተ አርብ በቆረስከው ስጋህ ባፈሰሰከው ደምህ ብለህ አቤቱ ማረን ይቅርም በለን	0	0	0	1	0	0
amh_train_track1_3196	የአፍሪካ ልማት ባንክ ከኢትዮጵያ ጋር ያለው ግንኙነት “አሉታዊ ተጽዕኖ” ሊገጥመው እንደሚችል ገለጸ	0	0	0	0	0	0
amh_train_track1_3197	ለእውነተኛ ሰዎች አክብሮት ይገባቸዋል ግን ሌቦች ወሮበሎችና ነፍሰ ገዳዮች ቅንና ትሁት ሰውን ከጥንትም አይወዱም፣ ምሳሌ ጌታችን ምን ሰርቶ ነው አለም ሁሉ	0	1	0	0	0	0
amh_train_track1_3198	እኔስ ስራ ስሩ አይደለም እንዴ ያልኩት	0	0	0	0	0	0
amh_train_track1_3199	አንዳዴ ሰወች ሲከተሉህ ልክ የሆንክ የሚመስልህ ዱቅኒያም ነገር ነህ። እስካሁን ፕራክ እያልክ ስትጃጃጃል ፕራንክ ብለህ ሂደህ ሞትክ ነፍስ ይማር🙌👊👊👊	1	1	0	0	0	0
amh_train_track1_3200	ሃቅ መራራ ናት ጭንቅላትህ ብውሸት ሞልቶ ልትቀበለው ኣትችልም	0	1	0	0	0	0
amh_train_track1_3201	እየተቃወመ ውስጥ ላይ ሚሰራ አስመሳይ ሰው ነው	0	1	0	0	0	0
amh_train_track1_3202	ምን አይነት አስደናቂ አስገራሚ አስደሳች ሕይወት ለዋጭ የሚያንጽ አስተማሪ እና የሚባርክ ቃለ መጠይቅ ነው እግዚአብሔር አምላክ ለዘለአለም ይባረክ ሃሌሉያ	0	0	0	0	1	0
amh_train_track1_3203	እስራኤል ሁልጊዜም የምትገለው ወታደር ወይም ሽብር ፈጣሪን ከመሬት በታች እንዳይጥ ቢረመጥም ምድር አንቀጥቅጥ በሆነ መሳሪያ ቆፍራ ወደ አመድ ትቀይረዋለች ሂዝባላንንም ሆነ ሃማስን ኢራንን ሆነ ራሻን ክክ	0	1	0	0	0	0
amh_train_track1_3204	እፍፍፍ በዚ እድሜሽ ይህ ሁሉ መከራ አይዞሽ እግዚአብሔር ይርዳሽ የኔ እናት😢😭😢	0	0	0	1	0	0
amh_train_track1_3205	ጁቡቲ መደንገጥ የለባትም እንደ ጎበዝ ነጋዴ ዜዴ መፍጠር ነው ያለባት 1 ያም ዜዴ ታጁራ ወደብን ኢትዮጵያ እንዲትጠቀምበት በነፃ መልቀቅና ከኢትዮጵያ ጋር ግኑኝነትን ማጥበቅ 2 የወደብ ኪራይ ዋጋ መቀነስ ናቸው ብልጥ ልጅ እያለቀስ ይበላል እንደመሉ አንጀቷ እያረረም በዚህ ሁኔታ መቀጠል ነው ያለባት አማረጭ የላትም ህይወቷ ከኢትዮጵያ የተሳሰረ በመሆኑ  የጁቡቲም ሆነ የኤርትራ ወደቦች ኢትዮጵያ ካልተጠቀመች ጠቀሜታቸው እምብዛም በመሆናቸው	0	0	0	0	0	0
amh_train_track1_3206	አሁን እኮ አታፍሩም እስራኤል ጀግና ፍልጤም አሸባሪ ታደርጉታላቹ	1	0	0	0	0	0
amh_train_track1_3207	ዛሬ ደስ ብሎኛል በሌ ቤት ገስቶ ሰርፕራይዝ አደረገኝ	0	0	0	0	1	1
amh_train_track1_3208	ሀዘኑ ከባድ ነው ግን በየቀኑ በጦርነት ሰበብ የሚያልቀው ህዝብ ያሳዝናል ለማንኛውም ለቤተሰቡ እና አድናቂዎቸ መፅናናት ይሁንላችሁ	0	0	0	1	0	0
amh_train_track1_3209	አለሜ ካላቆመችስ ነው ጥያቄው ብታብራራልን ደስ ይለኛል	0	0	0	0	0	0
amh_train_track1_3210	በኢትዮጵያ በድርቅ የተጎዱ ‘4 ሚሊዮን ዜጎች አስቸኳይ የምግብ እርዳታ ያስፈልጋቸዋል’	0	0	0	1	0	0
amh_train_track1_3211	ምንድነው በጣም አሳሳቢ ነው እያልክ ምታስፈራራውሞቃድሾ አገሬ ነው ካለ ወደቡነሰ ያከራየው ላይ መዝመት ነውሞቃድሾ የሞቃድሾ ነውሱማሌ ላንድ የሱማሌ ላንድ ነውኢትዮጵያ ሰማሌ ላንድ ከሚያስተዳድረው መንግሥት ወደብ ተከራየች እንጂ ወደቡን አለወረረችም	1	0	0	0	0	0
amh_train_track1_3212	እኛን የቸገረን የናንተ በቪ8 እና በቪላ ቤት ተሸፍናችሁ የህዝብን ግፍ መከራ እንባ አናይም አንሰማም ብላችሁ አሁን ደግሞ ካባችሁን አሳምራችሁ የምትነግሩንን ትረካ በንፅህና በእውነት በሀቅ ሳትኖሩ የምትመክሩንን ትታችሁ እስኪ መጀመሪያ እራሳችሁን መርምሩ አባቶች አንድ ሁኑ በዘር አትሸፈኑ ለበጎቻችሁ ድምፃችሁን አሰሙ ፀሎቱንማ እንደየ አቅማችን ሳንፀልይ አንውልም	1	0	0	0	0	0
amh_train_track1_3213	ለዛ ነዋ በሁለተኛው ዙር ወያኔ ደብረ ብርሀን የመጣችው! መጀመሪያው ላይማ የአማራ ልዩ ሀይል ወያኔ መከላከያውን ስታደባየው ድንገት ደርሶ አሸንፎ ወልቃይትን ተቆጣጥሮ ነበር፣	1	0	0	0	0	0
amh_train_track1_3214	ዝነኛው ፓስተር ቲቢ ጆሽዋ ምዕመናንን መድፈሩን እና ማሰቃየቱን የቢቢሲ ምርመራ አጋለጠ	0	0	0	0	0	0
amh_train_track1_3215	ቅዘናም አጋስስ አህያ በመከላከያ ስም አትነግድ ፋኖን ፊት ለፊት መግጠም ሲያቅትህ ህፃናትን አሮጊቶችን በድሮን መግደል ማሽነፍ ነው ትላለህ ለግዜው መበቅ ይቻላል ግን ከስፊውህዝብ ክንድ አታመልጡም	1	1	0	0	0	0
amh_train_track1_3216	ህፃን ልጅ እና ጀዋር ድምፃቸው ሲጠፋ መጠርጠር ጥሩ ነው	0	1	1	0	0	0
amh_train_track1_3217	ለዳያመንድ/ለወርቅ/ ብዙ ከለላ ያስፈልጋል!!! ሰው ለመታየት ብሎ /ከለላው ከፍ ለማለት/ የምያደርገው ጥረት አይመቸኝም!!!	0	0	0	0	0	0
amh_train_track1_3218	የሄ ሰውየ ኢትዮጲያ ለዘመናት የሌሎች ሀግሮች በእርዳታ በማበደር ድብራችን ተውልን የከፋ ደግሞ ኢትዮጲያ የሄ ነው የማይባል ብዛት ሰፋፊ መሬቶች ለእርሻ የሄን የማይባል ወንዞች ዝናብ እያላት ከሌሎች ሀገሮች እንድ ቀን ትሁን እርዳታ ሳይገባ ቢዘገይ ስንትን ህዝብ በሚልዮኖች የሚቆጠሩ ህዝብ በረሃብ መሰቃየት ይጀምራሉ  የሄ ደግሞ በ4 ኪሎ ገብተው የሚያስተዳድሩ ሆዳሞች በሊኣብነትና ሙሱና የሃገሪቱ ሃብት ገንዘብ ስለሚሰርቁት ኣሁንም ያለው መንግስ	1	1	0	0	0	0
amh_train_track1_3219	የአዲስ አበባን እና ኦሮሚያን መሬት አዳነች አበቤ እና ሽመልስ እጅ ለእጅ ተያይዘው ነው ተከፋፈልን ብለው ድንገት ዜናላይ በጣም ላጭር ጊዜ የታዩት በዛ ሰአት	0	1	0	0	0	0
amh_train_track1_3220	እንደ አይጥ ጉድጓድ ውስጥ መግባቱ ለምን ጀግና ፊትለፊት ነው ምዋጋው ንጹሃን ባናስፈጅ ጥሩ ይመስለኛል	0	0	0	0	0	0
amh_train_track1_3221	እርም ያርግብኝ አንተን ብዬ ፎክርና እገኛለው ድንገት ስርህ እንደገና	0	0	0	0	0	0
amh_train_track1_3222	ክብር ምስጋናና ሞገስ የማይተካ ህይወቱ እየሰዋ እኛ እንድንኖር ዋስትና ለሆነንና በአብያችን ለሚመራው ጀግናው ሠራዊታችን ይሁን ሞት ለፀረ ኢትዮጵያና ኢትዮጵያዊነት አቋም ላላቸውና አፍራሾች 	0	1	0	0	1	0
amh_train_track1_3223	ኢትዮጵያ ከሩዋንዳው የባሰ ዘግናኝ ነገር እንዲያገኛት የቸኮለ ይመስላል።	0	0	0	0	0	0
amh_train_track1_3224	ይቅርታ አርጉልኝና ይሄን 2 ወር ከፆመዉ ሰዉ ይልቅ የረሀብ አድማ ያደረገዉ ሰዉ እጅግ ብዙ ነዉ ?	0	0	0	0	0	0
amh_train_track1_3225	ያእስራኤል ጀግንናት ሀማስን መድራስ ሰይሆን ህፃን ሴቶች መግደል ነዉ አለህ ሆይ ዝም አትበለቻዉ እስራኣልንና አሜሪከንን	0	1	0	1	0	0
amh_train_track1_3226	በምዕራብ ወለጋ ዞን የኦሮሚያ የመንግሥት ኃላፊ በታጣቂዎች ተገደሉ	0	0	0	1	0	0
amh_train_track1_3227	እንደ ኦሮሚያ መንግስት ስሜታዊ መንግስት አለ? በአንድ ሰው አምባገነንነት እንደሚመራ ከውሳኔዎቹ አልጠራጠርም	1	1	0	0	0	0
amh_train_track1_3228	ግሩም ድንቅ ሥራ ነው ተምሮ ችግር ካልፈታ ምኑን ተማረ እግዚአብሔር ይመስገን እስከ ስምንት ነው የተማርኩት ያልከውን ወድጄዋለሁ ገፍተህ ቢሆን ኖሮ ዘረኛ ሆነህ ችግር ትፈጥር ነበር	0	1	0	0	1	0
amh_train_track1_3229	it is like pp cadres nothing new አገሪቱን መቀመቅ የከተታትን አመራር የኦሮሞ መንግስት ነው በሚል ሂሳብ ላለመንቀፍ የሚሄድበት መሽለጥለጥ ያሳፍራል	1	1	0	0	0	0
amh_train_track1_3230	ሀስቢ አላህ ወኒእመል ወኪል ክርስቲያኖች እየሩሳሌም ይሶስቱም ሀይማኖት ቅድስት ስፍራ ናት ልብ በሉ ሙስሊም ቢይዛት በጧሀራ ወይም በፅዳት ትኖራለች አይሁዶች ቢይዟት ቆሽሻ ትኖራለች ሙስሊሙን ስለምጠሉ ብቻ በጭፍን አትነዱ ፈጣሪ ይቆጣባችኋል የግብረሰዶም ደጋፊ አትሁኑ ፈታ ደሊ ፔጅ ሂዳችሁ በየኮሜንቱ እዩ አደባባይ ቂጣቸውን አስጥተው ታገኟቸዋላችሁ የመጨረሻ ቆሻሻ ናቸው አይሁዶች እናም ከቆሻሻ ራቁ አማኝ ከሆናችሁ	1	1	0	0	0	0
amh_train_track1_3231	ፍርሀት ፍርሀት ይሸታል ይኸና ይኸ ታጠቅኩኝ ምን አመጣው ወታደራዊ ምስጢራዊነት የት ገባ 	0	0	1	0	0	0
amh_train_track1_3232	የግብጽን መንግሥት ለመደገፍ ጉቦ በመቀበል የተከሰሱት አሜሪካዊ የምክር ቤት አባል ነጻ ነኝ አሉ	0	0	0	0	0	0
amh_train_track1_3233	ይህ አሁን የምትሉት ሁሉ አብይ አህመድ በኢትዮጵያ ላይ ከሚያደርስው ግፍ በደል ሞት ስራ ነገር ማስቀየሪያ ነው አሁን ሀገራችን የሚያስፈልጋት ስላም ነው እስቲ ምሁራን ስላም የሚፈጠርበትን ስብኩ አዎ ወደብ ለአንድ አገር አስፈላጊ ነው ግን በሀገራችን የመጡት መሪዎች ሴራ ያ እንዳይሆን ተደረገ አሁንም ያለው መንግስት አቅም አለው ወይ ይህን ለማድረግ አብይ አህመድን ማመን ቀብሮ ነው በቃሉ የሚረጋ መሪ አይደለም ይህን ጉዳይ ያነሳው የስልጣን ጥቅ	1	1	0	0	0	0
amh_train_track1_3234	ስላገኘሁሽ ሳይሆን ስላገኘሁህ ደስ ብሎኛል በላት የአንዞ እንባ ሌለቅስ አልሞከረውም ኪኪኪ	0	1	0	0	0	0
amh_train_track1_3235	ደሞ ሙስሊም ፍኖ ን ኢደገፍል ጉድ አላህ ሂዳያውን ኢስጥህ ኢግለጥልህ ፍኖ እኮ የሙስሊም ጥላት ነው ቢሆንላቸው የመጀመርያ ስራቸው ሙስሊምን ማጥፍት ነው ግን አቢይ ቀድሞ አጠፍተው ገና ኢጨርሳቸዎል አላማ የላቸውም እዝ የላቸውም መዝረፍ መግደል ነው ሰራቸው	1	1	0	0	0	0
amh_train_track1_3236	ኪም ጆንግ ኡንን የምትተካቸው ሴት ልጃቸው ልትሆን እንደምትችል ተጠቆመ	0	0	0	0	0	0
amh_train_track1_3237	ሁሉም ታግሎ ባመጣው ለውጥ አብይ የሚባል እስክዛሬ በምድር ታይቶ የማይታወቅ ዱያቢሎስ የኢትዮጵያ መሪ ሆኖ የስድስት ሺህ ስድስት መቶ ስልሳ ስድስትን ባንዲራ ይዞ ከፊት እየመራ የኡትዬጵያውያንን ደም እያመጠጠ ነው ንገር ግን ስይጣን ምንጊዜም አሸንፎ እያውቅም ከንግብረአበሮቹና ዘረማንዘሩ ይጠፋል ምንም ጥርጥር የለውም ኃያሉ እግዚአብሔር ያጠፈዋል	0	1	0	0	0	0
amh_train_track1_3238	አምስት አምስት ብር አዋጡልኝ አሪፍ ፊልም ልስራ ነው	0	0	0	0	0	0
amh_train_track1_3239	ተባረኩ ቅድሳን ደስ የሚል ጊዜ ነበረን ክብር ለጌታ ይሁን ሃሌሉያ አሜን።	0	0	0	0	1	0
amh_train_track1_3240	ኢሊሙናቲያዊ ሞት ይሆን? አብይ? እስቲ ሞቱንም አመናፍሰህ አቅርብልን	0	1	0	0	0	0
amh_train_track1_3241	ለኤርትራውያን ያደረሰው ግፍ መቼም ኣይረሳም የሀ ኣህያ ሰው። የገባበት ቤት መቃብሩ ትሁን።	1	1	0	0	0	0
amh_train_track1_3242	ኦነግ ከህውኋት በፊት አይደለሞይ በአማራ ጥላቻ ያደገው	0	1	0	0	0	0
amh_train_track1_3243	በጣም ያሳዝናል ይህ ሁሉ ልቂት እንዲሆን ሀማሰ ንጹሃን ዜጎችን ገደለ አጻፍውን እያወቀ የፍልሰጤም ህዝብ ጠላት አሸባሪ ሀማሰና አሜሪካ ናት የፍልሰጤም ህዝብ ህጻናት እግዚአብሔር ይደረሰላቹሁ	0	0	0	1	0	0
amh_train_track1_3244	የቲፎዞ ህዝብ የቲፎዞ ሀገር ከሚዲያው ጀምሮ ጋዜጠኞች አርቲስቶች ምሁሮቹ የዚህ ሀገር ህዝብ ሚዛን የተዛባባችሁ ኧረ ከምን ተፈጥራችሁ ነው  ገነነ ምንም ሳይባልለት ከ40 አመት በላህ መዝገብ ሆኖ ያገለገለ ላይብረሪ ሞት እንደቀላል ታየ አንድ ድድ አስጪ ኮሜዲያን ሞተ ቢባል ግን እንዴት እንደሚራገብ አሽቃባጭ ሁሉ 	1	1	0	0	0	0
amh_train_track1_3245	እንደ አበደ ውሻ ከሁሉም መናከስ ለመከስከስአቶ ሪዲዋን ምንዓይነት ልብና ስብዕና ቢኖራቸው ነውከመጣው መሪ ጋር ጫማ ወልዋይ ሆነው የሚዘልቁትመቼስ ይሆን በዘር የተዘፈቀውን አካሄድ የክብር አምባሳደረንነትን አገፈገፈኝ የሚሉትምንስ ዓይነት ቤተሰብ አላቸው ያሳፍራል	1	1	0	0	0	0
amh_train_track1_3246	Ermias Yoseph ስደተኛ መቃብር አነፍናፊ ነሃ ወደ ማዳጋስካርህ ተመለስ ምድረ ደነዝ	0	1	0	0	0	0
amh_train_track1_3247	ይሄ ጥቃት የመጀመሪያ ጅ የመጨረሻው እዳይመስላችሁ ፍልስጤን ትቅደም እስራኤል ትውደም ❌️🇮🇱❌️	0	1	0	0	0	0
amh_train_track1_3248	ከከይሲው የደረሰኝ አንዳች ስጦታ እንኳን የለም	0	1	0	0	0	0
amh_train_track1_3249	ለምን ይሄ ሁሉ ስቃይ ኤርትራን ፈርተን አሰብ የኛ ነዉ መለስ ነዉ ታላቋን ትግራይ እስኪመሰርት በአደራ ያስቀመጠዉ ስለዚህ አሰብን ማስመለስ አለብን	1	0	0	0	0	0
amh_train_track1_3250	ትናንት በኢራቅ ጦርነት ምን ስትል ነበር ዛሬ በሀማስ ኢስላም ጠል መሆንህን አሳይተህናል በቅርቡ የእጅህን ታገኛለህ ሀማስ ፍልስጤም ብቻ አይደለም ያለው እትዮጵያም አለ አይሁድ እንሆንክ አናቅም ነበር ደንቆሮ ያአረቄ አንጓች ልጅ	0	1	0	0	0	0
amh_train_track1_3251	ብሊንከን የፆታ ጥቃት የብዙ ሺዎች ከቤት ንብረታቸው መፈናቀል እንዲሁ ድንገት የተከሰተ ወይም ተራ የጦርነት ውጤት ሳይሆን ሆን ተብሎና ታስቦበት አንድን ብሄር ኢላማ ያየረገ	1	0	0	0	0	0
amh_train_track1_3252	ሁለቱ ብሄሮች ሰላም ከሆኑ የፌደራል መንግስቱ ራሱ ብልሹ አሰራሩን በ 1 ጀንበር ያቆም ነበር።	0	0	0	1	0	0
amh_train_track1_3253	መግለጫ ለማውጣት ከምንሸቃዳደም ይልቅ ሰላምን ለማምጣት ከዘረኝነት የጸዳ የሰወችን ስብና በሚያስከበር መልኩ መንግስት እንደ መንግስትነቱ ቢሰሮ መልካም ነው። ደረት ድቂው የትም አያደረስ	1	0	0	0	0	0
amh_train_track1_3254	ከማፈቅረው ሰው ጋር ታርቄ ደስ ብሎኛል ይዝለቅ አይዝለቅ ባላውቅም	0	0	0	0	1	0
amh_train_track1_3255	ክክ እንቅልፍ ኣለኝ እኮ ንገግርህ ምን እያንበብክ ነው ወይስ ምን ፍቅር ይዞህ ንበረ እንዴ	0	0	0	0	0	0
amh_train_track1_3256	የአሜሪካ መንግሥት በኢትዮጵያ ያቋረጠውን የምግብ እርዳታ ሊጀምር ነው	0	0	0	0	0	0
amh_train_track1_3257	አንተ ደደብ ስለራስህ አውራ። በሰው ሕጋዊ ንብረት ድንገት ተነስተህ ልካፈል አይባልም። ባለንብረቱ ደግሞ አላውቅህም አለ እንግዲህ። ፈጣጣ!	1	1	0	0	0	0
amh_train_track1_3258	ሰውዪው ሀገሪቱን ጠላት ሰበሰባት ታደርገዋለች ምክንያቱም ግብፅ ይህንን አጋጣሚ መጠቀም ትፈልጋለች	0	0	0	0	0	0
amh_train_track1_3259	በሰመአብ የኔ እናት ኡፉፉፉ ፈጣሪ ብርታቱን ይሰጥሽ	0	0	0	1	0	0
amh_train_track1_3260	ሀማስ አይደለም ሰላማዊ ሰዉ ሊገድል ያልተፈቀደለትን ምግብ አይበላም ሙስሊሞች ስለሆኑ ብቻ ነዉ ይሄ ሁሉ አሸባሪ ወዘተ የምትሉት እመኑኝ ወላሂ ፍልስጤም ነጳ የምትወጣበት ቀን እሩቅ አይደለም ፍልስጤማዊ ቢሞቱ የጀነት ናቸዉ አይሁዳዊያን ግን የጀሀነም ናቸዉ የፍልስጤም ሞት ክብር ነዉ እየሞቱ የሚደሰቱ ፍልስጤም አል አርዱ ለና ወል ቁዱሱ ለና	1	1	0	0	0	0
amh_train_track1_3261	አሁን ምንድነው ያጠፋው የጦርነትን ሰው በላነት የንጹሐንን መከራ ተናገረ እና ምን ይሁን ቆይ እናንተ ሙስሊሞች ምንድነው የምትፈልጉት የሀይማኖት ጦርነት ነው እንዴ የፈለጋችሁት ግዴታ አንተና መሰሎችህ እስላሞች የምትፈልጉትን መጻፍ አለበት እንዴ ካልተመቸህ አረቦች የሚቀደዱት ጋር ሄደህ የምትፈልገውን ታገኛለህ እርሱ የዓለም ሚዲያ የሚዘግበውን ዜና ቀጥታ እየነገረህ ጎትተህ አይሁድ ነህ ማለት ምን አይነት መሀይምነት ነው በግድ ሙስሊም ሁን ነው 	1	0	0	0	0	0
amh_train_track1_3262	ህወሓት ከአሸባሪነት ሊነሳ ነው። 27 ዓመት ሙሉ የሰሩት ግፍ፣ ሙስና እንዲሁም በሰሜን እዝ ላይ ዘግናኝ የሆነ ድርጊት የፈፀመው ሁሉ ሊሰረ	0	1	0	1	0	0
amh_train_track1_3263	እግዚኦ መሀረነ ክርስቶስ ካህን በዚህ ደረጃ የቀን ስራ ማየት እጂግ ያሳዝናል አይዞዎት እግዚአብሔር ጊዜ አለው ማህበር ቅድሳን ክብር ይገባችሆል የተገፍትን ማየት ቁጥራቸውን አስቀምጡ	0	0	0	1	0	0
amh_train_track1_3264	ሃይሌ ገሪማ ፕሮፌስር በአንድ ወቅት በወያኔ ዘመን ፖለቲካን አልወድም ብለው ከተናገሩ በኆላ የሳቸው ነገር በቃኝመማር ከንቱ ያኔ ም አሁንም አማራው የመከራ ገፈት እየተሽከመ ነው	0	0	0	1	0	0
amh_train_track1_3265	ኣይ አለምህነ ዋሴ ከልጅ ነቴ ጀምሮ አንተን ሳዳምጥ ነዉ ያደኩት ስለእስራኤል ስትናገር በጣም አደንቅ ነበር አሁንላይ ጌን በጥንቃቄ ስመለከተዉ ሞራል የሌለዉ ሰዉ እድሆክ ተርዳዉ ምክንያቱም ዘገባዉን ስትሠራ የፊልስጣምን ስቃያቸውን አትርዳም እነስላይየደርሠዉ ምንም ቢሆን እንኮን አንተ ለመስማት አትፈልግም በጣም ያሳዝናል ለማንኛውም ኢትዮጵያዊ ሞራል ይኑርህ	0	1	0	1	0	0
amh_train_track1_3266	የእለቱ አስገራሚ ፕሮግራም ። ኢትዮጵያውያን ዳያስፓራ በሽተኞች ነን ሳይካትሪስት ያስፈልገናል ። ፕሮፌሰር ሃይሌ ገሪማ ። ሙሉውን ቪዲዮ ተከታተሉት	0	0	0	0	0	0
amh_train_track1_3267	ጎበዝ ዳዊት ጥሩ አእምሮ ታነቢያለሽ። ለማነኛውም Artat kilo ብቻ ይበቃሀል እነ ሙሉጌታ ሚዲያ ጋር አትቅረብ ስሜታዊ ናቸዉ ።	0	0	0	0	1	0
amh_train_track1_3268	በእንግድነት ሀገር ስራህ መዝሙር ሆነኝ? የልቤ ደስታ የልቤ ደስታ ነህ	0	0	0	0	1	0
amh_train_track1_3269	ቤተሰብን አስጨነቁ? እንጂ የምር በዚህ እድሜያቸዉ ራሳቸዉን መቻላቸዉ ሳላደንቅ አላልፍም?	0	0	0	0	1	0
amh_train_track1_3270	አሁን ታዝናላችሁ፤ ነገር ግን እንደ ገና አያችኋለሁ ልባችሁም ደስ ይለዋል፥ ደስታችሁንም የሚወስድባችሁ የለም። (የዮሐንስ ወንጌል 1622)	0	0	0	0	0	0
amh_train_track1_3271	ካንተ የሚበልጥ ዘረኛ የለም አንድ ቋንቋአንድ ባንዲራ አንድ ባህል የምትሉ እናንተ ናቺሁ።	1	1	0	0	0	0
amh_train_track1_3272	መና ልጁን ፈርታዋለች መሰለኝ የእውነት ያስፈራል እንዴት አብረው ይኖራሉ	0	0	1	0	0	0
amh_train_track1_3273	ብዙ ግፍ ከመስማቴ የተነሳ እንባዬን የማባረር ክህሎት አዳብሪያለው	0	0	0	1	0	0
amh_train_track1_3274	አስፊቲ መልካሙ አባታችን ነብስህ ከደጋጎች ጎን ይሁን ያማል ኡፍፍ	0	0	0	1	0	0
amh_train_track1_3275	ዋሽታ የልብ ድካም መድሀኒት ጠጥታ ነበር ኡመር እንዳይተዋት ስትል ማለቴ በሡ ፍቅር የተጎዳይ ለማስመሰል ዮንዛ ሠጥታት ነበር ቤቱንኳ እንጃ	0	0	0	0	0	0
amh_train_track1_3276	ይህን እንጪጭ አብይ አህመድ የተቀመጠበት አሁንም ደም መጣጭ ነው ከሕግ በላይ ሆኖ እራሱን እንደ ሕግ የቆጠረ ጨቅላ ነገ በሰፈረው ቁና ይሰፍራል እርምጃ የወሰደባቸው የአለአግባብ ክርስቲያን ታደለ የሕዝብ ተወካይ ዩሐንስ ቡያለው ታየ ደንዳ ሌሎቹም ሁሉ የአሰረ ጨቅላ የኢትዮጵያ ሕዝብ በፍርሀት በኑሮ ውድነት በርሀብ ከሞመት ውሳኝ እርምጃ በመወሰድ ከአረት ኪሎ ፈንግሎ በማውረድ በስቅላት ልትፈርዱበት ግዴታችሁ ነው ካላደረጋችሁ ባርነትን ተቀብሎ መ	0	1	0	0	0	0
amh_train_track1_3277	እኔ የምላቹ ቴሌግራም እኔጋ ብቻ ነው የማይሰራው ወይስ እናንተጋ ነው	0	0	0	0	0	0
amh_train_track1_3278	በዚህ ሰው ምክንያት ስንት ሰዎችን አተናል ክርስትያኖች እና አማሮች በሜንጫ ታርደዋል በከበቡኝ ጨዋታ ስንቱ በደቦ እንዲገደል በጠራራ ፀሃይ ተሰቅሎ እንዲገደል ምክንያት የሆነ ሰው ዛሬ እንዲ አማረኛ ተናጋሪ እና ኦርቶዶክሶች ሲያሽቃብጡ ሳይ ለዚህ ህዝብ ሞት ሲያንስ ነው ለዚህ አሽቃባጭ ህዝብ አስር ጅዋር ሲያንስ ነው ለውሸታም ህዝብ ውሸታም ቀጣፊ መሪ ሲያንስ ነው	1	1	0	0	0	0
amh_train_track1_3279	በስባሶች  የቆጡን ኣወርዳለሁ ብላ የብብትዋን ጣለች  እንኳንስ ዓሰብ ልታገኙ ይቅር ብትንትናችሁ ወጥቶ ትበታተናላችሁ  ነበር ሆናችሁ ትቀራላችሁ 	1	1	0	0	0	0
amh_train_track1_3280	ከአንድ አመት ምናምን በፊት በሆነ አጋጣሚ በአካል አግኝቼው ነበር። ከምታስቢው በላይ በሳል እና የሚገርም አረዳድ ያለው ሰው ነው!	0	0	0	0	1	0
amh_train_track1_3281	እግዚአብሔር ይስጣችሁ የእናት ደስታ የቤተሰብ ደስታ ነው ዕድሜ ይስጥላችሁ 🙏	0	0	0	0	1	0
amh_train_track1_3282	Jaint Genet Teshome አንችም ጥቁር ስለሆንሽ የሃዘን : የጨለማ : የዘመነ ሰቆቃ ምልክት ነሽ ማለት ነው??? ጥቁረት የሆንሽ	0	1	0	0	0	0
amh_train_track1_3283	አዳነች አቤቤ ከአማራ ክልል ወደ አዲስ አበባ የሚመጡ ዜጎች ለስልጣናችን አደጋና ስጋት ናቸው ማለቷ አግራሞትን እየፈጠረ ነው።አማራውም ምርቱም እንዳይገባ ያደ	0	0	0	0	0	1
amh_train_track1_3284	ቲሽ።ሰሞኑን አንድ ወሳኝ ነገር እየጠበኩ ነበር እኮ!	1	0	0	0	0	0
amh_train_track1_3285	የኦርቶዶክስ ልጆች ወይ ሞት ወይ ነጻነት!	1	0	0	0	0	0
amh_train_track1_3286	አፈወርቅ አግደውን እና ኦባንግ ሜቶን ሳላደንቅ ብቀር እውነት ን መግፋት ነው።	0	0	0	0	1	0
amh_train_track1_3287	ቴድሮስ አሰፋው ሸብርተኛ ካልክማ አንተ ራስህ ነህ ሽብርተኛ። የሚገርም ነው።	1	1	0	0	0	0
amh_train_track1_3288	ዋቸሞ ዩንበርስቲም ሰርፕራይዝ አለኝ ብሏል አሉ።	0	0	0	0	1	0
amh_train_track1_3289	ጀዋርዬ እስከ ዛሬ ሳላውቅህ በስማ በለው ስጠላህ ነበር ይቅር በለኝ ሁለቱንም ክፍል አዳምጫሐሁኝ የምር የሁልችንም ቁስል ነው የተናገርከው ኡፍፍ ተባረክ 	0	0	0	0	1	0
amh_train_track1_3290	 ጀዋር ፋኖና ሻእቢያ አንድ እና አንድ ምክንያት ነዉ ያገናኛቸዉ የትግራይን ህዝብ ዘር ለማጥፋት በጥላቻና በምቀኝነት ብቻና ብቻ ጥያቄ ፋኖን ወደፈለኩበት ላዘምተዉ እችላለዉ ሲል ጨቅላዉ አለቃህ ፋኖ የት ነበር  አየህ አሁን አንተ እያደረክ ያለኸዉ አለቃህን መወልወል ነዉ ይሄ የማይሆን ነዉ በዚህ መጠኖ የተፈፀመን ጭፍጨፋ ቀለል አድርገህ ልክ እንደ አንድ ክስተት ማቅረብህ ምን ያህል ጭካኔ ዉስጥህ እንዳለ  እዉነት የትግራዩ ጦርነት ባይቆም ኖሮ	1	1	0	0	0	0
amh_train_track1_3291	እውነትን ነው እባክህ  ኣገርክ ራሷ ለቀጣናው ስጋት ናት  እርስ በርስ ከመባላት ማለት ምን ማለት ነው ይገባሃል ግን  ወይስ ስለተባለ ብቻ  ኣረቦች ጭራቅ አይደሉም  እንዳንተው ሰዎች ናቸው  ስጋትም ሆነውብህ ኣያውቁም  በውሸት ፕሮፖጋንዳ ያለፉም የኣሁኖቹም መንግስታቶችህ በሌለ ተፈጥሮም በማያውቅ ስጋት ኣይምሮኣቹ ኣላሽቀውታል  ከታሪክ እንኴን ተማሩ  ስሌቱ ቀላል ነውያውም የሌለን ሃይል ህዝብ ምናብ ጠላት ኣድርጎ መሳል 	1	1	0	0	0	0
amh_train_track1_3292	አቢቹን መደገፍ ሀገርን መደገፍ ነዉ ሀገር ስትደገፍ ህዝብ ይቆማል ህዝብ ሲቆም መራመድ ይችላል ህዝብ መራመድ ከጀመረ አድጓል ማለት ነዉ መልካም እለተ ከሚስ አቢቹ	0	0	0	0	1	0
amh_train_track1_3293	ጉርምስና ጥሩ ነው አይንንም ጆሮንም ማሠብያንም ይደፍናል። በስሜት ነዶ በጭፍንና ካለበቂ ገፊ ምክንያት እስከአፍንጫው ከታጠቀ የመንግስትሀይል ጋር ተጋፍጠው ያ	1	0	0	0	0	0
amh_train_track1_3294	በጣም ባለጌ ነህ አተ ብሎ አገልጋይ	1	1	0	0	0	0
amh_train_track1_3295	ኢርሚ ትልቅ ሰው። እስቲ ለዚህ ሁሉ ቀውስ ትንስ ሃላፊነት ሁላችንም እንውሰድ። ኣዎ ነገሮች ጫፍ ድርሰዋል። ግን ኣንተስ ኢርሚ በሕውሃት ጥላቻ ተሞልተህ ሕውሃት እንደ ቲሮሪስት ቡድን መወገድ ኣለበት ስትል ኣልነበረ ወይ። ልክ እንደ ልደቱ ከመጀመሪያው ሲል የነበረው ሁሉም ቡድኖች መነጋገር ኣለባቸው ብንል ኖሮ ነገሮች እንዲህ ጫፍ ኣይደርሱ ነበር። ሕውሃት እንደ ቡድን እንደ ሃገር መሪ የራሱ ታሪካዊ ስተቶች ኣድርጓል እንደ ደርግ እ	1	0	0	0	0	0
amh_train_track1_3296	ህዝቢ ጠግቦ አይደለም እንዴ ወደ ውጪ የምላኮው ያሳዝናል	0	0	0	1	0	0
amh_train_track1_3297	እንጀው ኢቢሲ የኢትዮጵያ ነው ወይስ የነአሜሪካ? ለመሆኑ እናንተ የሚዲያ መመመዘኛዎች አሟልታችዃል? አሳፋሪ ናችሁ። እንኳን ለኢትዮጵያ ሚዲያነት አይደለም ለመንደር ወሬ አቀባይነት አትመጥኑም።	1	1	0	0	0	0
amh_train_track1_3298	ለምን መልካም መልካሙን አናስብም? እንዲህ ቢሆን ተብሎ ዘሎ አማራ ላይ መንጠልጠል አያሳፍርም? በህግ ተይዞ በግልጽ የሚታይን ወደ አፈና ነው ቢባል ከህግ በ	1	0	0	0	0	0
amh_train_track1_3299	ህገወጥ የቤት ግንባታ ዛሬም ይፈርሳል ነገም ይፈርሳል ቆሻሻ ተቋም ለውሸትና ለብሄርህ ስታጎበድድ እውነትን ኦሮሚያ ላይ መጋረድ አትችልም ሲጀመር ይሄ ተቋም ኢትዮጵያ አይወክልም አማራን እንጂ	1	1	0	0	0	0
amh_train_track1_3300	የአማራ ደጀን የኢትዮጵያ ህዝብ እንጂ ፋኖ አይደለም።ፋኖና የአማራ ልዩ ኃይል እያለ እኮ የኢትዮ ህዝብ አብሮት የተዋጋው ።ሠላም ሲሆን ደስ የማይላችሁ ለምንድነው?	1	0	0	0	0	0
amh_train_track1_3301	ሰው ሁሉ እንደኬምሬ ቢሆን የምር ፍቅርንም ጥላቻንም በውስጥ መያዝ ደስ ይላል የዘይነብ ፍቅር ዝም ብሎ ነው ፍጠነች በጣም ለማፍቀርም ለመተኛትም ለሁሉም ነገር ዋይ	0	0	0	0	0	0
amh_train_track1_3302	እኔን ያሳዘነኝ ከሪም ነው እፍፍ ተስቃየብኝ እኔ ልስቃይልህ የኔ የዋህ 	0	0	0	1	0	0
amh_train_track1_3303	ይሄ ፊልም እየደበረኝ ነው እሥኪ ቅመሞች ጥሩ ሙቪ እዳለ ንገሩኝ አዲሥ የተጀመረ	0	1	0	0	0	0
amh_train_track1_3304	?የመምህር ዲያቆን ሔኖክ ሀይሌ የሚገርም ትምህርት በዶንኪ ቲዩብ ኮሜዲያን እሸቱ መለሰ መቄዶንያ MEKED via 	0	0	0	0	1	0
amh_train_track1_3305	ትህነግ ትጥቅ እንዳይፈታ ያደረገው መንግስት ነው። በሰላም ስምምነት ትጥቅ ይፍታ የተባለን ኃይል ተደራደራሪ የነበረው ሬድዋን ሁሴን ስጋት ስላለበት አይፈታም ብሏል።	1	0	0	0	0	0
amh_train_track1_3306	ካልክ እሽ። ለኔ ሁለት ሦስት ሞት ነው የሆነብኝ። ?	0	0	0	1	0	0
amh_train_track1_3307	እና ለ ምንድንነው እዚጋ በ ስእል ለመግለፅ የፈለጉት?	0	0	0	0	0	0
amh_train_track1_3308	የራሳቸውን ልብስ የመረጡትን መልበሳቸው በጣም ጥሩ ነው !!! ሌላው ሰው የሚፈልገውን እና የመረጠውን ከለር ልብስ ሲለብስ አይግፈፉ !!!	0	0	0	0	1	0
amh_train_track1_3309	እንኳን ጌታ እረዳክ ወንድሜ ጠላት ብዙ ይላል ብዙ ያወራል አንተ የምታመልከው ጌታ ከአንተ ጋር ይሁን እየሱስ ጌታ ነው	0	0	0	1	1	0
amh_train_track1_3310	ጉራጌ ክልልን ባልዲ ውስጥ አትፈልጉት ተቦክቶ፣ ተጋግሮ ተበልቷል። ከሰውነታችንም ተዋህዷል፤ ተስማምቷል። ድንገት ልትፈልጉኝ ቤት ከመጣቹሁ ሊጥ ውስጥ አትፈልጉኝ በሚ	0	1	0	0	0	0
amh_train_track1_3311	ማን አባክ ዘግብ አለህ ኦርቶዶክስ ጭንቅ ለይ እያለች ለምን ዝም አላቹ	1	0	0	0	0	0
amh_train_track1_3312	ኤርማክ እንዴት ያለች እህት ናት የተረገመች ግን ክፋቷን ታዉቅ ይሆን ዳኒዝ	0	1	0	0	0	0
amh_train_track1_3313	ለዶሮ ኣጥንት አየስፈልግም ጣጋራ  ለሱማለያ ጦርነት አየስፈልግም ዥግጅት ኢቶጵያ የጀግነ የባዛበ ጴጥሮስ ሀገረ ማሆኑን አያዎቁም እንዴ የምዕ ሞት ቅማል በጭቅላት መጣ ምዕበል ተረት አለ	0	1	0	0	0	0
amh_train_track1_3314	ወላሂ ሙስሊም ሀገራቶች ተጠያቂ ናቸዉ ወድሞቻቸዉ ሲልቁ ዝም ብለዉ የሚመለከቱ ከመግለጫ ዉጪ ምንም ተግባር የማያቁ ለምን ኢስራኤልን ባየር አይደበድቧትም ያማል አይ መፈር ለፋልስጤም ወድሞቻችን እህቶቻችን አላህ ነስሩን ቅርብ ያድርግላቸዉ	1	0	0	1	0	0
amh_train_track1_3315	ማናችንም ክፋት ካረገዘን በዚህ ምድር ይሁን በወደኛው አለም ከንቱዎች እንሆናለን። አድሎአዊነት ምቀኝነት ትምክተኝነት ጥላቻ ከእኛ ዘንድ ይወገድ። ዘረኝነት ይራቅ። መልካም ? ይሁን	0	0	0	0	0	0
amh_train_track1_3316	የሁቲ አማጺያን በቀይ ባሕር ላይ የፈጠሩት ስጋት የነዳጅ እና ምርቶች ዋጋን ከፍ ያደርጋል ተባለ	0	0	0	0	0	0
amh_train_track1_3317	በነገራችን ላይ ይሄ ባንድራ እኔ በምሰራበት ሃገር የቤት ማጽጃ መወልወያ ነዉ	0	1	0	0	0	0
amh_train_track1_3318	ኸረ አህመድ ሀራም ነው ማታ ስጠብቅህ አልገባክም ለምን አታሳውቀንም ካንተ ውጪ ታማኝ መረጃ ማቀብለን የለም እኛ እኮ ጭንቅ ውስጥ ነን ድል ለፍሊስጢም ያረብ 	0	0	1	1	0	0
amh_train_track1_3319	ንብረትህን ከሰረቀህ ሌባ ከአስመለስክ በኋላ መልስለትና ተሸማገል እንዴት ይባላል ወይም ማንነትህን በኃይል ጨፍልቆ በመያዝ አረጋውያንን በመጨፍጨፍ ሴቱቹን እንዳይወልዱ በማምከን አቅም ያላቸው እንዲሰደዱ በማድረግ በአንጻሩ የራሱን ነገድ አባላት አምጥቶ በማስፈር እጅግ አፀያፊ ወንጀል የሠራና የሂትለሩን ናዚ ፓርቲ ያስናቀ የከፋ ወንጀል የሠራ ጋር በምንም መልኩ መስማማት አይቻልም ይልቅስ በወልቃይትና በቁጥጥራቸው ስር አርገውት በነበረው አካባቢ 	1	1	0	0	0	0
amh_train_track1_3320	በደቡብ ወሎ በኦፓል ማዕድን ማውጫ ጉድጓድ ውስጥ የተቀበሩ ሰዎች ሦስት ቀን ሆናቸው	0	0	0	1	0	0
amh_train_track1_3321	ቲክቶክ ላይ ዶክተር ነኝ ብሎ የሕክምና ምክር ሲሰጥ የነበረው ደቡብ አፍሪካዊ ተከሰሰ	0	0	0	0	0	0
amh_train_track1_3322	በትክክል? የማይጨበጥ ክንደ ነበልባል፣ ከጠላት መሃል ድንገት ይገባል፡፡	0	0	0	0	1	0
amh_train_track1_3323	አለምም ሥልጣንም ገንዘብም ውበትም በቅጽበት ይጠፋሉና ወደ ለዘላለም ሕይወት እረፍት ደስታ ለመግባት መንገዱ አንድና አንድ ነው እርሱም ኢየሱስ ብቻ ነው ኢየሱስ ያድናል	0	0	0	0	0	0
amh_train_track1_3324	ሀብታሙ ውሸቱ አያሌው ውሸት ጌጡእራስህን ሸውድ ከስምንት ወር ወደዚህ የተሻለ ሰላም አለአብይ፣ አንተ ቲቪ ላይ ሁሌ ሌላ ሰው ነው እንዴ የሚ	0	1	0	0	0	0
amh_train_track1_3325	በሱዳን ዳርፉር ግዛት በተከሰተ ግጭት 96 ሰዎች መገደላቸው ተገለጸ ሱዳናዊት ሴት በወለደች ቅጽበት ግጭትን ለመሸሽ ወደ ቻድ ተሰዳለች ተብሏል። Sudan Darfur	0	0	0	1	0	0
amh_train_track1_3326	ጎበዝ ነሽ ንቃተ ሕሌናሽን ወድጀዋለሁ !👌 ሌቦቹ ደግሞ በጣም ተራቀቁ አሁን ከዚህ ሁሉ ጋር ተደምረን ነዉ ኢትዮጵያዊ እምንባለዉ ቱ ቱ ...	1	0	0	0	1	0
amh_train_track1_3327	አዴክስ እምነትሽ ግን ምንድነው፣ እስኪ ንገሪንና ቁርጣችንን እንወቀው፣ እንደዚህ የሚዘምሩ ወጣቶችን እየገደላችሁ እንደው ተኝታችሁ ማደራችሁን ሳላደንቅ አላልፍም	1	1	0	0	0	0
amh_train_track1_3328	አንተም ድንገት ሲያዩህ ሰው ትመስላለህ ?	0	1	0	0	0	0
amh_train_track1_3329	አብታሙ የምትባል ክፉ ኤርምያስን የት አርገህ ነው በጣም ምስጥ ነህ	1	1	0	0	0	0
amh_train_track1_3330	እኔ የለሁበትም። እንኳን ጠፈር መሬት ላይም አደገኛ ነው አተር። ግን ማነው በአተር የሚኮራው? አኩሪ?	0	0	0	0	0	0
amh_train_track1_3331	ድሮም ጴንጤ ነበርክኮ ምን ታካብዳለህ?ኢንተርኔት ሲዘጋ ወደ አምላክ ሲከፈት ወደ ፕራንክ🙄😁🤣አንተ ነህ ያወቅክበት😍ፓስተርነቱን ሞክረው እስቲ ያበላ ይሆን🤔	1	1	0	0	0	0
amh_train_track1_3332	ህዝቡ ተርቧል እጄራን ኤክስፖርት እዲደረግ መፍቀዳቸው እራሱ የሚያስገርም ነው	0	0	0	0	0	1
amh_train_track1_3333	ቀላል ትፎግራላችሁ ምድረ አጭበርባሪ ሁላ።	1	1	0	0	0	0
amh_train_track1_3334	ቻን ዛሬ ወንድ ወጣክ ጉሩ ደግ አደረገሽ	0	0	0	0	1	0
amh_train_track1_3335	የመጅሊስ መሪዎቻችን በጥቅምና ቀኖና ልዩነት ደጋፊዎቻቸውን ጦር ሊያማዙ ጫፍ በደረሱበት በዚያ አስፈሪ ወቅት ብላቴናው ብልሁ ጥበበኛው ከአሏህ የመምራት የማስታረቅ ጥበብን የተቸረው አብ	0	0	0	0	1	0
amh_train_track1_3336	ፕራንክ እደዚህ ከሆነ ጥንቅር ብሎ ይቅር😂	1	0	0	0	0	0
amh_train_track1_3337	? ለመላው የክርስትና ዕምነት ተከታዮች እንኳን ለብርሃነ ትንሳሄ በሰላም አደረሳቹ! በዓሉ የሰላም እና የፍቅር እንዲሆንሎት ወዬ የጭነት ትራንስፖርት ይመኛል፡፡ መልካም ዓ	0	0	0	0	1	0
amh_train_track1_3338	የwifi መቆረጦች አሉ ድንገት ከዘጉብን በውጪ ያላችሁት አደራ ድምፅ መሆናችሁን ቀጥሉ	0	0	1	0	0	0
amh_train_track1_3339	ታዲያ እዚ ላይ ተጥዶ ማውራት ምን ይፈይዳል ስንቱ አርሶ እያበላኽ በዘረኝነት እየተሰደበ እስከመቼ ነገሩን ሁሉ የልኽ ባናረገው ለሁላችንም ይጠቅመሠል	1	0	0	0	0	0
amh_train_track1_3340	እስራኤል ዘላአለሙ ጦርነት እንጂ ሰላም አይንካው አላህ እንደ ሰሙድ ህዝብ ያጥፋቸው	0	1	0	0	0	0
amh_train_track1_3341	በጣም የሚገርም ነው ፅንፈኛ ደብተራዎች የሃይማኖት ካባ ለብሰው ጉራጌ ይነግድ፣ ጋላ ከብት ያግድ። እያሉ በአፋቸው ሲፀዳዱበት ከርሞ በቃኝ ብሎ ነፃ ከወጣ በኋላ ው	1	1	0	0	0	0
amh_train_track1_3342	የእራስዋ ሲያርባት የሰው ታማስላለች  አዎ ለነገሩ አዚያም ቤት እሳት አለ ሲባል ጭንቀት ይቀላል ይባል የለ	1	0	0	0	0	0
amh_train_track1_3343	ሀሀ ጁላ ሲናገር አርጎ የሚያስቀኝ ከየት አግኝተው አምጠወሰ እንደጎለቱት የሚገርም ነው ድሮን የገዛሃው ታዲያ ንፅህ ህዝብን ለመምታት ነው እስኪ የተማረኩትን ፍኖ ሳየን በፈጠህ ኪኪ አይ ጁላ	1	1	0	0	0	1
amh_train_track1_3344	ቆቦ ላይ እየሆነ ያለው ህዋሃት ካደረገው የከፋ እየሆነ ነው ያለው ። የሚገረመው ባለፉት ሁለት አመታት መከላከያን አብልተው አጠጥተው ከሌለ ቤታቸው ተንከባክበው ደጀን ህዝብ ሁነውለት	0	0	0	1	0	0
amh_train_track1_3345	ሰበር የተፈራው ሆነ በኦሮሚያ ፌደራል ተጨፈጨፈ ልዩ ሀይል ተመታ መሳይና ጌታቸው ጉዱን አፈረጡት via 	0	0	0	0	0	0
amh_train_track1_3346	ሚስትህን አስላቅሰ ካልሆና ያኣንቴ ፕራንክ ብቃሪብ	0	0	0	0	0	0
amh_train_track1_3347	ኢትዮጵያ የማንም አጭበርባሪ መቀለጃ ሆነች	1	0	0	0	0	0
amh_train_track1_3348	እጅግ የላቀ ውይ ውይፈጣሪሆይ ምንጉድነው እቺ ጨካኝ ጭራቅናት ሰውመስላቸው ነውአብረዋት የኖሩት ሰይጣን ስሙአይገልፃትም አውሬነችይፋረዳት ደማቸው	0	1	0	1	0	0
amh_train_track1_3349	አይ ሚኮ በቃ የእውቅና ጥጉ ይህ ነው ስንት ገጩሽ ሀሪፍ ፕራንክ ነው	0	0	0	0	1	0
amh_train_track1_3350	ሰውን ባንዳ ከማለት አስቀድመው ተገቢውን ጥናት እና መረጃ ስብሰባ ያድርጉ። የኢትዮጵያን ፓለቲካ በአግባቡ ያጢኑ። የመረዳት አቅም ከሌለዎ ስሜታዊ ከሆነ ውሳኔ ተቆጥበው ድምፅ ተአቅቦ	1	0	0	0	0	0
amh_train_track1_3351	ጥቁር ለብሶ እያላዘነ ሀዘን የተከናነበዉ ማን ነዉ?	0	0	0	1	0	0
amh_train_track1_3352	በዘበዛ እብድ ካንተ በላይ በውሽት አገር የሚያሽብር አለ መሳሪያ ይዞ የሚዋጋማ ዓላማ አለው አንተ ግን ዓላማህ ዋሽቶ ሽብር መለቀቅና ህዝብን ማወናበድ ነው	1	1	0	0	0	0
amh_train_track1_3353	ሰፈራችን ውር ውር ሲሉ ነበር የምን ሰርፕራይዝ 😆	0	0	0	0	0	0
amh_train_track1_3354	የኦሮሞ ክፉና ጠማማ ምሁር ተብዬዎች በሸውራራ አመለካከታቸው ኩራት የሆነውን የግዕዝ ፊደል ለማጥፋት የሄዱት ወራዳነት በታሪክ አይረሳም፣ በአዲሱ ሥር ትምህርት ኦሮሚኛ ለመማር በግዕዝ	1	1	0	0	0	0
amh_train_track1_3355	ግድያ የጀመረ ማን ነው በእምነት ቶቋም ውስጥ ምሽግ የቆፈረ ታጣቂ ያሰለጠነ ማን ነው እንኳንም በትህነግ ዘመን አልሆነም ቢሆን ኖሮ ይህ ቄስ ነው ቀውስ ሞቱ ይናፍቀው ነበር የኦርቶዶክስ መንግስት እንመሰርታለን ብሎ የጀመሩት ቆይቶዋልለእስልምና እውቅና ከተሰጠው እለት ነው የጀመሩት መንግስት የደከመ መስሎዋቸው ሁሉም ክልል እንቢ ሲላቸው ተንኮላቸው ይዘው ወደ ቄሶችና የስልጣን ፈላጊ ቅዠታም ቀውሶች የትውልድ ክልላቸው የደገሱት ሞት እንደትህነግ 	1	1	0	0	0	0
amh_train_track1_3356	በ17630 shortwave የአማራውያን ድምፅ የሆነው 188 የሬዲዮ ስርጨት ዛሬ ጀምሯል እንኳን ደስ ያላችሁ ለሁሉም ሼር አድርጉ እንኳን	0	0	0	0	1	0
amh_train_track1_3357	ኣሸባሪው ሓማስ በሰነዘረው ጥቃት ነው ይሄ ሁሉ ጉዳት ምስኪኑ ህዝብ ያሳዝናል	0	1	0	1	0	0
amh_train_track1_3358	እና አሁን በዚህ ደግሞ ምን ትሩፋት ይዘውልን ይመጡ ይሆን? የእኔ ስጋት ለዚህ ርካሽ ፖለቲካ ሲሉ ከውጪ እስከ ጓዳ ሁሉን ነገር እየነካኩ የህዝቡን ጉሮሮ ጨርሰው እዳይዘጉት ነው	1	0	1	0	0	0
amh_train_track1_3359	ወሬ ብቻ ፍርሀት ገና ብዙ ያሳየናል የከተማ ወጣቶች kkየቄሮ ወጣቶችን ሰብስባ የከተማ ወጣቶች	1	0	0	0	0	0
amh_train_track1_3360	አብይ ጃዋር ያለውን ቢሰማ ለገራችን መከራዋ ባልበዛ ትግራይን ያገገለ ከኢሳያስ ጋር የነበረውን ጫጉላ ሽርሽር አቁም ሲለው ነበር  ለ 1 ሚሊዮን ኢትዮጵያዊያን ሞት ሰበብ ነው አቶ አብይ	0	1	0	0	0	0
amh_train_track1_3361	ግጭት ትላላችሁ የቀለጠ ጦርነት ተከፍቶ ሳለ እንከፎች እናንተም ያው ብአደን ናችሁ ለካ	1	1	0	0	0	0
amh_train_track1_3362	ድል ለፍልስጤማውያን ሞት ለእስራኤላውያንና መሰሎቻቸው	0	1	0	0	0	0
amh_train_track1_3363	የገባኝ ነገር ቢኖር ብዙ የወንዶችም የሴቶችም ሌቦች እና የሌቦች ተባባባሪ እንዳላቹ ነው ሲስቱ መልካም ነው ያረግሺው እንኳንም ተረፍሽ አሁንም እራስሽን ጠብቂ	0	0	0	0	1	0
amh_train_track1_3364	በርካታ ካህናት የሚገደሉባት የሜክሲኮዋ ግዛት	0	0	0	1	0	0
amh_train_track1_3365	እንደው ይሄ ሰውዬ ከየትኛው የድንቁርና ባህር ነው የተቀዳው እበት ከየት ነው ዶክትሬቱን ያገኘኸው ህውሀት ቢፈልግ ቀጥታ ፌደራል መንግስቱን የመዋጋት አቅም አለው እናንተ አማራና ትግሬ እንዲታረቅ ስለማትፈልጉ ነው ብስብስ ነህ ባጫ ደበሌ ትልቁ ስኬታችን አማራና ትግሬን ማጣላት ነው እያለ አንተ ትለፋደዳለህ አድርባይ ነህ	0	1	0	0	0	0
amh_train_track1_3366	ሃገሩ ድንገት ነው እጃቸው ላይ የገባው! ሰመመኑ ኣለቀቃቸውም! ጸልዩ በእንተ እለ ኖሙ!	0	0	0	0	0	0
amh_train_track1_3367	ሰላም ለሁሉ ኣለም ጦርነት መጥፎ ኖው	0	0	0	0	0	0
amh_train_track1_3368	ላብይ ጅላጅል ጦርነት አታድርግ ተብሎ አይነገርምፎክሮ ቀበቶ አስፈታለሁ ብሎ በግፍ የወረረውን ጅል አለቃህን ተቸው እንጂ ብፁዕ አባታቻንን ልትተች እንተ ማነህ አማኑኤል ስም ብቻ ሆንክብን እኮ	1	1	0	0	0	0
amh_train_track1_3369	ሺህ አመታት የዘለቀ «የአይሁዶች» ታሪካዊ ጉዞ 🍃🍁🍁🍁🍃 ባለፉት ሺህ አመታት ህዝቦች «ከአይሁዶች» ጋር የነበራቸውን ግንኙነት የሚገልጽ አጭር የታሪክ ቅደም ተከተል በሚከተለው ሁኔታ ቀርቧል :- 1080 - ከፈረንሳይ ተባረሩ 1098 - ከቼክ ሪፖብሊክ ተባረሩ 1113 - ከኪየቫን ሩስ (ቭላዲሚር ሞኖማኽ) ተባረሩ 1113 - በኪየቭ ውስጥ ጭፍጨፋ አስተናገዱ 11147 - ከፈረንሳይ ተባረሩ 11171 - ከጣሊያን ተባረሩ 111	0	0	0	1	0	0
amh_train_track1_3370	ማህበረ ቅዱሳኖች በርቱልንማህበሩን እስከ አለም ዳርቻ ያስፋለን በጣም ደስ ይላል በእውነት	0	0	0	0	1	0
amh_train_track1_3371	የአረብ ጫጫታ የማለዳ ውፍ ምግብ እስኪ በላ	0	1	0	0	0	0
amh_train_track1_3372	ይቅር በለን ጭካኔ በዛ አምላኬ ሆይ	0	0	0	1	0	0
amh_train_track1_3373	አላለም ቤት ብልጽግና እያለ ነው ቤት ቱሪናፋ ቱልቱላ ነህ ወሪብቻ አዋረድካት ትንሽ ስዎች በሆነ አጋጣሚ ትልቅ ቦታ ሲገኙ ሚያበላሹት ትልቅ ዋጋ ያስከፍላል	1	1	0	0	0	0
amh_train_track1_3374	ምድረ አውሬ ውጭ የተቀመጠ ጥይት እየገዛ ጥይት መግዣ እየላኩ የሰው ልጅን እርስ በእርስ ያገዳድሉ እንጂ እነዚህ አውሬዎች ተመልከቱ ቢገባችሁ	1	1	0	0	0	0
amh_train_track1_3375	ቤሊንግሃም ግሪንዉድን ‘ደፋሪ’ ብሎ ተሳድቧል ከተባለ በኋላ ላ ሊጋ ምርመራ ጀመረ	0	0	0	0	0	0
amh_train_track1_3376	ንገረው፣ንገረው እንቢ ሲል መከራ ይምከረው ስለተባለ ይህን ሁሉ ማስጠንቀቂያ ሰምቶ ለመታረድ ከሄደ፤ እኛ ከደሙ ንፁህ ነን ብለህ መተው ነው እንጂ ምን ታደርገ	1	0	0	0	0	0
amh_train_track1_3377	እንዳየሁት አንድ የአማራ ጀግና አግብተሽ ጥሎሽ ሄዷል ወይም ኦነጎቹ ብዙ ባጀት መድበውልሻል! ለህዝብ የሌለ ባጀት ለእናንተ አይጠፋም? የሚገርም እውነት!	0	1	0	0	0	0
amh_train_track1_3378	እጅግ ደስ ይላል ይሄ ሁሉ መከራ ሰፊ ሀገር ሳለን በመጥበባችን እና የኔና ያንተ የሚለው የጽንፈኞች ሀጢያት ነው	1	0	0	1	1	0
amh_train_track1_3379	በክት ቆሻሻ እናንተ ከሀዲዎች አንተን ይሄን ያህል መከተሌ ሆዳምነትህ ሳይገባኝ ነው ያመኞል ሁላ	1	1	0	0	0	0
amh_train_track1_3380	ሲሰበሰብ የነበረው ፊርማ የት ደረሰ?	0	0	0	0	0	0
amh_train_track1_3381	እውነት በመናገሩ፤ የሬድዮ ኦፕሬተር ውጊያ መርቶ አያውቅም መምራትም አይችልም በማለቱ ። ድንገት ብድግ ብሎ አውጊ መሆን እንደማይቻል በመግለጹ ። ለገሰ አስፋው	1	0	0	0	0	0
amh_train_track1_3382	መዳን ይሆን ዘንድ እየሱስ ክርስቶስ እንኳን ተወለደልን! መልካም በዓል ለሀገሬ ክርስቲያን ሕዝብ በሙሉ። የነፍሴ ፍሰሐ አንቺ ላሊበላ ሁሌ የማገኝሽ ዘመን እስኪመጣ ናፍቃለሁ። የልቤን ሙዪልኝ! Ethiopia ?	0	0	0	0	1	0
amh_train_track1_3383	ጠቅላይ ሚኒስትራችን ክቡር ዶክተር አብይ አህመድ የዲሞክራሲ ግንባታን በተመለከተ የሰሩት ውጤታማ ሥራ በአለም አቀፍ ማህበረሰብ ጭምር እውቅና እያገኘ ነው። እንኳን ደስ አለን።	0	0	0	0	1	0
amh_train_track1_3384	እኔ ምልህ ዶር ታንቱ የተባለው የአማራ አክራሪ ጽንፈኛ የት ገባ ባክህ	0	1	0	0	0	0
amh_train_track1_3385	በርከቶ ትድርሠን አባታችን የምህረት አባት በቸርነቱ ይጎብኙዎት ጤናዎን ይስጥወት ለሕፃናቱም ፍጥርቱን የማይረሳ አምላካችን በምህረቱ በፍቅሩ ይጎብኛቸው	0	0	0	1	0	0
amh_train_track1_3386	በጣም የሚያሳዝነው ነገር የአማራ ክልል ሕዝብ ራሱ ተመካክሮ  ተጠናክሮና አንድ ሆኖ በመቆም እንክርዳዱን በጊዜ አበጥሮ ካላስወገደ ከመንገዶች መዘጋጋትና ከመሠረተ ልማቶች ውድመት ጋር ተዳምሮ የድርቅና የረሃብ ችግሩ አድማሱን እያሰፋ በመሄድ የከፋ አደጋ ሊያመጣበት ይችላል 	0	0	0	1	0	0
amh_train_track1_3387	አንጋፋው የአሜሪካ የምክር ቤት አባል የግብጽን መንግሥት ለመደገፍ ጉቦ ተቀብለዋል የሚል ክስ ቀረበባቸው	0	0	0	0	0	0
amh_train_track1_3388	ባንዳ ገዳይ ከሀዲ ሀገር ሻጭ ከተባለ የመጀመሪያዉ ቆሻሻዉ ኦነጉ አብይ አህመድነዉ መከላከያን አስበልቶ ሂዶ የተቃቀፈ ቆሻሻ ባንዳ!	1	1	0	0	0	0
amh_train_track1_3389	ይድረስ ለሁላችንም ወርቅን የማያውቅ ሁሉ እየረገጠው ያልፋል ግን ያወቅነው ለት ወርቁን ለመፈለግ ብንመለሥ እድለኛ ወስዶት ልናገኘው እንችላለን። በወቅቱ ቢሆን ጸጸት የለውም ። ሠላ	0	0	0	0	0	0
amh_train_track1_3390	Shorba Tube ዱር እንሳሳሳት የመዳ አህያ ጀብ ካርካሮ ጂርት አንበሳ(ጋሙዋ) ሁሉም እንስሳ ማሰብ ማስተዋል የወደፊት ሕይወት መተንበይ አይችሉም እኛ ሰው ልጆች እንደእነዚህ (ከአንበሳ(ገሙዋፔ)፣ከጅብ(ጎዳርያፔ)፣መዳ አህያ (ሃርድዳፔ)መማር አንችልም። አንተ ብትሆንም ከሰው ተምረሃል እንጅ ከየትም አይደለም። #ጋሞ/አንበሳም ደም ዝውውውር ከለላ ይሞታል። መማር ይቻላል ከሰው!	1	0	0	0	0	0
amh_train_track1_3391	ልክ ብለሃል አቶ ኤፍሬም። ዘግይተህም ቢሆን እንዲህ ማሰብህ ኣደንቃለሁ። ያኔ በትግራይ የዘር ማጥፋት ጦርነት ወቅት ይህን ቅዱስ ሃሳብ የት ተደበቀብህ? ኣንተም መርጠ	0	0	0	0	1	0
amh_train_track1_3392	በኡጋንዳ ለገበያ የሚቀርቡ እንስሳትን ለማደለብ የጸረ ኤችአይቪ መድሃኒት ጥቅም ላይ ውሏል ተባለ	0	0	0	0	0	0
amh_train_track1_3393	ሞትህን በቅርብ ያድርገው አንተ ሴረኛ አስመሳይ የተረት አባት ዋናው የኢትዯጵያ ጆባይደን የሆንክ ሴታሴት የሆንክ	0	1	0	0	0	0
amh_train_track1_3394	ወላሂ እኔ ሞተች ስባል የተሠማኝ ስሜት በጣም ከባዲ ነበር ወላሂ ልጅን ትመስላለች አሏህ ባንች ላይ እጃቸውን ያሳረፉትን አሏህ ይበቀላቸው ወላሂ እራሴን መቋቋቋም ነዉ ያቃተኝ አሏህ የጀነት ሙሽራ ያርግሽ የኔ ውዴ ያአሏህ ምን አይነት ጭካኔ ነው የአሏህም ውሳኔ ቢሆንም ግን ??? ኢናሊላሂ ወኢናሊላሂ እራጅዑን የአሏህ ነን ወደሡም ተመላሽ ነን ለናቷ አሏህ ሶብሩን ይስጥሽ ከባዲ ነው በስደት ሁኖ እንዲህ አይነት መርዶ ያኢላሂ አተ	0	0	0	1	0	0
amh_train_track1_3395	አዋሽ 40 ፡ “በቂ ምግብ ፣ ውሃ  እና በቂ እንቅልፍ በስለትም ቢሆን የማይገኝበት ቦታ”	0	0	0	1	0	0
amh_train_track1_3396	አተ ጂንጀሮ መሳይ ለላዉን ትተሀ ጨጉሪህን አታጥብም ትልቅ አህያ ነሀ እሽ	0	1	0	0	0	0
amh_train_track1_3397	ብአዴን አሸባሪ ነው ።አሸባሪነቱንም በዚህ አንድ አመት ውስጥ አሳይቷል	0	1	0	0	0	0
amh_train_track1_3398	ሃገራችን የሚያስፈልጋት መጀመሪያ እግዚአብሔርን መፍራት ሁለተኛ ሰብአዊነትን ማስቀደም ሶስተኛ መከባበር አራተኛ በፍቅር እና በሰላም አብሮ ከመኖር ውጪ ሌላ አማራጭ አለመኖሩን ጠ	0	0	0	0	0	0
amh_train_track1_3399	ምን ማለት ነው የለመደ የከተማ ሽፍታ ማለት እኛ የሰማነው በደርግ ግዜ ከተማ ውስጥ ሰው መገደሉን ነው አሁን ልክ እንደተለመደ ሆኖ አርእስት ሲሆን ያሳዝናል ህግ ቢኖር ኖሮ ይሄ ሁሉ አይሄንም ትንሽ ቆይቶ ይሄ ወንድማችን ቁጥር ብቻ ይሆናል 	1	0	0	1	0	0
amh_train_track1_3400	ሰው ያለው አንድ የሆነ የተደራጀ ሀይል ሚዛን ያሰለፈማ ድምጹ የሰማል ይከበራል ህዝብ እያለህ አንድ ያልሆነ ፈራ ተባ የሚል የሚመጣበትን እየተከናወነ ያለን ጭፍጨፋ ጭቆና እየመረረው የ	1	0	0	0	0	0
amh_train_track1_3401	ኢትዮጵያ ውስጥ በሰሜኑ ጦርነት ብቻ ከ1 milllion በላይ ሰዎች ሞተዋል እና ጦርነቱ አሁንም እንደቀጠለ ነው ግን የሚዲያ ሽፋን እራሱ አይሰጠውም 😐	0	0	0	1	0	0
amh_train_track1_3402	ይደመጥ በጣም የሚገርም ነዉ ።	0	0	0	0	1	1
amh_train_track1_3403	የጎንደር ሴት አልጋላይ እንጂ ትዊተር ላይ አያምርባትም። ሁሉም እንደየችሎታችን ብሆን መልካም ነዉ።	0	1	0	0	0	0
amh_train_track1_3404	እንደ ኢትዮጵያ ክርስቲያኖች ሚያስጠላ ሰው የለም ያረቢቢቢ አላህዬ በእስራኤል እና በአሜሪካ ቁጣህን አውርድባቸው ያያያረብብብ	0	1	0	0	0	0
amh_train_track1_3405	የመጨረሻው ምርጥ ውሳኔ ነው ቢያረፍድም	0	0	0	0	1	0
amh_train_track1_3406	የውሃና ኢነርጂ ሚኒስትር ስለ ዘረኝነት ሲሰብክ ይውላል። ኢትዮጵያ አደገኛ ሰዎች እጅ ላይ ነው የወደቀችው።	1	1	0	0	0	0
amh_train_track1_3407	እለት ዕለት በንስሐ እየታደስን የጌታ ምጽዓት ከቀድሞ ይልቅ ቀርባለችና እራሳችንን እናዘጋጅ ሞት ድንገት መጥቶ እንዲህ ይወስዳል በእርሱ በማመን በሚገኝ ድነት ከዘላለም ሞት ወደዘላለም ህይወት መግባት ይሁንልንመዳን በክርስቶስ በማመን እንጂ መልካም ስራን በመስራት አይደለም	0	0	0	0	0	0
amh_train_track1_3408	Chala Tadessse የጎንዩሽ ግጭት ከማጋል ይልቅ ማስረዳት ብትችል መልካም ነበር። የፃፍከው ልክ አይደለም ማለቴ አይደለም ፧ ማስረዳት ለፈለከው ግን አይጠቅምምም።መልካም የእረቻ ብአል።	0	0	0	0	0	0
amh_train_track1_3409	ቢሆን ጥሩ ነበር ነገር ግን 50 ዓመታት ወደ ኇላ ብንሄድ የችግሮቻችን ሁሉ ባለቤት ኤርትራ መሆኗን እናረጋግጣለን !	0	1	0	0	0	0
amh_train_track1_3410	ውሻው ጀርመናዊ አይደል ሊመከር ነበረበት እንጂ መባረሩ fair አይደለም። የዘረኝነት ጥቃት እየደረሰበት ነው ፍትህ🙌	0	0	0	0	0	0
amh_train_track1_3411	ሲጀመር እንደ ግዛው አይነት ዘረኛ ኦርቶዶክስ ቤንን እንደ ንግድ ድርጅት ብቻ የሚያስብ እንደተስፋፊ አያቶቹ ለኦሮሞ ህዝብ ፍቅር የሌለው ነገር ግን መሬቱንና የተፈጥሮ	0	1	0	0	0	0
amh_train_track1_3412	በአለም ላይ እንደ ነፃነት መጥፎ የለም ። ነፃነት ለባሪነት፣ለጥፋትና አመፅ ይጋብዛል። የነፃነት ገመድ ማጠር አለበት ።	1	0	0	0	0	0
amh_train_track1_3413	ኣይታይም እኮ ግሪኮች እሡን በመፈለግ እደተሠቃዩ ያልቃል የሚገርምሽ ኣጠገባቸዉ ነዉ እኮ  ሂላልን እኳን ማግኘት ኣልቻሉም ሀሊ ቲክባልን ማለቴነዉ ቱርኮች ደደብ ናቸዉ ይላል ፍሊፖሥ ግን ተሣሥቷል	0	0	0	0	0	0
amh_train_track1_3414	እንዴት ናቹ የመዳም ቅመሞች እወዳችሃለው ደሞ እስከ ሰኞ ትናፍቁኛላቹ መልካም ቀናት ይሁንልን ደሞ በስደት ያላቹ እህት ወንድሞቼ ጽዮን ማርያም ከኛ ጋ ትሁን በርቱልኝ ነገ ሌላ ቀን ነው እንዳትጨናነቁ	0	0	0	0	1	0
amh_train_track1_3415	ፊልሙ በጣም ጥሩ ነው ግን ትንሽ ፕሮፌሽንነት ይጎለዋል እንደምሳሌ እነዚህ የሴት መርማሪዎች የሆነ የህጻናት ስብስብ ናቸው የሚያነሱት ሀሳብ ሁሉ ወንጀለኛ የሚመረምሩ ሳይሆን ህጻን ልጅ በከረሜላ የሚያታልሉ አይነት ስለዚህ ጉዳዩ ጠጠር ያለ ስለሆነ ወይ እነሱን በአዋቂ ቀይሩ ወይ ጠና ባለ ሰው እንዲመሩ አድርጉ እንጂ በነሱ የተነሳ የፊልሙ ጥራት ይቀንሳል ሌላው የኤልዳ የፍቅር ጉዳይ ነው በትክክል ድራማ ላይ እንዳለች ያስታውቃል እውነተኛውን አለ	0	0	0	0	1	0
amh_train_track1_3416	ይሄን ብሎ መከላከያ ሰው በላ የህፃናትን ደም የሚጠጡ የዲያብሎስ ደቀ መዛሙርት ስብስብ	0	1	0	0	0	0
amh_train_track1_3417	አረ የአላህህ ግን እነዚ የሁዳዎች የምር ሰዎች ናቸዉእንደዚ አይነት አረመኔ ፍጥረታት እዝች ምድር ላይአረ አላህ በቃ ይበላቸዉ እሳት ያዝንብባቸዉ ከሰማይ ያረቢምድር ተሰንጥቃ ትዋጣቸዉድል በገዛ ምድራቸዉ ለተገፉ ፍልስጤማዉያን ዉርደት ሞት ለወራሪዋና ለአጋሮቿ	0	1	0	1	0	0
amh_train_track1_3418	እርዳታ ለማቅረብ 300 ተቀናቃኝ የታጠቁ ቡድኖችን ማናገር የሚያስፈልግባት አገር	1	0	0	1	0	0
amh_train_track1_3419	ዘረኛ ናት ዘረኝነት ከኢትዮጵያ ይጥፋ !!! እና ኢትዮጵያ የአቶ ልደቱ አያሌውን መስመር ነው መያዝ ያለባ። አይገባትም!	1	1	0	0	0	0
amh_train_track1_3420	ወንድሜ ደሳላኝ የማውቀው የዛሬ 16 አመት በፊት ነው የማውቀው ተግባረዕድ ኮሌጅ እኔ ደግ ሰው ነው የምለው በዛ ሰዐት የቦብማሪሊ ወዳጅ የቴዲ አፍሮ ወደጅ ነበር አብዝቶ ስለሙዚቃ ያወራ ነበር እጅግ በጣም ዝም የሚል ከራሱጋ አብዝቶ የሚያወራ እጅግ የሚገርም ስብዕና ያለው ጨዋ ነው እዚ ደርሶ በትግል የሚፈልገው ሙያ ላይ ሆነክ ስላየውክ ደስ ብሎኛል ገና ከዚ በላይ ብዙ እጠብቃለሁ ስለምትወዳት ሀገርህ ብዙ ስራ እንደምትሰራ እገምታለሁ ደግ ሰው 	0	0	0	0	1	0
amh_train_track1_3421	ሌቦች ራሳቸው ጦርነት ጀምረው ራሳቻው ንጹሀን ገለው አሁን ዋይ ዋይ 😡😡😡	1	1	0	0	0	0
amh_train_track1_3422	ወንድሜ እድለኛ ነህ የማይወሰድብህን ትልቁን እድል መርጠሃል ተባረክ ቀሪው ዘመን በእግዚአብሔር ቤት ይለቅ	0	0	0	0	1	0
amh_train_track1_3423	ድል ለእስራኤል ሞት ለአሸባሪዎች 👊	0	1	0	0	0	0
amh_train_track1_3424	ግዜ ሩቅ አይደለም። የዐማራ እናቶች ዕንባ ከጉራፈርዳ እስከ ማይካድራ፣ ከወለጋ እስከ መራዊ፣ ከባህርዳር እስከ ቆቦ፣ ከወልዲያ እስከ ደብረብርሃን ፈሶ አይቀርም። ትግልን መራራ የሚያደ	1	0	0	1	0	0
amh_train_track1_3425	የተከፈተብህ ጦርነት ነው። ሱሪ ታጠቅና ተዋጋ፣ መክት! ሆድ መብላቱንና አቤቱታውን ተወው። ያልተጠበቀ ነገር ምንም አልደረሰብህም። ብዙ የተባለለት ጦርነት ነው ደጅህን እያንኳኳ ያለው።	1	0	0	0	0	0
amh_train_track1_3426	አልተደራጀም ህዝቡ ተዘናግቷል ግራ የገባው ነገር ነው ህዝቡ እራሱ አድር ባይ ሆኗል ያስፈራል በጣም:::	0	1	1	0	0	0
amh_train_track1_3427	እንዲህ እራሳቸው የ እማዬን ለ አኣባዬ አሳከው ጽፈው ህዝብ እያጋደሉ፥መልሰው ሌላ ሰው እንደፃፈ አስመስለው ሽብር የሚዘሩትን መንግስት እስከመቸ ይታገሳል? Ethiopia	1	0	0	0	0	0
amh_train_track1_3428	ማን እንደሆንኩ ስለ ትምህርት ደረጃዬ ስለ ፓርቲ አባልነቴ በድፍረት መናገር መቻልሽ የሚገርም ነው! እግዚአብሄር ሀገራችንን ጠብቃት ብሎ ከመፀለይ በቀር ምንም ማለት አልዥልም	0	0	0	1	0	1
amh_train_track1_3429	ፖሊስ በሞስኮ በሚገኙ የተመሳሳይ ጾታ የምሽት ክበቦች ላይ ዘመቻ አካሄደ	0	0	0	0	0	0
amh_train_track1_3430	እኔ ምፈራላቸውግን ሥሜታዊ ሆነው ድንገት ቢመታትሥ ሠይጣንኮ ከባድነው እደ ሆሆሆ ጭራሽ ልብሤን አወጣለሁ	0	0	1	0	0	0
amh_train_track1_3431	አንተ ከብት ጥሩ የሠራሁ እየመሠለሕ አገር ታፈርሳለሕ አንጀትሕ ይፍረስና	1	1	0	0	0	0
amh_train_track1_3432	ልጅትዋ ግን ይሄ ፕራንክ አይመጥናትም ጨዋ ልጅ ናት	0	0	0	0	0	0
amh_train_track1_3433	ኮንጎ፡ ከ6ሺህ ሰዎች በላይ የሞቱበት የኩፍን ወረርሽኝ	0	0	0	1	0	0
amh_train_track1_3434	የሰዪጣንንን መንፈስ ለመቀበል የተደረገ ዝግጅት¿	1	0	0	0	0	0
amh_train_track1_3435	ዕውቁ የስፖርት ድረ-ገጽ በሰው ሰራሽ አስተውሎት የተዘጋጁ ጽሑፎችን አትሟል የሚል ወቀሳ ቀረበበት	0	0	0	0	0	0
amh_train_track1_3436	ወሸታም ነህ ፍልጤነም የነው ዘሸበሰሪ ህፃን አራጅ በሳት አቃጥለው የሜገሉ ናቸወደ በወሸት ኢትዮጵያን በውሽት የፈፈታችዋት ይበቃል የኢትዮጵያ ሙስልሜም በማያገባችሁ እየገባችሁ አለምን አታቸግሩ ብህዝብ ብዛት ሳይሆን እስራኤለረ አምለሰክ ሁሉን ያያል አርቡች ለእስራኤል ይሰግዳሉ ማነው የሜዛቸው የእስራኤል አምላክ ነው የሜዛው ሰው ሰው ነው	1	1	0	0	0	0
amh_train_track1_3437	ኢትዮጵያ ውስጥ በአሁን ሰዓት ማንም እራሴን ላጥፋ ቢል በቁጥጥር ስር ውሎ መታሰር አለበት! ይህንን መራራ ህይወት ለኛ ጥሎ ማንም የትም አይሄዳትም!? እናዝግ	0	0	0	0	0	0
amh_train_track1_3438	የሚገርም ጭንቅላት እይት ጥረት ያስቀናል  እንዲህ ሌት ከቀን የሚሰራ መሪን ነው የሚጠሉት	0	0	0	0	1	1
amh_train_track1_3439	የኢንሹራንስ ተቋማት ወደ ህዝቡ ወርደው ለምን አያስተምሩም  በጣም ያሳዝናል እኛ የምናውቀው የመኪና እና የንብረት ኢንሹራንስ ብቻ እኮ ነው ገና ብዙ ማደግ ይቀረናል  ለውይይቱ አረትስ ቲቪ እመሰግናለሁ	0	0	0	1	1	0
amh_train_track1_3440	በስክነት የሚያስተውል ሰው በጊዜያዊ ስሜታዊ ትኩሳት አይሸወድም። Ethiopia ?	0	0	0	0	0	0
amh_train_track1_3441	እኔም ቢላል ታዴነኝ ግፍን እጅግፈኞችን አንፈራም አማራነትያሼናፊነት መነኮሳት ፈስነው። ነፃነትና፣ክብርበመራርትግልየሚገኝ የጠንካራታጋዮች የድልውጤትነው። ስለዚህ አማራ ለመራር ትገልመ	1	0	0	0	0	0
amh_train_track1_3442	እነሆ ለሕዝቡ ሁሉ የሚሆን ታላቅ ደስታ የምስራች እነግራችኋለሁና አትፍሩ ዛሬ በዳዊት ከተማ ክርስቶስ ጌታ የሆነ ተወልዶላችኋልና። እንኳን ለብርሃነ ልደቱ በሰላም አደረሰን።	0	0	0	0	1	0
amh_train_track1_3443	ንፍጥ እስኪ ሰለ አፋሩ የተቀበረ ፈንጅ ተናገር ፖስት አድርገህ ለመንግስት አሳውቅ እና የህጻናትን ሞት ቀንስ እበት ነህ	0	1	0	0	0	0
amh_train_track1_3444	የእኔ ውድ ኡፍ😭😭😭 ቃላት አጣሁ «“{አምላከ እስራኤል}”» የሥራክን ይስጥክ «“{ፈጣሪ}”» ይፍረድብክ😭😭😭 እሱ ይቅጣክ ኧረ ያማል አይዞሽ የእኔ ውድ ኡፍ ቪዲዖውን መጨረስ አቃተኝ እውነቴን ነው የምላችሁ ዐይኖቼ በዕንባ ተሞሉ😭😭😭 ኧረ ኧረ የእናትም የሴቶችም ጨካኞች አሉ እንዴ? የ ኧረ የጭካኔ ጥግ😭 «“{አምላክ}”» አሁንም ቢሆን ጥንካሬውን ብርታቱን ኃይሉን…ይስጥሽ። «“{ፈጣሪ}”» ርኅራኄን አዛኝ ቀና ልብን ማስተዋልን…ይስጠን	0	0	0	1	0	0
amh_train_track1_3445	በወንድማችን ግርማ የሺጥላ ሞት በጣም አዝኛለሁ ፈጣሪ ነፍስህን በምህረቱ ይቀበላት መፅናናት ለቤተሰቡ እመኛለሁ	0	0	0	1	0	0
amh_train_track1_3446	ሰሞንኛ ስሙማ ! አንዳንዴ ምን ስሜታዊ እንደሚያደርገን ልንገምት አንችልም፤ ዓለማዊ ነኝ የምለው ሰውየ፥ በሀይማኖት ዙርያ ጎራ ለየቼ ስከራከር ተገኘሁ ቢባል ማን ያምናል! Me	0	0	0	0	0	1
amh_train_track1_3447	ማን ነው እንደኔ ኡማር ሚስጥሩን በማወቁ ደስ ያለው 	0	0	0	0	1	0
amh_train_track1_3448	መንግስት እውነት ይህንን ባለጌ ለህግ በአደባባይ ማቅረብ አለበት	1	1	0	0	0	0
amh_train_track1_3449	በርቱ ጊዜው የኢትዮጵያ ነውየኢትዮጵያን ታላቅነት የተረዳ ውድ መሪ ስላለን የተወስደብንን ሁሉ ያስመልስልናል ኢትዮጵያን ለማስከበር እየስራችሁ ለምትደክሙ ሁሉ ምስጋና ይገባችሃልሴራ እየከሽፈ ስራ እያሽነፈ ኢትዮጵያ ትገስግሳለች ኢትዮጵያ ካንድም ሁለት የባህር በር የነበራት አገር ነበረች ኢትዮጵያን ከቀይ ባህር መለየት አይቻልም	0	0	0	0	1	0
amh_train_track1_3450	እንዲህ ከፈለጉት እስኪደርሱ ራሳቸውን ደብቀው ጊዜ ገንዘብና ማንነታችንንን ለመስለብ ሚሞክሩ ቅንጭሮችን አንፎሎ በማድረግ ምኞታቸውን ባዶ ማስቀረት ይጠበቃል። ከዛሬ ጀምሮ ዩትዮቡን ምትከታተሉ ክርስትያኖች የማርያም ጠላት ናችሁ🙏	1	1	0	0	0	0
amh_train_track1_3451	ከስሜታዊ እነት ወጥቶ በነበራዊነት በ facts ላይ የተመሰረተ እና በእወነት ላይ የተመሰረተ ውይይ የግድ ይላል መልሱ ትክክለኛወ እራስን ማነጽ በeducation ነው ሃገራችን ላይ ህውሃት ከመጣ ጀምሮ አንድ ወጥ education የለም ሁሉም በክልሉ ላይ ነው የሚያላዝነው የታሪክ ትምህርት የለም እህዋድ ያንተ generation እና የዛሬው በጣም የተለያየ ነው ሁሌ ወደቁልቁል በንጉሱ ጊዜ የuniversity ተማሪ ፊሎዞፊ ይማር ነበር በምኖርበት	0	0	0	1	0	0
amh_train_track1_3452	በዚህ ፍጥነት እንዲህ ዓይነት ውሸት ፈብርካችሁ ስትከሱት ሠው ይታዘበናል አይባልምንዴ ደግሞስ የተናገረው በሙሉ እውነት የሆነ የህዝብ ብሶትና ችግር አንደለምን	1	0	0	0	0	0
amh_train_track1_3453	ደደደብ ነህ ይሄን ያህል አስለቅሰህ አናደሀት ፕራንክ ስትል አታፍርም እሷም በጥፊ ሳይሆን በመፍቻ ነበር መምታት የነበረባት አረ ተዉ እንደዚህ አይነት ፕራንክ ቢቀርስ	1	1	0	0	0	0
amh_train_track1_3454	አድቱ ባለፈዉ ሊባኖስ ያለነዉን ወደ እስራኤል በወሠዱን አለች ክክ ጭቅላት የላቸዉም እስራኤል ሀገር ገብታ ከዚህ የባሠ መከራ እደምትገባ አታቅም አገቶ ላይ ባሠረችዉ ክር ነዉ ወደ ሢኦል የሚልኮት	0	1	0	0	0	0
amh_train_track1_3455	ይሄ ውርጋጥ ለካ የጠፉው ፕራንክ ሲያርግ ጠለፉት	0	1	0	0	0	0
amh_train_track1_3456	Montish Ahmed ባለን ነገር ፈጣሪን ማመስገን ነው ስንት እህቶቻችን ያልፍልናል ብለው ወጥተው ያልተመለሱ አሉ ስንቶች ጤናቸውን አጥተው የሚሰቃዩ አሉ ደግሞ ስደት ለኔ ገና ስሰደድ ሊደላኝ ሳይሆን ሰርቸ የተሻለ ህይወት ለመኖር ለኔ ስደት ባለውለታየ ነው እናቴ ሰው ቤት ልብስ እያጠበች ነው ያሳደገችኝ ዛሬ ቢያንስ ከቤት ኪራይ ገላግያታለሁ ይህ ለኔ ትልቅ ነገር ነው ክብር ምስጋና ይግባው ለፈጣሪ	0	0	0	0	1	0
amh_train_track1_3457	ይህ ጨቕላ ጋዜጠኛ ከኦሃድ ማቕረቡ ያሳፍራልየኣብይ ኣሕመድ ጸባይ ኣለው ጦርነት ፊልም ነው የመሰለው	0	1	0	0	0	0
amh_train_track1_3458	በጣም ይሳዝናል ምን አይነት ጭካኔ ነው አይዛሽ እህት 😭😭😭💔	0	0	0	1	0	0
amh_train_track1_3459	የኢትዮጵያ ሚድያ መጀመሪያ እስራኤል በፍልስጤን ላይ ያደረሰችውን በደል ጆሮ ዳባ ልብስ ብላችሁ አሁን በእስራኤል ላይ ጥቃት ተፈፀመባት ትላላላችሁ።ንድድድ ትበል።ብሶት የወለደው ነው ።	1	1	0	0	0	0
amh_train_track1_3460	በዚች ምድር አንድ ሚሊዮን ሰው ብትገድል እንደ ጀግና ትቆጠራለህ እንጂ ምንም አትባልም  በቃ ዕርቅ እያልህ ጥሩ ጥሩ ስታወራ ይሄ ደደብ ህዝብ ያጨበጭብልሀል ይሄ ህዝብ ልጆቹን ጨርሰህበትም ይረሳዋል	1	1	0	0	0	0
amh_train_track1_3461	ዝምብለክ በማታወቀው ታሪክ ብጥሮቅ ኣትበል ኣባታቹ የውሽት ታሪክ ኢያስተማሩ ኣስድጋቹ አናንተም አንድዛ ምድረ ወሬ ብቻ	1	1	0	0	0	0
amh_train_track1_3462	Lijalem Minale Bekele የየየሱስ እናት እንደናንተ ጣኦት ባለጌ አረመኔ አይደለችም ጨዋ አምላኳን የምታከብር ሮሜ 8-34 ማቴ4-10 ማቴ 17-5 ከሱ ሌላ አትስገዱ ከሱ ሌላ አማለጅ የለም የሚላችሁን ስሙ እራሷን ዝቅ ያረገች የተመረጠች በገነት ያለች ሴት ናት	1	1	0	0	0	0
amh_train_track1_3463	በኢራን የሚደገፈው አማፂ ቡድን የአሜሪካን ወታደራዊ ድሮን መትቶ ጣለ	0	0	0	0	0	0
amh_train_track1_3464	ፋኖ በአማራ ላይ የደረሰው ና እየደረሰ ያለውን እጅግ ዘግናኝ ግድያና ህዝብን የማፈናቀልሀገር የማሳጣት ችግር ለመመከት በመሆኑ ችግሩ ሳይቀረፍ እንዲህ በቀላሉ የሚቆም አይደለም	1	1	0	0	0	0
amh_train_track1_3465	አይዞኝ ገለቴ ክክክ መስሜያው ጥጥጥ ነው ማዳመጥ ሚባል የለም	0	1	0	0	0	0
amh_train_track1_3466	የሰማዩም የመሬቱም ባለቤት አላህ አለላቸው የሰው ልጅ ደካማ ነው ንፁህ ውሃ አንቆት የሚሞት ለሞት የተፈጠረ ነው ጉልበተኞች በዳዮች በየትኛውኝ ታሪክ መጨረሻቸው ጥፋት ነው ጠፍተውም በጥሩ አይነሱም ከፈጣሪ ዘንድም እጅግ ከባድ ቅጣት ይጠብቃቸዋል ሩቅ አይደለም በቅርብ ይጠፋሉ	1	0	0	1	0	0
amh_train_track1_3467	ዓቢይ ባለፈው ጊዜ የተዋህዶ ሲኖዶስን ግጭት ፈጥሮ ለመመካከር ጣሊያን ሄደ።ዛሬ ደግሞ በአማራ ክልል ስላለው ሁከት ለመምከር መሪዋን	0	1	0	0	0	0
amh_train_track1_3468	እናንተስ ምን ላይ ናችሁ ??? የእስራኤልን አንድ ዜጋ የገደለ በእጥፍ 10 አድረገ ትመልሳለች this is a fact ሀገራችን ኢትዮጵያ ግን የራሷን ዜጋ ቀን በቀን ትገድላላላችሁ ተስገድላላላች 🚷❌ ምክንያቱም ደግሞ ሆዳም እና ዘረኞች ናቸው አመራሮቹ 🤔 ይህን ስል ደግሞ ነፍጠኛ ልትሉት ይሆናል ❌ ሰላም ወደዱ የማዕከላዊ ኢትዮጵያ ክልልል ልጅ ነኝ !!! ሰላም ለሀገራችን ይሁን !!!	1	1	0	0	0	0
amh_train_track1_3469	እኔን የኔ እህት እኔ ልከራተትልሽ ዉይ በጣም ያማል አይዞሽ 😭😭😭	0	0	0	1	0	0
amh_train_track1_3470	ጁጁ እሚባል ሰው ጉልፈምን ምስ ምሷን ሲነግራት ደስ ሲል	0	0	0	0	1	0
amh_train_track1_3471	ከፍያለው ዮኒ ማኛን ሲተች ነበር ሃይማኖቱን ይቀያይራል ብሎ በሰው የሳቁት ተመልሶ ይደርሳል እንደሚባለው ባይተች ጥሩ ነበር መዘመር መብቱ ነው መዝፈንም መብቱ ነው ሀጢአቱ ለራሱ	0	1	0	0	0	0
amh_train_track1_3472	ሶማሊያ ቲክቶክ እና ቴሌግራምን አገደች፣ የኬንያ ምክር ቤት ቲክቶክን በማገድ ላይ ተወያየ	0	0	0	0	0	0
amh_train_track1_3473	ወይ ቆቦ ጅብ እንኳን አሕያን ሲበላት መጀመሪያ ከታች ብሽሽሽቷን ነው ታድያ ወንድሜ መሐል ወሎ ኒኒኒ በር መሽጎ ሕዝብ እየታረዴ ቆቦ ደረስን እረ አታስቀኝ የአብይ ወታደር ሊብሶ ወያኔ ኒኒኒ በር ወይም በወያኔ አጠራር አሳር በር በደርግ ጦርነት ያውቋታል	1	0	0	0	0	0
amh_train_track1_3474	አንተ ሆዳም ውሻታም ልትዘርፍ ነው ዘራፊ።	1	1	0	0	0	0
amh_train_track1_3475	ጀብ ከሄደ አህያ ጩህ ነው ነገሩ	0	0	0	0	0	0
amh_train_track1_3476	ውሸት ነው ሙሉ አማራ ክልል ተሰራስቦርት የለም ከወረዳ ወረዳ ትራስቧርት የለም ደውላችሁ መጠየቅ ይቻላል እናተም አትሠሳቱ ድል ለፋኖ	1	0	0	0	0	0
amh_train_track1_3477	እነተ ነቾህ ገርዶች ቂጥ አጣቤ ሁላቱቱ ሸታቶች 	0	1	0	0	0	0
amh_train_track1_3478	መና ፍስሃ እና ትርሃስ በደንብ ተረድታችኋታል ዋንያን በሁለት መንገድ ማገናዘባችሁ ማስተዋላችሁ በጣም ጥሩ ነው 	0	0	0	0	1	0
amh_train_track1_3479	በጣም አመሰግናለሁ እግዚአብሔር ይባርክህ ከነቤተሰቦችህ። ሳላስበው ስሜታዊ እየሆንኩ ነው መልስ መመለስ ለማዪገባኝ የምመልሰው አመሰግናለሁ።	0	0	0	0	1	0
amh_train_track1_3480	ሲጀመር ሀማስ ሞት እዳለ ያምናል ግን አይፈራም እነሱኮ ጀግኖች ናቸው ድል ለሀማስ	0	0	0	0	0	0
amh_train_track1_3481	FYI ፈጣሪ ጥቁርም ነጭም አይደለም። ፈጣሪ መንፈስ ነው።	0	0	0	0	0	0
amh_train_track1_3482	ግፍሌ በጣም ጥሩ ሙቅ ሻውር አላቸው	0	0	0	0	1	0
amh_train_track1_3483	አቶ ገብረ ህይወት ተብየው የሚገርም ጉደኛ ስው ነው አማራ ተውላጁ የችግሩ ባለቤት የፕሪቶርያው ስምምነት የአማራ ህዝብን ጥቅም ግንዛቤ ውስጥ ያልከተተ እና አማራ ህዝብን የጎዳ ነው ብሎ ሲለው እሱ ችግር የለውም ብሎ እንዴት ይላል ሲጀመር እሱ እዚህ ውይይት ላይ የቀረበው ትግራይን ወክሎ ነው ለምንድን ነው ስምምነቱ አማራ ላይ ያመጣው ችግር አለ ብሎ የችግሩ ባለቤት አማራው ዶር ሃይለማርያም ሲነግረው እሱ ስለ ማይገባው ጉዳይ ስምምነቱ ለአማራ 	0	1	0	0	0	1
amh_train_track1_3484	ትላንት በቅዳሴ እጃቸውን የሳምናቸው ካህን ያማል ፈጣሪ ፍርዱ እየቀረበ ነው	0	0	0	1	0	0
amh_train_track1_3485	ዶክተር ዐብይ ከነበሩብን የታሪክ ዕዳዎች ተላቀን የኢትዮጵያን አኩሪና ነባር ታሪካዊ ዕድሎች በመጠቀም ያሉንን በጎ አጋጣሚና ሁኔታ ያገናዘበ ዘመኑንን የዋጀ ውሳኔና ተግባራትን በመፈጸም የሀገሪቷን ከፍታ ለማረጋገጥ እየሰራ ያለ ድንቅ መሪ ነው	0	0	0	0	1	0
amh_train_track1_3486	ህንጻ መች ጠፍ ጸባያችን ከፋ እንጅ ፍቅር ጠፋ	0	0	0	1	0	0
amh_train_track1_3487	እንዴ ገብተንስ ቀልደኞች እዛ ያለውን ሞት በየቀኑ እየሰማን ብንታገትስ ምንድነው ዋስትናችን ምንድነው አትቀልዱ	1	0	0	0	0	0
amh_train_track1_3488	“አንዳንድ ጊዜ ከካሜራ ጀርባ ቆሜ አለቅሳለሁ” የጋዛው ጋዜጠኛ	0	0	0	1	0	0
amh_train_track1_3489	በቁምህ ነዉ የሞትክ ከንቱ የከንቱ ከንቱ😭😭😭	0	1	0	0	0	0
amh_train_track1_3490	ጠብና ጥላቻን ውሸትን የሚነዛው ዴያቢሎስና ጭፍሮቹ ናቸው ለምን አንድነትን ሰላምን ፍቅርን ማውራት አቃተህ ኢየሱስ እኮ የመስቀል ሞት የሞተው ሰው ከገሃነም እሳት	1	0	0	1	0	0
amh_train_track1_3491	ጋላናጁታ በ1ቂጥ እንራ አላችሁ ምነው ገና ፍቅር በፍቅር ለመሆን ቼኮላችሁ?	0	1	0	0	0	0
amh_train_track1_3492	እንዴት በጥይት የተመታ ሰው በራይድ ታክስ ይወሰዳል ሀገሩ ላይ አምቡላንስ የለም በጣም ያሳዝናል	0	0	0	1	0	0
amh_train_track1_3493	አማራ ብልጽግና ክፍተት አለባቹሁ መሥራት ያለባቹሁን በወቅቱ ሠርታቹሁ ቢሆን ይህ ቀውስ አይመጣም ነበር።የሕዝቡን ስነልቦናታውቃላቹሁየተጎደ ውስጡ የቆሰለ ማሐበ	1	0	0	1	0	0
amh_train_track1_3494	የህይወትን ቃል ያደማልን እኔ ግን በእውነት እግዚአብሔር በሚያውቀው ወይ ማኅበረ ቅዱሳን ወይ ማኅበር ጽዮን ላይ የሚመጡ መምህር ከዘፍጥረ እስከ ራዕይ ያለውን ሙሉ ሙሉ ክፍሉን እያነበቡ መቼ ነው የሚተረጉምሉን ብዩ ሁሌ አስባለው አይቼ አላውቅማበርግጥ በመጽሐፍ መልክ ተዘጋጅተው አይቼ ይሆናልበስብከት መልክ ግን ገጥሞኝ አያውቅም ተው ግን ጀምሩ ማኅበረ ቅዱሳንእና መግቢያ ላይ ያለውን መዝሙር ደግሞ ብትነግሩን ደስ ይለናል	0	0	0	0	0	0
amh_train_track1_3495	እረ አቤቤቤት እረ ምን ጉድ ነው የሚስማው እረ የምድሪቱዋ እሀደግ የመረዘው ቆሻሻሻ ይጠፋል ስንል ጭራሽ በዚህ መንግስት ይባስ እረ እግዚአብሔር ይሄ ሁሉ ሀጥያት እየተደረገ መቼ ነው ስምተህን የሚስኪኑን ፍርድ የምትፈርደው እረ ኡኡኡ የሚያስብለው ጆሮዋችን የንፁሀንንን ጭኃት እየስማ አይናችን የሚስኪኖችን ግፍ በማየት አገሽገሽን ጭራሽ ከድጡ ወደማጡ እንግባ እረ እግዚአብሔር ተለመነን ቢያንስ እንደነዚህ ላሉት ህፃናት	0	0	0	1	0	0
amh_train_track1_3496	ኤርሚያስ ለገሰ ሀብታሙ አያሌው አገር ሁሌ በመቃወም አትገነባም መሪ ጥሩ ሲሰራ መደገፍ ሲሰሳት ትክክክል አይደለህም ብሎ መተቸት ተገቢ ነው ግን ዝም ብሎ በድፍን ጥላቻ አብይን መሳደብ ፕሮግራማችሁ የተቋቋቋመው አገር ለመገንባት እንጅ አብይን ለመሳደብ አይመስለኝም ነበር ቆይ ትግራይ ቲቪ DW ቲቪ አብይን ሲሳደቡ ነው የሚውሉት እናተ ደግሞ እንደነሱ መሆናችሁ አሳዝኖኛል ሁሌ መተቸት ለውጥ አያመጣም መፍትሔ መሥጠት ነው ለውጥ የሚ	1	0	0	0	0	0
amh_train_track1_3497	Nate ሞት ፍርድ ፈረድክ በቃ? ሳህለወርቅ ሞት ፍርድ አታፀድቅም ሲባል ሰምቻለው ና በቃ ብሬዝዳንት ሁን እሱ Make sense ያደርጋል ?	0	1	0	0	0	0
amh_train_track1_3498	ወያኔነት ገንፍሎ ሲወጣ የማይታወቃችሁ ነገር ደስ ይለኛል! መዥገር መሽቁቅነታችሁ ድንገት ከተደበቀችበት ብቅ ብላ መንጋውን ሳይቀር ታስደነግጣለች! Keep it up ገና ጨርቃችሁን ጥላችሁ እንደ ሱሰኛ የሃብታም ልጅ ታብዳላችሁ!	0	1	0	0	1	0
amh_train_track1_3499	ፊሊፖስየየ የኔ ቀውስ እሱ ከሌለ እኮ ደሜ አይሰራም እናተ ቱርኮች የሚላት ነገር እኔም ቱርካዊት ነኝ ምን ታመጣለህ 	1	0	0	0	0	0
amh_train_track1_3500	ጦርነት በግር ግር አገራችንን ለማሰቃየት ነው ኢትዮጵየን አትንኩ የርስ በርሱም ጠላት ያዘጋጀልን አጀንዳ ስለሆነ አኛንአርስ በርስ እንድኘጫረሱ አደረጉን በሴራቸው አስራቡን እኛ ግን በሌላው ሴራአለመንቃታችንይገርማል እናት የወለደችው ልጅ እርስ በርስአባልተው አሁን ላይ የኛንአለመስማማት በመረዳት እራሣቸለው ሊዘምቱብን ወደብ ምክንያት አርገው ጠላቶች አያበሩብን ነው	1	0	0	0	0	0
amh_train_track1_3501	መዘናጋት የለም ዛሬም አጀንዳችን ቤተክርስቲያናችን የሚመጣው ከዚህ የከፋ ነው ተዘጋጅታቹ ጠብቁ አዋሽ ባንክ ፀረኦርቶዶክስ ባንክ ትብብር የለንም ከጠላቶቻችን ጋር	0	1	0	0	0	0
amh_train_track1_3502	እፍፍ የሚናገሩት ሁሉም ነገር ትክክል ነው መፍትሔ ምን ይሁን በዝህ ስቃይ ቁጭ የኔ ነው	0	0	0	1	0	0
amh_train_track1_3503	የምፈርያት አስተያየት የኦሮሙማ መላው አ.አ፣ደብብብን፣ቤሻንጉልን የመሰልቀጥ አካሄድ ተገንዝባ ብአድን እሬሳ ሙትቻ በመሆኑ ኢትዮጵያን አስልቀጣ ከወረራ ለመጠበቅ ኦሮሙማን በሐይል ሚዛን ለመጠበቅ ትነግን በድርድር መመመለስ አለበት የሚል ድምዳሜ የደረሱ ይመስለኛል ትነግ ገንዘብ፣መሳርያ ፣ወታደር አለው የኦሮሙማን አደገኛ መራና የስልቀጣ እቅድ በሚዛን ለማስጠበቅ ይጠቅማል በሚል እሳቤ ቢሆንስ ? የአማራውን የሬሳ ስብስቦች ለራሳቸውም ያልሆኑ ድኩማ	1	1	0	0	0	0
amh_train_track1_3504	ህንዳውያኑ የጽዳት ሰራተኞች በጋራ በገዙት ሎተሪ 1.2 ሚሊዮን ዶላር አሸናፊ ሆኑ	0	0	0	0	0	0
amh_train_track1_3505	ብአዴን ማለት የአማራ ህዝብ ጠላት ነው	0	1	0	0	0	0
amh_train_track1_3506	ከመጣ ጀምሮ ሲሰራበት የነበረ እኮ ነው። ድንገት የተከሰተ አይደለም። አላማው የነበረው ከውስጥ ገብቶ መዋቅሩን ተቆጣጥሮ አዳክሞ መጣል ነበር የፈለገው። አሁን ወደ pla	1	1	0	0	0	0
amh_train_track1_3507	አለም ዛሬ የሰጠህዉ አስተያየት እጅግ እንድረዳህ አድርጎኛልና የዘወትር አድናቂህ ነኝ በስሜታዊነት 1ጊዜ 2 ጊዜ ለሰጠሁህ አስተያየት ከልብ ይቅርታ እንድታደርግልኝ እጠይቃለሁ መጭዉ ጊዜ የሰላም የፍቅር የመተማመንየጤናና የዕድገት እንዲሆን እመኛለሁሰላምሰላምሰላም 	0	0	0	0	1	0
amh_train_track1_3508	እኔ ደሙ 2 ኛ ነኝ ደስ አይልም ግን አሁን ላይ አሳዩኝ እሺ የምወዳቸው  ቶሎ በሉ	0	0	0	0	0	0
amh_train_track1_3509	ዶር ኣቢይ እንዳሉት እኔ በጣም ለማኝ ነኝ  በሄዱ ስጡኝ ኣሳፋፊ ነገር ነው 	0	0	0	0	0	0
amh_train_track1_3510	ወይኔ በጣም ይገርማል የ50 አለቃን ገብሬ ልጅ ማየት እንዴት ደስ ይላል የተናገርካቸው ነገሮች ሁሉ እማማ ትነግረን ነበር እንዴት በጣም ይወደው ነበር የመጀመሪያ ልጄ እንዴት የደግ ዘመን ነበር እማማ ብቻ ነበረች ስጋ አባትህ እንድትሰጠው የሚፈቅድላት ለሙክሪያ ያላት ክብር ከሰራዊቱጋ ሳንደቃላም አብሮ እንደሚሰቅል አማማ ትነግረን ነበር የአስካለ ብርሃኔ ልጅ ነኝ ንገርል እንደዚህ መለያችንን አበሳችን ሁሉ ያቃል በጣም ይገርማል ሻለቃ ተፈራ ወል	0	0	0	0	1	1
amh_train_track1_3511	በምድር ላይ ሰው ቢፈለግ እንደ አብይ አህመድ አይነት አረመኔ የሆነ ሰው አይኖርም የእርሱኮ ሲደርስብህ ቀርቶ ስታስበው ይዘገንናል	0	1	0	0	0	0
amh_train_track1_3512	መና ያምሻል እንዴ በጣም ባለጌ ነሽ ይህ ሰው እኮ አሜሪካ ቢሆን ይታሰር ነበር እኮ እንደዚ እየደበደባት አብሮት ይሁን ስትይ አታፊሪም እንደዚ እያሰቃያት ስቃይዋ እኮ እንባዋ ላይ ያስታውቃል ሰው ፊት እንደዚ ካረጋት ብቻዋንማ አሰብኩት ስታሳዝን መና እምትባይ ግን በጣም ታሳፊሪያለሽ ልጅቶ የወደደችው እራሱ በጤናዋ አደለም ሴጣን ነው እንጂ እግዚአብሔር ይድፍው የተረገመ እርኩስ እሶ አይምሮዋ ታክማ ብትድን በራሶ ታዝናለች እንኮን አብራው ልትሆን	1	1	0	0	0	0
amh_train_track1_3513	ጀዋር በፍጠርክ ጌታ በአላህ ይሁንብክ አገራችንን ኢትዮጵያን እንድትርጋጋ የናንተ ተፃኖ ያስፍልጋታል አገራችንን ሁሉንም ተውና ይቺን አገር አርጋጉልን ሞት አለ አትርሱ አላህ ፊት መቆም መጠየቅ አለ አላህ ለሰጣቹ አላፊነት ምላሻቹ ምንድነው በቃን በብኤር በአይማኖተ ተገደልን ብሎም ተሰደድን እስኪ እነሱ በከፍሉት መስዋህትነት ቀሪው ህዝብ በሰላም እንዲኖር የበኩላቹን አድርጉልን መንግስትን በሰላማዊ መንገድ በቃ በቃ በሉልን አላህ ለህዝቦቹ የሰጠው	0	0	0	1	0	0
amh_train_track1_3514	ይህንን ለመፍታት ጥሩ ስራ እየሰራችሁ እንዳለ ሁሉ በሀይማኖት በኩልም ተነሳዉን ጉዳይ ለመፍታት ጥረት ቢደረግ መልካም ነዉ፤፤ የእምነት ጉዳይ አቅሎ ማየት ጥሩ አይመስለኝም ፡፡	0	0	0	0	1	0
amh_train_track1_3515	እሱስ የተፈጥሮ ሞት ነው ኢትዮጵያ ውስጥ በመንግስት የሚሞተው ማን ነብስ ይማር ይበለው ለማንኛውም ነብስ ይማር	0	0	0	1	0	0
amh_train_track1_3516	ብኦሮሞ ስም መጥተህ ኤርትራውያን ሰድበህ ባንተ ቆሻሻ ጨዋታ ልታስገባን ትንሽ መሰልጠን አለብህ የኦሮሞ ሕዝብ የተከበረ ነው	1	1	0	0	0	0
amh_train_track1_3517	ያንተ ተከፍቶ አየነው መንጋ ሱማሊላንድ ቀይባህር ነች ስትባል አዋ የምትል 30ሚሊየን ህዝብ ተርቦ ከ5 ሚሊየን ህዝብ በላይ ተፈናቅሎ 600 ልማታዊ ፍብሪካዋች ተዘግተው ከ4 ቢሊየን አመታዊ ገቢ ወደ 2 ቢሊየን ዝቅ ባለበት 33 ሚሊየን እዳ መክፈል ያቃታት ሀገር ነች አይምሮህ የተከፈተው ሰውየ ደግሞ የምትለው ነዳጅ ተብለን ተንበሸበሽን ዝናብ ታዘንባላቹ እንደዱቄት የተበተነ ጋር ትደራደራላቹ እኩያን በሌላው የደረሰው ግፍ መከራ መፈናቀል ግድያ 	1	0	0	0	0	0
amh_train_track1_3518	የማን ዘር ጎመንዘር ታድያ ስምህን አስቀይረህ ቴውድሮስ አስብላ ለስምንተኛው ንጉስነት እንድትታጭ። ከልጅ እስከ አዋቂ የስልጧን ፍቅራቸው የሚገርም ነው።	0	1	0	0	0	0
amh_train_track1_3519	እነርሱ ስለማይታሰሩና ስለማይሳደዱ ስለማይገደሉ ከነቤተሰባቸው እየተንደላቀቁ ስለሆነ በብዙኃኑ ሰቆቃ ስቃይ ሞት ይሳለቁበት ምን ይደረጋል ይዝፈኑበት እንደፈለጉ ጊዜ ይፈታው ይሆናል መጠበቅ ነው	1	0	0	1	0	0
amh_train_track1_3520	ይሄ ሽብር የሚባለው ፍረጃ በቃ ትርጉሙ አልገባ አለን እኮ ሴትና ህፃናት በተኙበት ቤትን በእሳት የሚለኩሱ ፅንስን ከሆድ ቀደው የሚያወጡ ምንድነው የሚባሉት? ጀግና? አይ የIQ ዝቅተኝነት	1	1	0	1	0	0
amh_train_track1_3521	አቦ ፕሬዚዳንቱ ሌባ ነው በህግ ሊጠየቅና የበላውን ገንዘብ ማስመለስ ብሎም በእምነት ማጉደል ከስራ ሊሰናበት ይገባል ከዚህ የከፋ ወንጀል ሰንሰለት ውስጥ የገቡና የህዝብን ደም እንደመዥገር የመጠጡ ናቸው	1	1	0	0	0	0
amh_train_track1_3522	ወንድሞቼ አላህ ነስር ያምጣላችሁ ያረብ ወላሂ በድአ ከጎናችሁ ነኝ እስራኢል ወራሪ ከሀዲ የሁድይ ናት አላህ ሽፈት ያከናንብሽ ያረብ አላህ ያዋርድሽ ኢሻአላህ መዋረድሽ አይቀርም ድል ለሀማስ ድል ለፍልስጢን የአላህ ነስር ቅርብ ነው ብትሞቱም ጀግንነታችሁን አስመስክራችጏል ሞት አይቀር የጀግንነት ጥግ እስራኤል ጀግንነቷ ህፆን አዛውንት ሴት በአየር መጨፍጨፍ የሽፈት ጥግ አየው እንደ እስራኤል ፈሪ የለም በኔ እምነት የፈሪ ብትር እ	0	1	0	1	0	0
amh_train_track1_3523	የማዳም ቅመሞች ዛሬ ጭንቀት ሊገለኝ ነው ምን እንደሆኩ ሳላውቅ 	0	0	1	1	0	0
amh_train_track1_3524	ለስሙ ተውልጄ ያደኩት ኦርቶዶክስ ነን ከሚሉ ቤተስብ ነበር ምን ዋጋ አለው አብልተ አጠጥተው አልብስው አኖሩኝ እንጂ ይህንን የዳቢሎስ ወረራ መቼ አይተው አሳዩን እርኩሱንም ቅዲሱንም እያጨማለቅን አድገን ወይ ለቤተክርስቲያን አልሆንን ወይ ለራሳችን አልሆንን እንድችው በአዙሪ ተይዘን ወደ አሰብነው ሳይሆ ዳቢሎስ ወደፈለገው ሲያሽከረክረን ይሄው እራሴን መውጣት የማልችልበት ቅርቃር ውስጥ እራሴን አገኘሁት  ይህሄ ሁሉ በኔም ህይወት ሲከናወን አላቀ	1	1	0	1	0	0
amh_train_track1_3525	እውነት በጣም ያማል ያቺ ብልፅግናን ደግፌ የወጣሁበት ቀን የተረገመች ቀን ናት ፍትህ	0	0	0	1	0	0
amh_train_track1_3526	ኦሮሙኛ በምንም ምክንያት የፌድራል ቋንቋ አይሆንም የምትናገርውን ነገር የማይገባህ ወይንም ንግግርህ የማታምንበት በፍርሀትህ ውጤት መሆን አለበት ማለት ነው  አማርኛ በዘመን ጉዞ ና በታሪክ አጋጣሚ በተለይ የትግራዩ ንጉስ አፄ ዮሀንስ የቤተመንግስትና የኢትዮጵያ የስራ ቋንቋ ያደረጉት ብሄራዊ መግባቢያ እንጂ ዛሬ የኦሮሞ ጎሰኞች ኦሮሙኛን ማድርግ እንደሚፈልጉት በሴራና በድርድር የሀገር ማስተዳደሪያ የተደረገ ቋንቋ አይደለም መጀመሪያ እስቲ የኦሮሞ	1	0	0	0	0	0
amh_train_track1_3527	ተሣክቶልኛል ቤዬሱስ ስም ሀመን።	0	0	0	0	1	0
amh_train_track1_3528	2 ቆሻሻ ማስወገጆ ኦሮሚያ ውሃ ኦሮሚያ ስንዴ ከኦሮሚያ አረ ስንቱ ታዲያ ይህን ትልቅ ህዝብ ጠልተህ የት ልትደርስ ሲቀጥል ኦሮሞን ጠልተህ ኢትያ ብሎ ነገር የለም ለቆሞ ቀሮች ይሰማል i am not oromo 	1	1	0	0	0	0
amh_train_track1_3529	ግን የመስዑዴ ነገር እህት ማለት  የራሷ ልጅ ታቅፋ ማየት ጓጓዉ	0	0	0	0	1	0
amh_train_track1_3530	አባቶች እንዲህ እስኪሉ ምን እየሰራችሁ ይሆን? ወደማንመለስበት ቀውስ እየገባን እንደሆነ አጣችሁን? ለምን? ለምን ?	0	0	0	1	0	0
amh_train_track1_3531	የቀድሞው የፓኪስታን መሪ ኢምራ ካን ትዳራቸው እስላማዊ አልነበረም ተብለው 7 ዓመት ተፈረደባቸው	0	0	0	0	0	0
amh_train_track1_3532	በለገጣፎ ለገዳዲ ክፍለ ከተማ ቄስ ሰፈር እየተባለ በሚጠራው አካባቢ ቤታቸው የፈረሰባቸው ሰዎች ቤታቸው ውስጥ እንዳሉ አፍራሽ ግብረ ኃይሉ ድንገት መጥቶ ቆርቆሮ መንቀል እንደጀመረ ተናግረዋል።	0	0	0	1	0	0
amh_train_track1_3533	ልክ ነሽ ግን ለመጎብኘቷ ሲል እሷን ሲያስብ ስሞት የምትለዋ ውልብ ብላበታለች የሚገርም ነው 700 አመት እንዲህ ጠብቆ ማቆየት እያለ ምራቁን ሲያዝረበርብ ነበር	0	1	0	0	0	0
amh_train_track1_3534	ዘፍጥረት 1 ¯¯¯ ²⁶ እግዚአብሔርም አለ፦ ሰውን በመልካችን እንደ ምሳሌአችን እንፍጠር፤ የባሕር ዓሦችንና የሰማይ ወፎችን፥ እንስሳትንና ምድርን ሁሉ፥ በምድር ላይ የሚንቀሳቀሱትንም ሁሉ ይግዙ። ²⁷ እግዚአብሔርም ሰውን በመልኩ ፈጠረ፤ በእግዚአብሔር መልክ ፈጠረው፤ ወንድና ሴት አድርጎ ፈጠራቸው።	0	0	0	0	0	0
amh_train_track1_3535	እረ አለም ነዋሴ ለማነው ዜናው በእንግሊዘኛ ወይስ ነጮችም ይሰሙሀል ቀልደኛ	0	1	0	0	0	0
amh_train_track1_3536	እና በራሷ ጥፋት አውሬ መሆን ነበርባት እንደ	1	0	0	0	0	0
amh_train_track1_3537	ወደ ጦርነት በግዳጅ አፍሶ ያዘያዘመቱት እና ሟቾቹም ውሃ የሚተፋ አደለም ታጥቀው የሄዱት ሊገሉና ሊሞቱም ነው ነገር ግን ያዘመቷቸው መርዶ አርጂ መሆናቸው ያሳዝናል አስጨፍጫፊ	1	0	0	1	0	0
amh_train_track1_3538	እምዬ ኢትዮጵያ ይመርልሽ ሰብሉ አውድማው ጓተራውሽ ይሁንልሽ ሙሉ በቸር ውሎ ይደር ጋራው ሸንተረርሽ ወንዛወንዝሽ ሁሉ የሚሏትን ዘፈን ድንገት ሰማውና እንዴት ቢወዳት ነው	0	0	0	0	0	0
amh_train_track1_3539	መዘባረቅ ጥሩ ሆኖ ሳለ መጅሊሱ በአምባ ገነኖች ቅኝ ግዛት ውስጥ መሆኑን መርሳት ደግሞ መርጦ አልቃሽ ያስብላል፣ ባባ!	1	1	0	0	0	0
amh_train_track1_3540	አንተ ሆዳም የአብይ ሽንት ጨርቅ በሉልኝ 🖕	1	1	0	0	0	0
amh_train_track1_3541	ሰዓት ሰአት ሚሉት በጠራራ ፀሀይ አይደለ ወንድሞቻችንን መንግስት የገደላቸዉ ፀብ ጫሪ ኦርቶዶክሳዉያን የሉም ግን መንግስት በዓል ሲደርስ ላዉ ላይ የሰፈረበት አጋንንት በዓል በሰላም እንዳይከበር ያደርጋል እግዚአብሔር በሰላም በዓሉን ያሳልፍልን	0	1	0	1	0	0
amh_train_track1_3542	እንደ ኤርሚያስ አይነቱ ጎጠኛ 247 አማራ እንዳይደራጅ ህብረት እንዳይፈጥር በኢትዮጵያዊነት ጭምብል የነሱን አጀንዳ ያስፈፅማል የተነቃ ሲመስለው እንደሱ ያሉ ኦሮሞዎች የተካኑበትን የ	1	1	0	0	0	0
amh_train_track1_3543	አማኑኤል የህውሃት ፎቢያ ያለብህ ይመስለኛል 27 ዓመቱን መዓት አልክ ይልቅ ያለፉት 5ዓመታት ነው መዓት	1	0	0	0	0	0
amh_train_track1_3544	ሞት ነው ወይ መከራ ከክርስቶስ ዘንድ የሚለየን	0	0	0	0	0	0
amh_train_track1_3545	ሲጀመር የወረረ የለም ሲቀጥል የሃገርን ጥቅም ማስቀደም እንደ እንስሳ ማሰብ ከሆነ ሌሎች ሃገራት ይሄን ሲያደርጉ እንደ እስሳ አስበው ነው ሲቀጥል ስለጦርነት ያነሳ ማነው አንተ እና መሰሉችህ በጥላቻ ተሞልታቹ እራሳቹ ያሰባችሁትን መናገራቹ ተገቢ አይደለም ተረጋጋና አስብ በስሜታዊነት ሳይሆን መናገር ያለብህ በምክንያታዊነት ይሁን	1	0	0	0	0	0
amh_train_track1_3546	ምኑን ሊትመሪዉ ነዉ ህዝቡ አለቀኮ የሚገርመኝ ከየት ነዉ የሚፈልቁት ግን	0	0	0	0	0	0
amh_train_track1_3547	ሁሉም ሲፋቅ ብሄርተኝቱ ግልጽ ብሎ ይወጣል። በኢትዮጵያዊት የምትታበሉ ከንቱ ድኩማን ናችሁ።	0	1	0	0	0	0
amh_train_track1_3548	አየር ሀየል አገር ማሸበር ነው የያዘው የኤርትራ ጦር እና የሱዳን ጦር የአገሪቷ ለአላዊ ነት ደፍሮው እያሉ ያሳዝናል 	0	0	0	1	0	0
amh_train_track1_3549	እንደ ሆስፒታል እውቅና ሲያንሰን ነው ያው ዶር አንተ የምታውቀው ስለሆነ እዚህ ላይ ማብራሪያ አልሰጥም ግን በተሸላሚዎች ምርጫ ላይ ቅሬታ ነበር ለምሳሌ ሁሉም ሰው ያነ	0	0	0	1	0	0
